非集成业务场景清单,,,,,,,,,,,,,,,,,
序号,一级目录,二级目录,三级目录编码,三级目录,业务场景编码,明细业务场景,涉及借方科目,涉及贷方科目,业务场景说明,"对应表单名称
（主表单）","对应表单名称
（业务信息表）",支持性附件名称,表单设计单位,表单设计人,场景状态,备注,
1,采购至应付,员工差旅,A1_02_0001,出差申请,A01001,出差申请,申请无核算,申请无核算,是指业务人员在业务服务平台创建出差申请及行程确认单，完成业务审批，通过商旅平台预订或以个人垫付形式预订交通工具及住宿,出差申请单,,员工出差乘坐飞机审批表,西安中心,"王娟、李婉琪、段婷
王莎莎、王丹
李骁",正常,,
2,采购至应付,员工差旅,A1_02_0002,差旅费报销,A01002,差旅费报销,"5042000000差旅费
5038000000会议费
2211008000职工教育经费
5023010000办公费-办公车辆路桥、停车费
5044110000商旅服务费
2241024000党组织工作经费
2241025000托管党费
2211007000工会经费
4301001002安全生产费用
2241008000安保基金
6711022998维稳支出
5098000000其他费用
5047120000团组织工作经费
5048140000施工调遣费
2211002998其他福利费
2211011997其他人员劳务费
6711013000 营业外支出-其他支出 
2211002003应付职工薪酬-应付福利费-福利费支出-疗养费
2211002010应付职工薪酬-应付福利费-福利费支出-探亲路费
5010120000员工费用-福利费
2221001031应交税费-应交税金-待认证进项税额
2221001003应交税费-应交税金-应交增值税-进项税额-进项税额
2221001004应交税费-应交税金-应交增值税-进项税额-旅客运输服务","2241030000其他应付款-内部短期款项
2241026000其他应付款-员工报销集中支付
2221001995应交税费-应交税金-应交增值税-进项税额转出-其他
2221001009应交税费-应交税金-应交增值税-进项税额转出-集体福利、个人消费
2211002001应付职工薪酬-应付福利费-提取数
2241028000其他应付款-代垫商旅款项
2202001000应付账款-应付账款
1185001000备用金-备用金
1123000000预付账款",是指业务人员在出差结束后发起报销，经过业务审批后，在共享中心完成账务处理及个人垫付费用、补助金额支付,差旅费报销单,差旅费报销单,员工出差乘坐飞机审批表,西安中心,"王娟、李婉琪、段婷
王莎莎、王丹
李骁",正常,,
3,采购至应付,员工差旅,A1_02_0003,商旅结算及发票配送,A01003,商旅已报销模式结算-发票配送,"2202001000应付账款-应付账款
2241028000其他应付款-代垫商旅款项
2221001003应交税费-应交税金-应交增值税-进项税额-进项税额","2221001031应交税费-应交税金-待认证进项税额
2241030000其他应付款-内部短期款项",是指商旅平台与业务单元按照员工已完成报销的商旅费用开具结算凭证并完成资金结算的业务,商旅结算及发票配送单,商旅结算及发票配送单-已报销,,成都中心,曹力,正常,,
4,采购至应付,事前申请,A1_01_0001,主办会议申请,A00001,主办会议申请,申请无核算,申请无核算,是指企业各部门主办会议，按照主办会议预计发生的场地租赁、会务服务、会展服务等相关事项填写事前申请，报销相关费用时必须挂接此申请,主办会议申请,,,成都中心,叶田,正常,,
5,采购至应付,事前申请,A1_01_0004,主办培训申请,A00004,主办培训申请,申请无核算,申请无核算,是指企业各部门举办公司内部、外部培训，按照主办培训预计发生的相关场地租赁、采购培训用品等相关事项填写事前申请，报销相关费用时必须挂接此申请,主办培训申请,,培训项目费用明细表,成都中心,郭东阳,正常,,
6,采购至应付,事前申请,A1_01_0002,业务招待申请,A00002,业务招待申请,申请无核算,申请无核算,是指企业因经营业务需要而发生的招待事项，需在招待发生前，填写此申请，报销相关费用时必须挂接此申请,业务招待申请单,,,西安中心,徐意,正常,,
7,采购至应付,事前申请,A1_01_0003,通用申请,A00003,通用申请,申请无核算,申请无核算,是指按照企业管理规定，在发生指定事项前，填写本申请，报销相关费用时必须挂接此申请,通用申请单,,,大庆中心,夏天,正常,,
8,采购至应付,事前申请,A1_01_0006,参加会议申请,A00006,参加会议申请单,申请无核算,申请无核算,是指员工按照相关会议通知申请参加会议填写的事前申请，需在参加会议前，填写此申请，报销相关费用时必须挂接此申请,参加会议申请单,,,成都中心,叶田,正常,,
9,采购至应付,事前申请,A1_01_0009,购买餐票申请,A00013,购买餐票申请单,申请无核算,申请无核算,主要承载所属集团股份总部购买食堂就餐餐票业务,购买餐票申请单,,,大庆中心,夏天,正常,,
10,采购至应付,费用报销,A1_03_0001,费用报销,A02001,结算购买办公用品,"5023040000办公费-文具纸张费用
5023070000办公费-办公耗材
5023090098办公费-其他办公费用
2221001003应交税费-应交税金-应交增值税-进项税额-进项税额 
2228001004应交境外税金-应交增值税-进项税额","2221001009应交税费-应交税金-应交增值税-进项税额转出-集体福利、个人消费
2221001995应交税费-应交税金-应交增值税-进项税额转出-其他
2202001000应付账款-应付账款
2221001080应交税费-应交税金-个人所得税
2241下所有明细科目
1012011000其他货币资金-加油（气）站资金
1013001000内部存款-内部结算存款
2228001002应交境外税金-应交增值税-销项税额
2228011001应交境外税金-代扣代缴税-代扣代缴增值税
2228011002应交境外税金-代扣代缴税-代扣企业所得税
2228011998应交境外税金-代扣代缴税-其他
2228023000应交境外税金-预扣税",是指企业各部门日常发生的购买办公用品相关费用，通过填写费用报销单，以立即支付或挂账的方式结算,费用报销单,购买办公用品验收汇总表,,西安中心,王娟,正常,,
11,采购至应付,费用报销,A1_03_0001,费用报销,A02002,结算通讯费,"5023030100 办公费-通讯费-电话费
5023030200 办公费-通讯费-其他通讯费用
2221001003应交税费-应交税金-应交增值税-进项税额-进项税额
2228001004应交境外税金-应交增值税-进项税额","2221001009应交税费-应交税金-应交增值税-进项税额转出-集体福利、个人消费
2221001995应交税费-应交税金-应交增值税-进项税额转出-其他
2202001000应付账款-应付账款
2221001080应交税费-应交税金-个人所得税
2241下所有明细科目
1012011000其他货币资金-加油（气）站资金
1013001000内部存款-内部结算存款
2228001002应交境外税金-应交增值税-销项税额
2228011001应交境外税金-代扣代缴税-代扣代缴增值税
2228011002应交境外税金-代扣代缴税-代扣企业所得税
2228011998应交境外税金-代扣代缴税-其他
2228023000应交境外税金-预扣税",是指企业各部门日常发生的通讯相关费用，包括固定电话、SIM卡、网络服务费、其他通讯费等，通过填写费用报销单，以立即支付或挂账的方式结算,费用报销单,通讯费结算汇总表,通讯费明细表,西安中心,王娟,正常,,
12,采购至应付,费用报销,A1_03_0001,费用报销,A02003,结算印刷费,"5023050000办公费-印刷费
2221001003应交税费-应交税金-应交增值税-进项税额-进项税额
2228001004应交境外税金-应交增值税-进项税额","2221001009应交税费-应交税金-应交增值税-进项税额转出-集体福利、个人消费
2221001995应交税费-应交税金-应交增值税-进项税额转出-其他
2202001000应付账款-应付账款
2221001080应交税费-应交税金-个人所得税
2241下所有明细科目
1012011000其他货币资金-加油（气）站资金
1013001000内部存款-内部结算存款
2228001002应交境外税金-应交增值税-销项税额
2228011001应交境外税金-代扣代缴税-代扣代缴增值税
2228011002应交境外税金-代扣代缴税-代扣企业所得税
2228011998应交境外税金-代扣代缴税-其他
2228023000应交境外税金-预扣税",是指企业各部门日常发生的印刷相关费用，包括打印、复印等，通过填写费用报销单，以立即支付或挂账的方式结算,费用报销单,印刷费结算汇总表,,西安中心,王娟,正常,,
13,采购至应付,费用报销,A1_03_0001,费用报销,A02004,结算购买发票费用,"5023020000办公费-发票费用
2221001003应交税费-应交税金-应交增值税-进项税额-进项税额
2228001004应交境外税金-应交增值税-进项税额","2221001009应交税费-应交税金-应交增值税-进项税额转出-集体福利、个人消费
2221001995应交税费-应交税金-应交增值税-进项税额转出-其他
2202001000应付账款-应付账款
2221001080应交税费-应交税金-个人所得税
2241下所有明细科目
1012011000其他货币资金-加油（气）站资金
1013001000内部存款-内部结算存款
2228001002应交境外税金-应交增值税-销项税额
2228011001应交境外税金-代扣代缴税-代扣代缴增值税
2228011002应交境外税金-代扣代缴税-代扣企业所得税
2228011998应交境外税金-代扣代缴税-其他
2228023000应交境外税金-预扣税",是指企业各部门日常发生的购买发票费用，通过填写费用报销单，以立即支付或挂账的方式结算,费用报销单,购买发票结算汇总表,,西安中心,王娟,正常,,
14,采购至应付,费用报销,A1_03_0001,费用报销,A02005,结算路桥停车费,"5023010000办公费-办公车辆路桥、停车费
2221001003应交税费-应交税金-应交增值税-进项税额-进项税额
2228001004应交境外税金-应交增值税-进项税额","2221001009应交税费-应交税金-应交增值税-进项税额转出-集体福利、个人消费
2221001995应交税费-应交税金-应交增值税-进项税额转出-其他
2202001000应付账款-应付账款
2221001080应交税费-应交税金-个人所得税
2241下所有明细科目
1012011000其他货币资金-加油（气）站资金
1013001000内部存款-内部结算存款
2228001002应交境外税金-应交增值税-销项税额
2228011001应交境外税金-代扣代缴税-代扣代缴增值税
2228011002应交境外税金-代扣代缴税-代扣企业所得税
2228011998应交境外税金-代扣代缴税-其他
2228023000应交境外税金-预扣税",是指企业各部门日常发生的路桥、停车费，通过填写费用报销单，以立即支付或挂账的方式结算,费用报销单,路桥停车费结算汇总表,路桥停车费明细表,西安中心,王娟,正常,,
15,采购至应付,费用报销,A1_03_0001,费用报销,A02006,结算公务车辆洗车费,"5023010000办公费-办公车辆路桥、停车费
2221001003应交税费-应交税金-应交增值税-进项税额-进项税额
2228001004应交境外税金-应交增值税-进项税额","2221001009应交税费-应交税金-应交增值税-进项税额转出-集体福利、个人消费
2221001995应交税费-应交税金-应交增值税-进项税额转出-其他
2202001000应付账款-应付账款
2221001080应交税费-应交税金-个人所得税
2241下所有明细科目
1012011000其他货币资金-加油（气）站资金
1013001000内部存款-内部结算存款
2228001002应交境外税金-应交增值税-销项税额
2228011001应交境外税金-代扣代缴税-代扣代缴增值税
2228011002应交境外税金-代扣代缴税-代扣企业所得税
2228011998应交境外税金-代扣代缴税-其他
2228023000应交境外税金-预扣税",是指企业各部门执行公务时使用的配备车辆发生的清洗费用，通过填写费用报销单，以立即支付或挂账的方式结算,费用报销单,公务车辆洗车费结算汇总表,,西安中心,王娟,正常,,
16,采购至应付,费用报销,A1_03_0001,费用报销,A02007,结算邮电费,"5023060000办公费-邮电费
2221001003应交税费-应交税金-应交增值税-进项税额-进项税额
2228001004应交境外税金-应交增值税-进项税额","2221001009应交税费-应交税金-应交增值税-进项税额转出-集体福利、个人消费
2221001995应交税费-应交税金-应交增值税-进项税额转出-其他
2202001000应付账款-应付账款
2221001080应交税费-应交税金-个人所得税
2241下所有明细科目
1012011000其他货币资金-加油（气）站资金
1013001000内部存款-内部结算存款
2228001002应交境外税金-应交增值税-销项税额
2228011001应交境外税金-代扣代缴税-代扣代缴增值税
2228011002应交境外税金-代扣代缴税-代扣企业所得税
2228011998应交境外税金-代扣代缴税-其他
2228023000应交境外税金-预扣税",是指企业各部门日常发生的邮电费，通过填写费用报销单，以立即支付或挂账的方式结算。,费用报销单,邮电费结算汇总表,寄件明细表,西安中心,王娟,正常,,
17,采购至应付,费用报销,A1_03_0001,费用报销,A02008,结算刻章费,"5023090098办公费-其他办公费用
2221001003应交税费-应交税金-应交增值税-进项税额-进项税额
2228001004应交境外税金-应交增值税-进项税额","2221001009应交税费-应交税金-应交增值税-进项税额转出-集体福利、个人消费
2221001995应交税费-应交税金-应交增值税-进项税额转出-其他
2202001000应付账款-应付账款
2221001080应交税费-应交税金-个人所得税
2241下所有明细科目
1012011000其他货币资金-加油（气）站资金
1013001000内部存款-内部结算存款
2228001002应交境外税金-应交增值税-销项税额
2228011001应交境外税金-代扣代缴税-代扣代缴增值税
2228011002应交境外税金-代扣代缴税-代扣企业所得税
2228011998应交境外税金-代扣代缴税-其他
2228023000应交境外税金-预扣税",是指企业各部门日常发生的刻章费，通过填写费用报销单，以立即支付或挂账的方式结算。,费用报销单,刻章费结算汇总表,,西安中心,王娟,正常,,
18,采购至应付,费用报销,A1_03_0001,费用报销,A02009,结算包装服务费,"5044020000包装费
2221001003应交税费-应交税金-应交增值税-进项税额-进项税额
2228001004应交境外税金-应交增值税-进项税额","2221001009应交税费-应交税金-应交增值税-进项税额转出-集体福利、个人消费
2221001995应交税费-应交税金-应交增值税-进项税额转出-其他
2202001000应付账款-应付账款
2221001080应交税费-应交税金-个人所得税
2241下所有明细科目
1012011000其他货币资金-加油（气）站资金
1013001000内部存款-内部结算存款
2228001002应交境外税金-应交增值税-销项税额
2228011001应交境外税金-代扣代缴税-代扣代缴增值税
2228011002应交境外税金-代扣代缴税-代扣企业所得税
2228011998应交境外税金-代扣代缴税-其他
2228023000应交境外税金-预扣税",是指企业各部门日常发生的包装服务费，通过填写费用报销单，以立即支付或挂账的方式结算。,费用报销单,包装服务费结算汇总表,,大庆中心,吴晶,正常,,
19,采购至应付,费用报销,A1_03_0001,费用报销,A02010,结算包装物费用,"5044020000包装费
2221001003应交税费-应交税金-应交增值税-进项税额-进项税额
2228001004应交境外税金-应交增值税-进项税额","2221001009应交税费-应交税金-应交增值税-进项税额转出-集体福利、个人消费
2221001995应交税费-应交税金-应交增值税-进项税额转出-其他
2202001000应付账款-应付账款
2221001080应交税费-应交税金-个人所得税
2241下所有明细科目
1012011000其他货币资金-加油（气）站资金
1013001000内部存款-内部结算存款
2228001002应交境外税金-应交增值税-销项税额
2228011001应交境外税金-代扣代缴税-代扣代缴增值税
2228011002应交境外税金-代扣代缴税-代扣企业所得税
2228011998应交境外税金-代扣代缴税-其他
2228023000应交境外税金-预扣税",是指企业各部门日常发生的与商品包装和包装材料相关且无订单的相关费用，通过填写费用报销单，以立即支付或挂账的方式结算,费用报销单,包装物费用结算汇总表,,大庆中心,李巍巍,正常,,
20,采购至应付,费用报销,A1_03_0001,费用报销,A02011,结算保管费,"5044050000保管费
2221001003应交税费-应交税金-应交增值税-进项税额-进项税额
2228001004应交境外税金-应交增值税-进项税额","2221001009应交税费-应交税金-应交增值税-进项税额转出-集体福利、个人消费
2221001995应交税费-应交税金-应交增值税-进项税额转出-其他
2202001000应付账款-应付账款
2221001080应交税费-应交税金-个人所得税
2241下所有明细科目
1012011000其他货币资金-加油（气）站资金
1013001000内部存款-内部结算存款
2228001002应交境外税金-应交增值税-销项税额
2228011001应交境外税金-代扣代缴税-代扣代缴增值税
2228011002应交境外税金-代扣代缴税-代扣企业所得税
2228011998应交境外税金-代扣代缴税-其他
2228023000应交境外税金-预扣税",是指本企业各部门日常发生的保管费，通过填写费用报销单，以立即支付或挂账的方式报销保管费。,费用报销单,保管费结算汇总表,,大庆中心,吴月明,正常,,
21,采购至应付,费用报销,A1_03_0001,费用报销,A02012,结算现金及雇员忠诚保证保险费,"5041000000财产保险费
2221001003应交税费-应交税金-应交增值税-进项税额-进项税额
2228001004应交境外税金-应交增值税-进项税额","2221001995应交税费-应交税金-应交增值税-进项税额转出-其他
2241008000其他应付款-应付财产险",是指企业各部门日常发生的各项与现金及雇员忠诚保证保险相关费用，通过填写费用报销单，以立即支付或挂账的方式结算,费用报销单,现金及雇员忠诚保证保险费结算汇总表,,成都中心,谢菊,正常,,
22,采购至应付,费用报销,A1_03_0001,费用报销,A02013,结算综合责任保险费,"5041000000财产保险费
2221001003应交税费-应交税金-应交增值税-进项税额-进项税额
2228001004应交境外税金-应交增值税-进项税额","2221001995应交税费-应交税金-应交增值税-进项税额转出-其他
2241008000其他应付款-应付财产险",是指企业各部门日常发生的与综合责任保险、综合责任超赔保险一层、综合责任超赔保险二层等相关费用，通过填写费用报销单，以立即支付或挂账的方式结算,费用报销单,综合责任超赔保险费结算汇总表,,成都中心,谢菊,正常,,
23,采购至应付,费用报销,A1_03_0001,费用报销,A02014,结算雇主责任保险费-国内,"5041000000财产保险费
2221001003应交税费-应交税金-应交增值税-进项税额-进项税额
2228001004应交境外税金-应交增值税-进项税额","2221001995应交税费-应交税金-应交增值税-进项税额转出-其他
2241008000其他应付款-应付财产险",是指企业各部门日常发生针对国内员工的雇主责任保险相关费用，通过填写费用报销单，以立即支付或挂账的方式结算,费用报销单,雇主责任保险费（国内）结算汇总表,,成都中心,谢菊,正常,,
24,采购至应付,费用报销,A1_03_0001,费用报销,A02373,结算雇主责任保险费-海外,"5041000000财产保险费
2221001003应交税费-应交税金-应交增值税-进项税额-进项税额
2228001004应交境外税金-应交增值税-进项税额","2221001995应交税费-应交税金-应交增值税-进项税额转出-其他
2241008000其他应付款-应付财产险",是指企业各部门日常发生针对海外员工的雇主责任保险相关费用，通过填写费用报销单，以立即支付或挂账的方式结算,费用报销单,雇主责任保险费（海外）结算汇总表,,成都中心,谢菊,正常,,
25,采购至应付,费用报销,A1_03_0001,费用报销,A02015,结算安全生产责任保险费,"5041000000财产保险费
2221001003应交税费-应交税金-应交增值税-进项税额-进项税额
2228001004应交境外税金-应交增值税-进项税额","2221001995应交税费-应交税金-应交增值税-进项税额转出-其他
2241008000其他应付款-应付财产险",是指企业各部门日常发生的与安全生产责任保险相关费用，通过填写费用报销单，以立即支付或挂账的方式结算,费用报销单,安全生产责任保险费结算汇总表,,成都中心,谢菊,正常,,
26,采购至应付,费用报销,A1_03_0001,费用报销,A02016,结算井喷控制费用保险费,"5041000000财产保险费
2221001003应交税费-应交税金-应交增值税-进项税额-进项税额
2228001004应交境外税金-应交增值税-进项税额","2221001995应交税费-应交税金-应交增值税-进项税额转出-其他
2241008000其他应付款-应付财产险",是指企业各部门日常发生的与井喷控制费用保险相关费用，通过填写费用报销单，以立即支付或挂账的方式结算,费用报销单,井喷控制费用保险费结算汇总表,,成都中心,谢菊,正常,,
27,采购至应付,费用报销,A1_03_0001,费用报销,A02017,结算钻井设备保险费,"5041000000财产保险费
2221001003应交税费-应交税金-应交增值税-进项税额-进项税额
2228001004应交境外税金-应交增值税-进项税额","2221001995应交税费-应交税金-应交增值税-进项税额转出-其他
2241008000其他应付款-应付财产险",是指企业各部门日常发生的与钻井设备保险相关费用，通过填写费用报销单，以立即支付或挂账的方式结算,费用报销单,钻井设备保险费结算汇总表,,成都中心,谢菊,正常,,
28,采购至应付,费用报销,A1_03_0001,费用报销,A02018,结算巨灾风险转移保险费,"5041000000财产保险费
2221001003应交税费-应交税金-应交增值税-进项税额-进项税额
2228001004应交境外税金-应交增值税-进项税额","2221001995应交税费-应交税金-应交增值税-进项税额转出-其他
2241008000其他应付款-应付财产险",是指企业各部门日常发生的与巨灾风险转移保险相关费用，通过填写费用报销单，以立即支付或挂账的方式结算,费用报销单,巨灾风险转移保险费结算汇总表,,成都中心,谢菊,正常,,
29,采购至应付,费用报销,A1_03_0001,费用报销,A02019,结算企业财产保险费,"5041000000财产保险费
2221001003应交税费-应交税金-应交增值税-进项税额-进项税额
2228001004应交境外税金-应交增值税-进项税额","2221001995应交税费-应交税金-应交增值税-进项税额转出-其他
2241008000其他应付款-应付财产险",是指企业各部门日常发生的与企业财产保险相关费用，通过填写费用报销单，以立即支付或挂账的方式结算,费用报销单,企业财产保险及机器损坏保险费结算汇总表,,成都中心,谢菊,正常,,
30,采购至应付,费用报销,A1_03_0001,费用报销,A02020,结算储备油库财产保险费,"5041000000财产保险费
2221001003应交税费-应交税金-应交增值税-进项税额-进项税额
2228001004应交境外税金-应交增值税-进项税额","2221001995应交税费-应交税金-应交增值税-进项税额转出-其他
2241008000其他应付款-应付财产险",是指企业各部门日常发生的与储备油库财产保险相关费用，通过填写费用报销单，以立即支付或挂账的方式结算,费用报销单,企业财产保险及机器损坏保险费结算汇总表,,成都中心,谢菊,正常,,
31,采购至应付,费用报销,A1_03_0001,费用报销,A02037,结算利润损失保险费,"5041000000财产保险费
2221001003应交税费-应交税金-应交增值税-进项税额-进项税额
2228001004应交境外税金-应交增值税-进项税额","2221001995应交税费-应交税金-应交增值税-进项税额转出-其他
2241008000其他应付款-应付财产险",是指企业各部门日常发生的与利润损失保险相关费用，通过填写费用报销单，以立即支付或挂账的方式结算,费用报销单,企业财产保险及机器损坏保险费结算汇总表,,成都中心,谢菊,正常,,
32,采购至应付,费用报销,A1_03_0001,费用报销,A02021,结算货物运输保险费,"5041000000财产保险费
2221001003应交税费-应交税金-应交增值税-进项税额-进项税额
2228001004应交境外税金-应交增值税-进项税额","2221001995应交税费-应交税金-应交增值税-进项税额转出-其他
2241008000其他应付款-应付财产险",是指企业各部门日常发生的与货物运输保险相关费用，通过填写费用报销单，以立即支付或挂账的方式结算,费用报销单,货物运输保险费结算汇总表,,成都中心,谢菊,正常,,
33,采购至应付,费用报销,A1_03_0001,费用报销,A02022,结算董监事及高管人员责任保险费,"5041000000财产保险费
2221001003应交税费-应交税金-应交增值税-进项税额-进项税额
2228001004应交境外税金-应交增值税-进项税额","2221001995应交税费-应交税金-应交增值税-进项税额转出-其他
2241008000其他应付款-应付财产险",是指企业各部门日常发生的与董监事及高管人员责任保险相关费用，通过填写费用报销单，以立即支付或挂账的方式结算,费用报销单,董监事及高管人员责任保险费结算汇总表,,成都中心,谢菊,正常,,
34,采购至应付,费用报销,A1_03_0001,费用报销,A02023,结算建筑工程保险费,"5041000000财产保险费
2221001003应交税费-应交税金-应交增值税-进项税额-进项税额
2228001004应交境外税金-应交增值税-进项税额","2221001995应交税费-应交税金-应交增值税-进项税额转出-其他
2241008000其他应付款-应付财产险",是指企业各部门日常发生的与建筑工程保险相关费用，通过填写费用报销单，以立即支付或挂账的方式结算建筑工程保险,费用报销单,建筑工程保险费结算汇总表,,成都中心,谢菊,正常,,
35,采购至应付,费用报销,A1_03_0001,费用报销,A02024,结算安装工程保险费,"5041000000财产保险费
2221001003应交税费-应交税金-应交增值税-进项税额-进项税额
2228001004应交境外税金-应交增值税-进项税额","2221001995应交税费-应交税金-应交增值税-进项税额转出-其他
2241008000其他应付款-应付财产险",是指企业各部门日常发生的与安装工程保险相关费用，通过填写费用报销单，以立即支付或挂账的方式结算,费用报销单,安装工程保险费结算汇总表,,成都中心,谢菊,正常,,
36,采购至应付,费用报销,A1_03_0001,费用报销,A02026,结算机器损坏保险费,"5041000000财产保险费
2221001003应交税费-应交税金-应交增值税-进项税额-进项税额
2228001004应交境外税金-应交增值税-进项税额","2221001995应交税费-应交税金-应交增值税-进项税额转出-其他
2241008000其他应付款-应付财产险",是指企业各部门日常发生的与机器损坏保险相关费用，通过填写费用报销单，以立即支付或挂账的方式结算,费用报销单,企业财产保险及机器损坏保险费结算汇总表,,成都中心,谢菊,正常,,
37,采购至应付,费用报销,A1_03_0001,费用报销,A02027,结算船舶保险费,"5041000000财产保险费
2221001003应交税费-应交税金-应交增值税-进项税额-进项税额
2228001004应交境外税金-应交增值税-进项税额","2221001995应交税费-应交税金-应交增值税-进项税额转出-其他
2241008000其他应付款-应付财产险",是指企业各部门日常发生的与船舶保险相关费用，通过填写费用报销单，以立即支付或挂账的方式结算,费用报销单,船舶保险费结算汇总表,,成都中心,谢菊,正常,,
38,采购至应付,费用报销,A1_03_0001,费用报销,A02028,结算钻井平台（船）保险费,"5041000000财产保险费
2221001003应交税费-应交税金-应交增值税-进项税额-进项税额
2228001004应交境外税金-应交增值税-进项税额","2221001995应交税费-应交税金-应交增值税-进项税额转出-其他
2241008000其他应付款-应付财产险",是指企业各部门日常发生的与钻井平台（船）保险相关费用，通过填写费用报销单，以立即支付或挂账的方式结算,费用报销单,钻井平台（船）保险费结算汇总表,,成都中心,谢菊,正常,,
39,采购至应付,费用报销,A1_03_0001,费用报销,A02029,结算机动车辆保险费,"5041000000财产保险费
2221001079应交税费-应交税金-车船使用税
2221001003应交税费-应交税金-应交增值税-进项税额-进项税额
2228001004应交境外税金-应交增值税-进项税额","2221001995应交税费-应交税金-应交增值税-进项税额转出-其他
2202001000应付账款-应付账款
2241下所有明细科目
1012011000其他货币资金-加油（气）站资金
1013001000内部存款-内部结算存款",是指企业各部门日常发生的与机动车辆保险相关费用，通过填写费用报销单，以立即支付或挂账的方式结算,费用报销单,机动车辆保险费结算汇总表,"投（续）保财产统计表、
车辆保险明细表",成都中心,谢菊,正常,,
40,采购至应付,费用报销,A1_03_0001,费用报销,A02030,结算道路危险货物承运人责任保险费,"5041000000财产保险费
2221001003应交税费-应交税金-应交增值税-进项税额-进项税额
2228001004应交境外税金-应交增值税-进项税额","2221001995应交税费-应交税金-应交增值税-进项税额转出-其他
2241008000其他应付款-应付财产险",是指企业各部门日常发生的与道路危险货物承运人责任保险相关费用，通过填写费用报销单，以立即支付或挂账的方式结算,费用报销单,道路危险货物承运人责任保险费结算汇总表,,成都中心,谢菊,正常,,
41,采购至应付,费用报销,A1_03_0001,费用报销,A02031,结算道路客运承运人责任保险费,"5041000000财产保险费
2221001003应交税费-应交税金-应交增值税-进项税额-进项税额
2228001004应交境外税金-应交增值税-进项税额","2221001995应交税费-应交税金-应交增值税-进项税额转出-其他
2241008000其他应付款-应付财产险",是指企业各部门日常发生的与道路客运承运人责任保险相关费用，通过填写费用报销单，以立即支付或挂账的方式结算,费用报销单,道路客运承运人责任保险费结算汇总表,,成都中心,谢菊,正常,,
42,采购至应付,费用报销,A1_03_0001,费用报销,A02032,结算物业责任保险费,"5041000000财产保险费
2221001003应交税费-应交税金-应交增值税-进项税额-进项税额
2228001004应交境外税金-应交增值税-进项税额","2221001995应交税费-应交税金-应交增值税-进项税额转出-其他
2241008000其他应付款-应付财产险",是指企业各部门日常发生的与物业责任保险相关费用，通过填写费用报销单，以立即支付或挂账的方式结算,费用报销单,物业责任保险费结算汇总表,,成都中心,谢菊,正常,,
43,采购至应付,费用报销,A1_03_0001,费用报销,A02033,结算产品责任保险费,"5041000000财产保险费
2221001003应交税费-应交税金-应交增值税-进项税额-进项税额
2228001004应交境外税金-应交增值税-进项税额","2221001995应交税费-应交税金-应交增值税-进项税额转出-其他
2241008000其他应付款-应付财产险",是指企业各部门日常发生的与产品责任保险相关费用，通过填写费用报销单，以立即支付或挂账的方式结算,费用报销单,产品责任保险费结算汇总表,,成都中心,谢菊,正常,,
44,采购至应付,费用报销,A1_03_0001,费用报销,A02034,结算产品质量保证保险费,"5041000000财产保险费
2221001003应交税费-应交税金-应交增值税-进项税额-进项税额
2228001004应交境外税金-应交增值税-进项税额","2221001995应交税费-应交税金-应交增值税-进项税额转出-其他
2241008000其他应付款-应付财产险",是指企业各部门日常发生的与产品质量保证保险相关费用，通过填写费用报销单，以立即支付或挂账的方式结算,费用报销单,产品质量保证保险费结算汇总表,,成都中心,谢菊,正常,,
45,采购至应付,费用报销,A1_03_0001,费用报销,A02035,结算污染责任保险费,"5041000000财产保险费
2221001003应交税费-应交税金-应交增值税-进项税额-进项税额
2228001004应交境外税金-应交增值税-进项税额","2221001995应交税费-应交税金-应交增值税-进项税额转出-其他
2241008000其他应付款-应付财产险",是指企业各部门日常发生的与污染责任保险相关费用，通过填写费用报销单，以立即支付或挂账的方式结算,费用报销单,污染责任保险费结算汇总表,,成都中心,谢菊,正常,,
46,采购至应付,费用报销,A1_03_0001,费用报销,A02036,结算职业责任保险费,"5041000000财产保险费
2221001003应交税费-应交税金-应交增值税-进项税额-进项税额
2228001004应交境外税金-应交增值税-进项税额","2221001995应交税费-应交税金-应交增值税-进项税额转出-其他
2241008000其他应付款-应付财产险",是指企业各部门日常发生的与职业责任保险相关费用，通过填写费用报销单，以立即支付或挂账的方式结算,费用报销单,职业责任保险费结算汇总表,,成都中心,谢菊,正常,,
47,采购至应付,费用报销,A1_03_0001,费用报销,A02038,结算信用保险费,"5041000000财产保险费
2221001003应交税费-应交税金-应交增值税-进项税额-进项税额
2228001004应交境外税金-应交增值税-进项税额","2221001995应交税费-应交税金-应交增值税-进项税额转出-其他
2241008000其他应付款-应付财产险",是指企业各部门日常发生的与信用保险相关费用，通过填写费用报销单，以立即支付或挂账的方式结算信用保险,费用报销单,信用保险费结算汇总表,,成都中心,谢菊,正常,,
48,采购至应付,费用报销,A1_03_0001,费用报销,A02039,结算公众责任保险费,"5041000000财产保险费
2221001003应交税费-应交税金-应交增值税-进项税额-进项税额
2228001004应交境外税金-应交增值税-进项税额","2221001995应交税费-应交税金-应交增值税-进项税额转出-其他
2241008000其他应付款-应付财产险",是指企业各部门日常发生的公众责任保险相关费用，通过填写费用报销单，以立即支付或挂账的方式结算,费用报销单,公众责任保险费结算汇总表,,成都中心,谢菊,正常,,
49,采购至应付,费用报销,A1_03_0001,费用报销,A02040,结算仓储保险费,"5041000000财产保险费
2221001003应交税费-应交税金-应交增值税-进项税额-进项税额
2228001004应交境外税金-应交增值税-进项税额","2221001995应交税费-应交税金-应交增值税-进项税额转出-其他
2241008000其他应付款-应付财产险",是指企业各部门日常发生的与仓储保险相关费用，通过填写费用报销单，以立即支付或挂账的方式结算,费用报销单,仓储保险费结算汇总表,,成都中心,谢菊,正常,,
50,采购至应付,费用报销,A1_03_0001,费用报销,A02041,结算关税保证保险费,"5041000000财产保险费
2221001003应交税费-应交税金-应交增值税-进项税额-进项税额
2228001004应交境外税金-应交增值税-进项税额","2221001995应交税费-应交税金-应交增值税-进项税额转出-其他
2241008000其他应付款-应付财产险",是指企业各部门日常发生的与关税保证保险相关费用，通过填写费用报销单，以立即支付或挂账的方式结算,费用报销单,关税保证保险费结算汇总表,,成都中心,谢菊,正常,,
51,采购至应付,费用报销,A1_03_0001,费用报销,A02042,结算首台套保险费,"5041000000财产保险费
2221001003应交税费-应交税金-应交增值税-进项税额-进项税额
2228001004应交境外税金-应交增值税-进项税额","2221001995应交税费-应交税金-应交增值税-进项税额转出-其他
2241008000其他应付款-应付财产险",是指企业各部门日常发生的与首台（套）重大技术装备保险相关费用，通过填写费用报销单，以立即支付或挂账的方式结算,费用报销单,首台套保险费结算汇总表,,成都中心,谢菊,正常,,
52,采购至应付,费用报销,A1_03_0001,费用报销,A02043,结算团体人身意外伤害保险费,"5041000000财产保险费
2221001003应交税费-应交税金-应交增值税-进项税额-进项税额
2228001004应交境外税金-应交增值税-进项税额","2221001995应交税费-应交税金-应交增值税-进项税额转出-其他
2241008000其他应付款-应付财产险",是指企业各部门日常发生的与团体人身意外伤害保险相关费用，通过填写费用报销单，以立即支付或挂账的方式结算,费用报销单,团体人身意外伤害保险费结算汇总表,,成都中心,谢菊,正常,,
53,采购至应付,费用报销,A1_03_0001,费用报销,A02044,结算食品安全责任保险费,"5041000000财产保险费
2221001003应交税费-应交税金-应交增值税-进项税额-进项税额
2228001004应交境外税金-应交增值税-进项税额","2221001995应交税费-应交税金-应交增值税-进项税额转出-其他
2241008000其他应付款-应付财产险",是指企业各部门日常发生的与食品安全责任保险相关费用，通过填写费用报销单，以立即支付或挂账的方式结算,费用报销单,食品安全责任保险费结算汇总表,,成都中心,谢菊,正常,,
54,采购至应付,费用报销,A1_03_0001,费用报销,A02045,结算铁路车辆第三者责任保险费,"5041000000财产保险费
2221001003应交税费-应交税金-应交增值税-进项税额-进项税额
2228001004应交境外税金-应交增值税-进项税额","2221001995应交税费-应交税金-应交增值税-进项税额转出-其他
2241008000其他应付款-应付财产险",是指企业各部门日常发生的与铁路车辆第三者责任险相关费用，通过填写费用报销单，以立即支付或挂账的方式结算,费用报销单,铁路车辆第三者责任险费结算汇总表,,成都中心,谢菊,正常,,
55,采购至应付,费用报销,A1_03_0001,费用报销,A02046,结算特种设备检验责任保险费,"5041000000财产保险费
2221001003应交税费-应交税金-应交增值税-进项税额-进项税额
2228001004应交境外税金-应交增值税-进项税额","2221001995应交税费-应交税金-应交增值税-进项税额转出-其他
2241008000其他应付款-应付财产险",是指企业各部门日常发生的与特种设备检验责任险相关费用，通过填写费用报销单，以立即支付或挂账的方式结算,费用报销单,特种设备检验责任险费结算汇总表,,成都中心,谢菊,正常,,
56,采购至应付,费用报销,A1_03_0001,费用报销,A02047,结算国内水路货物运输预约保险费,"5041000000财产保险费
2221001003应交税费-应交税金-应交增值税-进项税额-进项税额
2228001004应交境外税金-应交增值税-进项税额","2221001995应交税费-应交税金-应交增值税-进项税额转出-其他
2241008000其他应付款-应付财产险",是指企业各部门日常发生的与国内水路货物运输预约保险相关费用，通过填写费用报销单，以立即支付或挂账的方式结算,费用报销单,国内水路货物运输预约保险费结算汇总表,,成都中心,谢菊,正常,,
57,采购至应付,费用报销,A1_03_0001,费用报销,A02048,结算货物运输预约保险费,"5041000000财产保险费
2221001003应交税费-应交税金-应交增值税-进项税额-进项税额
2228001004应交境外税金-应交增值税-进项税额","2221001995应交税费-应交税金-应交增值税-进项税额转出-其他
2241008000其他应付款-应付财产险",是指企业各部门日常发生的与货物运输预约保险相关费用，通过填写费用报销单，以立即支付或挂账的方式结算,费用报销单,货物运输预约保险费结算汇总表,,成都中心,谢菊,正常,,
58,采购至应付,费用报销,A1_03_0001,费用报销,A02049,结算存款保险保费,"5041000000财产保险费
2221001003应交税费-应交税金-应交增值税-进项税额-进项税额
2228001004应交境外税金-应交增值税-进项税额","2221001995应交税费-应交税金-应交增值税-进项税额转出-其他
2241008000其他应付款-应付财产险",是指企业各部门日常发生的与存款保险保费相关费用，通过填写费用报销单，以立即支付或挂账的方式结算,费用报销单,存款保险保费结算汇总表,,成都中心,谢菊,正常,,
59,采购至应付,费用报销,A1_03_0001,费用报销,A02374,结算破坏和恐怖主义保险费,"5041000000财产保险费
2221001003应交税费-应交税金-应交增值税-进项税额-进项税额
2228001004应交境外税金-应交增值税-进项税额","2221001995应交税费-应交税金-应交增值税-进项税额转出-其他
2241008000其他应付款-应付财产险",是指企业各部门日常发生的与破坏和恐怖主义保险相关费用，通过填写费用报销单，以立即支付或挂账的方式结算,费用报销单,破坏和恐怖主义保险费结算汇总表,,成都中心,谢菊,正常,,
60,采购至应付,费用报销,A1_03_0001,费用报销,A02375,结算其他商业财产保险费,"5041000000财产保险费
2221001003应交税费-应交税金-应交增值税-进项税额-进项税额
2228001004应交境外税金-应交增值税-进项税额","2221001995应交税费-应交税金-应交增值税-进项税额转出-其他
2241008000其他应付款-应付财产险",是指企业各部门日常发生的与其他商业财产保险相关费用，通过填写费用报销单，以立即支付或挂账的方式结算,费用报销单,其他商业财产保险费结算汇总表,,成都中心,谢菊,正常,,
61,采购至应付,费用报销,A1_03_0001,费用报销,A02376,结算商业人身险,"5041000000财产保险费
2221001003应交税费-应交税金-应交增值税-进项税额-进项税额
2228001004应交境外税金-应交增值税-进项税额","2221001995应交税费-应交税金-应交增值税-进项税额转出-其他
2241008000其他应付款-应付财产险",是指企业各部门日常发生的与商业人身险相关费用，通过填写费用报销单，以立即支付或挂账的方式结算,费用报销单,商业人身保险费结算汇总表,,成都中心,谢菊,正常,,
62,采购至应付,费用报销,A1_03_0001,费用报销,A02377,结算其他保险,"5041000000财产保险费
2221001003应交税费-应交税金-应交增值税-进项税额-进项税额
2228001004应交境外税金-应交增值税-进项税额","2221001995应交税费-应交税金-应交增值税-进项税额转出-其他
2241008000其他应付款-应付财产险",是指企业各部门日常发生的与其他保险相关费用，通过填写费用报销单，以立即支付或挂账的方式结算,费用报销单,其他保险费结算汇总表,,成都中心,谢菊,正常,,
63,采购至应付,费用报销,A1_03_0001,费用报销,A02050,报销保险理赔款,"2241009000其他应付款-保险理赔款
2221001003应交税费-应交税金-应交增值税-进项税额-进项税额
2228001004应交境外税金-应交增值税-进项税额","2221001009应交税费-应交税金-应交增值税-进项税额转出-集体福利、个人消费
2221001995应交税费-应交税金-应交增值税-进项税额转出-其他
2202001000应付账款-应付账款
2221001080应交税费-应交税金-个人所得税
2241下所有明细科目
1012011000其他货币资金-加油（气）站资金
1013001000内部存款-内部结算存款
2228001002应交境外税金-应交增值税-销项税额
2228011001应交境外税金-代扣代缴税-代扣代缴增值税
2228011002应交境外税金-代扣代缴税-代扣企业所得税
2228011998应交境外税金-代扣代缴税-其他
2228023000应交境外税金-预扣税",是指企业各部门日常发生的保险理赔款，通过填写费用报销单，以立即支付或挂账的方式报销,费用报销单,报销保险理赔款结算汇总表,,成都中心,谢菊,正常,,
64,采购至应付,费用报销,A1_03_0001,费用报销,A02051,结算安保基金费用,"2241008000其他应付款-应付财产险 
2221001003应交税费-应交税金-应交增值税-进项税额-进项税额
2228001004应交境外税金-应交增值税-进项税额","2221001009应交税费-应交税金-应交增值税-进项税额转出-集体福利、个人消费
2221001995应交税费-应交税金-应交增值税-进项税额转出-其他
2202001000应付账款-应付账款
2221001080应交税费-应交税金-个人所得税
2241下所有明细科目
1012011000其他货币资金-加油（气）站资金
1013001000内部存款-内部结算存款
2228001002应交境外税金-应交增值税-销项税额
2228011001应交境外税金-代扣代缴税-代扣代缴增值税
2228011002应交境外税金-代扣代缴税-代扣企业所得税
2228011998应交境外税金-代扣代缴税-其他
2228023000应交境外税金-预扣税",是指企业各部门日常发生的安保基金费，通过填写费用报销单，以立即支付或挂账的方式结算。,费用报销单,安保基金费用结算汇总表,,西安中心,王娟,正常,,
65,采购至应付,费用报销,A1_03_0001,费用报销,A02052,结算与安保基金相关维修费用,"2241008000其他应付款-应付财产险 
2221001003应交税费-应交税金-应交增值税-进项税额-进项税额
2228001004应交境外税金-应交增值税-进项税额","2221001009应交税费-应交税金-应交增值税-进项税额转出-集体福利、个人消费
2221001995应交税费-应交税金-应交增值税-进项税额转出-其他
2202001000应付账款-应付账款
2221001080应交税费-应交税金-个人所得税
2241下所有明细科目
1012011000其他货币资金-加油（气）站资金
1013001000内部存款-内部结算存款
2228001002应交境外税金-应交增值税-销项税额
2228011001应交境外税金-代扣代缴税-代扣代缴增值税
2228011002应交境外税金-代扣代缴税-代扣企业所得税
2228011998应交境外税金-代扣代缴税-其他
2228023000应交境外税金-预扣税",描述企业各部门日常发生与安保基金相关的维修费用，通过填写费用报销单，以立即支付或挂账的方式结算。,费用报销单,与安保基金相关维修费用结算汇总表,维修验收单,西安中心,王娟,正常,,
66,采购至应付,费用报销,A1_03_0001,费用报销,A02053,结算安全生产费,"4301001002专项储备-安全生产费用-使用
2221001003应交税费-应交税金-应交增值税-进项税额-进项税额
2228001004应交境外税金-应交增值税-进项税额","2221001009应交税费-应交税金-应交增值税-进项税额转出-集体福利、个人消费
2221001995应交税费-应交税金-应交增值税-进项税额转出-其他
2202001000应付账款-应付账款
2221001080应交税费-应交税金-个人所得税
2241下所有明细科目
1012011000其他货币资金-加油（气）站资金
1013001000内部存款-内部结算存款
2228001002应交境外税金-应交增值税-销项税额
2228011001应交境外税金-代扣代缴税-代扣代缴增值税
2228011002应交境外税金-代扣代缴税-代扣企业所得税
2228011998应交境外税金-代扣代缴税-其他
2228023000应交境外税金-预扣税",是指企业各部门日常发生的各项与安全生产相关的费用，通过填写费用报销单，以立即支付或挂账的方式结算,费用报销单,安全生产费用结算汇总表,"物品验收单、
安全奖励发放表",西安中心,王娟,正常,,
67,采购至应付,费用报销,A1_03_0001,费用报销,A02054,结算与安全生产费相关维修费用,"4301001002专项储备-安全生产费用-使用
2221001003应交税费-应交税金-应交增值税-进项税额-进项税额
2228001004应交境外税金-应交增值税-进项税额","2221001009应交税费-应交税金-应交增值税-进项税额转出-集体福利、个人消费
2221001995应交税费-应交税金-应交增值税-进项税额转出-其他
2202001000应付账款-应付账款
2221001080应交税费-应交税金-个人所得税
2241下所有明细科目
1012011000其他货币资金-加油（气）站资金
1013001000内部存款-内部结算存款
2228001002应交境外税金-应交增值税-销项税额
2228011001应交境外税金-代扣代缴税-代扣代缴增值税
2228011002应交境外税金-代扣代缴税-代扣企业所得税
2228011998应交境外税金-代扣代缴税-其他
2228023000应交境外税金-预扣税",是指企业各部门日常发生的各项与安全生产相关的维修费用，通过填写费用报销单，以立即支付或挂账的方式结算,费用报销单,与安全生产费相关维修费用结算汇总表,维修验收单,西安中心,王娟,正常,,
68,采购至应付,费用报销,A1_03_0001,费用报销,A02055,结算中间业务费,"6603001001财务费用-中间业务费-承诺费
6603001002财务费用-中间业务费-担保费
6603001003财务费用-中间业务费-债券发行费用
2221001003应交税费-应交税金-应交增值税-进项税额-进项税额
2228001004应交境外税金-应交增值税-进项税额","2221001009应交税费-应交税金-应交增值税-进项税额转出-集体福利、个人消费
2221001995应交税费-应交税金-应交增值税-进项税额转出-其他
2202001000应付账款-应付账款
2221001080应交税费-应交税金-个人所得税
2241下所有明细科目
1012011000其他货币资金-加油（气）站资金
1013001000内部存款-内部结算存款
2228001002应交境外税金-应交增值税-销项税额
2228011001应交境外税金-代扣代缴税-代扣代缴增值税
2228011002应交境外税金-代扣代缴税-代扣企业所得税
2228011998应交境外税金-代扣代缴税-其他
2228023000应交境外税金-预扣税",是指企业各部门日常发生的各项与中间业务相关的担保费、债券发行等费用，通过填写费用报销单，以立即支付或挂账的方式结算,费用报销单,中间业务费结算汇总表,,成都中心,唐漩,正常,,
69,采购至应付,费用报销,A1_03_0001,费用报销,A02058,结算利息支出-票据,"6603006005财务费用-利息支出-短期借款利息支出-其他借款
6603006016财务费用-利息支出-长期借款利息支出-其他借款
2221001003应交税费-应交税金-应交增值税-进项税额-进项税额
2228001004应交境外税金-应交增值税-进项税额","2221001009应交税费-应交税金-应交增值税-进项税额转出-集体福利、个人消费
2221001995应交税费-应交税金-应交增值税-进项税额转出-其他
2202001000应付账款-应付账款
2221001080应交税费-应交税金-个人所得税
2241下所有明细科目
1012011000其他货币资金-加油（气）站资金
1013001000内部存款-内部结算存款
2228001002应交境外税金-应交增值税-销项税额
2228011001应交境外税金-代扣代缴税-代扣代缴增值税
2228011002应交境外税金-代扣代缴税-代扣企业所得税
2228011998应交境外税金-代扣代缴税-其他
2228023000应交境外税金-预扣税",是指企业各部门日常的票据所产生的利息支出，通过填写费用报销单，以立即支付或挂账的方式结算,费用报销单,利息支出结算汇总表,利息费用计算表,成都中心,郭东阳,正常,,
70,采购至应付,费用报销,A1_03_0001,费用报销,A02060,结算银行手续费,"6603004003财务费用-手续费-银行手续费
2221001003应交税费-应交税金-应交增值税-进项税额-进项税额
2228001004应交境外税金-应交增值税-进项税额","2221001009应交税费-应交税金-应交增值税-进项税额转出-集体福利、个人消费
2221001995应交税费-应交税金-应交增值税-进项税额转出-其他
2202001000应付账款-应付账款
2221001080应交税费-应交税金-个人所得税
2241下所有明细科目
1012011000其他货币资金-加油（气）站资金
1013001000内部存款-内部结算存款
2228001002应交境外税金-应交增值税-销项税额
2228011001应交境外税金-代扣代缴税-代扣代缴增值税
2228011002应交境外税金-代扣代缴税-代扣企业所得税
2228011998应交境外税金-代扣代缴税-其他
2228023000应交境外税金-预扣税",是指企业各部门日常发生与银行相关的手续费，通过填写费用报销单，以立即支付或挂账的方式结算,费用报销单,手续费结算汇总表,,成都中心,郭东阳,正常,,
71,采购至应付,费用报销,A1_03_0001,费用报销,A02061,结算回佣金,"6603004001财务费用-手续费-回佣金
2221001003应交税费-应交税金-应交增值税-进项税额-进项税额
2228001004应交境外税金-应交增值税-进项税额","2221001009应交税费-应交税金-应交增值税-进项税额转出-集体福利、个人消费
2221001995应交税费-应交税金-应交增值税-进项税额转出-其他
2202001000应付账款-应付账款
2221001080应交税费-应交税金-个人所得税
2241下所有明细科目
1012011000其他货币资金-加油（气）站资金
1013001000内部存款-内部结算存款
2228001002应交境外税金-应交增值税-销项税额
2228011001应交境外税金-代扣代缴税-代扣代缴增值税
2228011002应交境外税金-代扣代缴税-代扣企业所得税
2228011998应交境外税金-代扣代缴税-其他
2228023000应交境外税金-预扣税",是指企业各部门日常发生的回佣金，通过填写费用报销单，以立即支付或挂账的方式结算,费用报销单,手续费结算汇总表,,成都中心,郭东阳,正常,,
72,采购至应付,费用报销,A1_03_0001,费用报销,A02062,结算支付宝、微信等其他手续费,"6603004002财务费用-手续费-其他手续费
6603004003财务费用-手续费-银行手续费
2221001003应交税费-应交税金-应交增值税-进项税额-进项税额
2228001004应交境外税金-应交增值税-进项税额","2221001009应交税费-应交税金-应交增值税-进项税额转出-集体福利、个人消费
2221001995应交税费-应交税金-应交增值税-进项税额转出-其他
2202001000应付账款-应付账款
2221001080应交税费-应交税金-个人所得税
2241下所有明细科目
1012011000其他货币资金-加油（气）站资金
1013001000内部存款-内部结算存款
2228001002应交境外税金-应交增值税-销项税额
2228011001应交境外税金-代扣代缴税-代扣代缴增值税
2228011002应交境外税金-代扣代缴税-代扣企业所得税
2228011998应交境外税金-代扣代缴税-其他
2228023000应交境外税金-预扣税",是指企业各部门日常发生的其他手续费，包括支付宝、微信等，通过填写费用报销单，以立即支付或挂账的方式结算,费用报销单,手续费结算汇总表,"微信手续费明细表、
美团手续费明细表、
饿了么手续费明细表、
油惠E购手续费明细表",成都中心,郭东阳,正常,,
73,采购至应付,费用报销,A1_03_0001,费用报销,A02063,结算仓储费,"5044040000仓储费
2221001003应交税费-应交税金-应交增值税-进项税额-进项税额
2228001004应交境外税金-应交增值税-进项税额","2221001009应交税费-应交税金-应交增值税-进项税额转出-集体福利、个人消费
2221001995应交税费-应交税金-应交增值税-进项税额转出-其他
2202001000应付账款-应付账款
2221001080应交税费-应交税金-个人所得税
2241下所有明细科目
1012011000其他货币资金-加油（气）站资金
1013001000内部存款-内部结算存款
2228001002应交境外税金-应交增值税-销项税额
2228011001应交境外税金-代扣代缴税-代扣代缴增值税
2228011002应交境外税金-代扣代缴税-代扣企业所得税
2228011998应交境外税金-代扣代缴税-其他
2228023000应交境外税金-预扣税",是指企业各部门日常发生的仓储费，通过填写费用报销单，以立即支付或挂账的方式结算,费用报销单,仓储费结算汇总表,仓储费明细表,大庆中心,李巍巍,正常,,
74,采购至应付,费用报销,A1_03_0001,费用报销,A02064,结算出国人员疫苗费,"5022010000出国人员经费-差旅费
5022020098出国人员经费-其他
2221001003应交税费-应交税金-应交增值税-进项税额-进项税额
2228001004应交境外税金-应交增值税-进项税额","2221001009应交税费-应交税金-应交增值税-进项税额转出-集体福利、个人消费
2221001995应交税费-应交税金-应交增值税-进项税额转出-其他
2202001000应付账款-应付账款
2221001080应交税费-应交税金-个人所得税
2241下所有明细科目
1012011000其他货币资金-加油（气）站资金
1013001000内部存款-内部结算存款
2228001002应交境外税金-应交增值税-销项税额
2228011001应交境外税金-代扣代缴税-代扣代缴增值税
2228011002应交境外税金-代扣代缴税-代扣企业所得税
2228011998应交境外税金-代扣代缴税-其他
2228023000应交境外税金-预扣税",是指企业各部门日常发生的出国人员疫苗费用，通过填写费用报销单，以立即支付或挂账的方式结算,费用报销单,出国人员经费结算汇总表,,成都中心,叶田,正常,,
75,采购至应付,费用报销,A1_03_0001,费用报销,A02065,结算出国人员经费,"5022010000出国人员经费-差旅费
5022020098出国人员经费-其他
2221001003应交税费-应交税金-应交增值税-进项税额-进项税额
2228001004应交境外税金-应交增值税-进项税额","2221001009应交税费-应交税金-应交增值税-进项税额转出-集体福利、个人消费
2221001995应交税费-应交税金-应交增值税-进项税额转出-其他
2202001000应付账款-应付账款
2221001080应交税费-应交税金-个人所得税
2241下所有明细科目
1012011000其他货币资金-加油（气）站资金
1013001000内部存款-内部结算存款
2228001002应交境外税金-应交增值税-销项税额
2228011001应交境外税金-代扣代缴税-代扣代缴增值税
2228011002应交境外税金-代扣代缴税-代扣企业所得税
2228011998应交境外税金-代扣代缴税-其他
2228023000应交境外税金-预扣税",是指企业各部门日常发生的出国人员体检费、通关费、签证费等相关费用，通过填写费用报销单，以立即支付或挂账的方式结算,费用报销单,出国人员经费结算汇总表,,成都中心,叶田,正常,,
76,采购至应付,费用报销,A1_03_0001,费用报销,A02066,结算党组织工作经费,"2241024000其他应付款-党组织工作经费
2221001003应交税费-应交税金-应交增值税-进项税额-进项税额
2228001004应交境外税金-应交增值税-进项税额","2221001009应交税费-应交税金-应交增值税-进项税额转出-集体福利、个人消费
2221001995应交税费-应交税金-应交增值税-进项税额转出-其他
2202001000应付账款-应付账款
2221001080应交税费-应交税金-个人所得税
2241下所有明细科目
1012011000其他货币资金-加油（气）站资金
1013001000内部存款-内部结算存款
2228001002应交境外税金-应交增值税-销项税额
2228011001应交境外税金-代扣代缴税-代扣代缴增值税
2228011002应交境外税金-代扣代缴税-代扣企业所得税
2228011998应交境外税金-代扣代缴税-其他
2228023000应交境外税金-预扣税",是指企业组织党组织活动发生的各项费用，通过填写费用报销单，以立即支付或挂账的方式结算,费用报销单,党费结算汇总表,,成都中心,谢菊,正常,,
77,采购至应付,费用报销,A1_03_0001,费用报销,A02067,结算团组织工作经费,"5047120000团组织工作经费
2221001003应交税费-应交税金-应交增值税-进项税额-进项税额
2228001004应交境外税金-应交增值税-进项税额","2221001009应交税费-应交税金-应交增值税-进项税额转出-集体福利、个人消费
2221001995应交税费-应交税金-应交增值税-进项税额转出-其他
2202001000应付账款-应付账款
2221001080应交税费-应交税金-个人所得税
2241下所有明细科目
1012011000其他货币资金-加油（气）站资金
1013001000内部存款-内部结算存款
2228001002应交境外税金-应交增值税-销项税额
2228011001应交境外税金-代扣代缴税-代扣代缴增值税
2228011002应交境外税金-代扣代缴税-代扣企业所得税
2228011998应交境外税金-代扣代缴税-其他
2228023000应交境外税金-预扣税",是指企业组织团组织活动发生的各项费用，通过填写费用报销单，以立即支付或挂账的方式结算,费用报销单,团组织工作经费结算汇总表,,成都中心,谢菊,正常,,
78,采购至应付,费用报销,A1_03_0001,费用报销,A02068,结算托管党费,"2241025000其他应付款-托管党费
2221001003应交税费-应交税金-应交增值税-进项税额-进项税额
2228001004应交境外税金-应交增值税-进项税额","2221001009应交税费-应交税金-应交增值税-进项税额转出-集体福利、个人消费
2221001995应交税费-应交税金-应交增值税-进项税额转出-其他
2202001000应付账款-应付账款
2221001080应交税费-应交税金-个人所得税
2241下所有明细科目
1012011000其他货币资金-加油（气）站资金
1013001000内部存款-内部结算存款
2228001002应交境外税金-应交增值税-销项税额
2228011001应交境外税金-代扣代缴税-代扣代缴增值税
2228011002应交境外税金-代扣代缴税-代扣企业所得税
2228011998应交境外税金-代扣代缴税-其他
2228023000应交境外税金-预扣税",是指企业内部多个公司代码共用一个党费专户发生的各项费用，通过填写费用报销单，以立即支付或挂账的方式结算,费用报销单,党费结算汇总表,,成都中心,谢菊,正常,,
79,采购至应付,费用报销,A1_03_0001,费用报销,A02069,结算采购低值易耗品,"1413000000低值易耗品
低值易耗品摊销 5005030000
2221001003应交税费-应交税金-应交增值税-进项税额-进项税额
2228001004应交境外税金-应交增值税-进项税额","低值易耗品 1413000000
2221001995应交税费-应交税金-应交增值税-进项税额转出-其他
2202001000应付账款-应付账款
2241下所有明细科目
1012011000其他货币资金-加油（气）站资金
1013001000内部存款-内部结算存款",是指企业各部门日常发生的各项与低值易耗品相关且无订单的费用，通过填写费用报销单，以立即支付或挂账的方式结算，包括工具、玻璃器皿、扳手、钳子以及单位价值在200元以上且可多次重复使用的其他管理用具及在经营中周转使用的包装容器,费用报销单,采购低值易耗品验收汇总表,,成都中心,唐漩,正常,,
80,采购至应付,费用报销,A1_03_0001,费用报销,A02070,结算施工调遣费,"5048140000施工调遣费
2221001003应交税费-应交税金-应交增值税-进项税额-进项税额
2228001004应交境外税金-应交增值税-进项税额","2221001009应交税费-应交税金-应交增值税-进项税额转出-集体福利、个人消费
2221001995应交税费-应交税金-应交增值税-进项税额转出-其他
2202001000应付账款-应付账款
2221001080应交税费-应交税金-个人所得税
2241下所有明细科目
1012011000其他货币资金-加油（气）站资金
1013001000内部存款-内部结算存款
2228001002应交境外税金-应交增值税-销项税额
2228011001应交境外税金-代扣代缴税-代扣代缴增值税
2228011002应交境外税金-代扣代缴税-代扣企业所得税
2228011998应交境外税金-代扣代缴税-其他
2228023000应交境外税金-预扣税",是指工程施工发生的人员、物资及设备等调遣费用，通过填写费用报销单，以立即支付或挂账的方式结算,费用报销单,施工调遣费结算汇总表,,西安中心,王娟,正常,,
81,采购至应付,费用报销,A1_03_0001,费用报销,A02071,结算董事会费,"5047130000董事会费
2221001003应交税费-应交税金-应交增值税-进项税额-进项税额
2228001004应交境外税金-应交增值税-进项税额","2221001009应交税费-应交税金-应交增值税-进项税额转出-集体福利、个人消费
2221001995应交税费-应交税金-应交增值税-进项税额转出-其他
2202001000应付账款-应付账款
2221001080应交税费-应交税金-个人所得税
2241下所有明细科目
1012011000其他货币资金-加油（气）站资金
1013001000内部存款-内部结算存款
2228001002应交境外税金-应交增值税-销项税额
2228011001应交境外税金-代扣代缴税-代扣代缴增值税
2228011002应交境外税金-代扣代缴税-代扣企业所得税
2228011998应交境外税金-代扣代缴税-其他
2228023000应交境外税金-预扣税",是指企业最高权力机构及其成员为执行职能而发生的相关费用，通过填写费用报销单，以立即支付或挂账方式结算,费用报销单,董事会费结算汇总表,,西安中心,徐意,正常,,
82,采购至应付,费用报销,A1_03_0001,费用报销,A02072,发放董事津贴,"5047130000董事会费
2221001003应交税费-应交税金-应交增值税-进项税额-进项税额
2228001004应交境外税金-应交增值税-进项税额","2221001009应交税费-应交税金-应交增值税-进项税额转出-集体福利、个人消费
2221001995应交税费-应交税金-应交增值税-进项税额转出-其他
2202001000应付账款-应付账款
2221001080应交税费-应交税金-个人所得税
2241下所有明细科目
1012011000其他货币资金-加油（气）站资金
1013001000内部存款-内部结算存款
2228001002应交境外税金-应交增值税-销项税额
2228011001应交境外税金-代扣代缴税-代扣代缴增值税
2228011002应交境外税金-代扣代缴税-代扣企业所得税
2228011998应交境外税金-代扣代缴税-其他
2228023000应交境外税金-预扣税",是指企业为董事以资金形式发放的个人津贴福利，通过填写费用报销单，以立即支付方式或挂账方式结算,费用报销单,董事津贴发放汇总表,董事会津贴发放表,西安中心,徐意,正常,,
83,采购至应付,费用报销,A1_03_0001,费用报销,A02073,结算动力费,"5007010000动力-水
5007020000动力-电
5007030000动力-汽
5007040000动力-风
5007050000动力-氮气
5007060098动力-其他
2221001003应交税费-应交税金-应交增值税-进项税额-进项税额
2228001004应交境外税金-应交增值税-进项税额","2221001009应交税费-应交税金-应交增值税-进项税额转出-集体福利、个人消费
2221001995应交税费-应交税金-应交增值税-进项税额转出-其他
2202001000应付账款-应付账款
2221001080应交税费-应交税金-个人所得税
2241下所有明细科目
1012011000其他货币资金-加油（气）站资金
1013001000内部存款-内部结算存款
2228001002应交境外税金-应交增值税-销项税额
2228011001应交境外税金-代扣代缴税-代扣代缴增值税
2228011002应交境外税金-代扣代缴税-代扣企业所得税
2228011998应交境外税金-代扣代缴税-其他
2228023000应交境外税金-预扣税",是指企业满足生产而耗用的水、电、风、汽、氮气、其他等动力相关费用，通过填写费用报销单，以立即支付或挂账的方式结算,费用报销单,动力费结算汇总表,,大庆中心,吴晶,正常,,
84,采购至应付,费用报销,A1_03_0001,费用报销,A02074,结算水电费,"5036000000水费
5037000000电费
2221001003应交税费-应交税金-应交增值税-进项税额-进项税额
2228001004应交境外税金-应交增值税-进项税额","2221001009应交税费-应交税金-应交增值税-进项税额转出-集体福利、个人消费
2221001995应交税费-应交税金-应交增值税-进项税额转出-其他
2202001000应付账款-应付账款
2221001080应交税费-应交税金-个人所得税
2241下所有明细科目
1012011000其他货币资金-加油（气）站资金
1013001000内部存款-内部结算存款
2228001002应交境外税金-应交增值税-销项税额
2228011001应交境外税金-代扣代缴税-代扣代缴增值税
2228011002应交境外税金-代扣代缴税-代扣企业所得税
2228011998应交境外税金-代扣代缴税-其他
2228023000应交境外税金-预扣税",是指企业各部门日常发生结算的水、电相关费用，通过填写费用报销单，以立即支付或挂账的方式结算,费用报销单,水电费结算汇总表,,大庆中心,吴晶,正常,,
85,采购至应付,费用报销,A1_03_0001,费用报销,A02075,结算短期房屋建筑物租赁费,"5044010000租赁费
2221001003应交税费-应交税金-应交增值税-进项税额-进项税额
2228001004应交境外税金-应交增值税-进项税额","2221001009应交税费-应交税金-应交增值税-进项税额转出-集体福利、个人消费
2221001995应交税费-应交税金-应交增值税-进项税额转出-其他
2202001000应付账款-应付账款
2221001080应交税费-应交税金-个人所得税
2241下所有明细科目
1012011000其他货币资金-加油（气）站资金
1013001000内部存款-内部结算存款
2228001002应交境外税金-应交增值税-销项税额
2228011001应交境外税金-代扣代缴税-代扣代缴增值税
2228011002应交境外税金-代扣代缴税-代扣企业所得税
2228011998应交境外税金-代扣代缴税-其他
2228023000应交境外税金-预扣税",是指企业各部门日常发生的价值不超4万或租赁期不超过12个月的短期房屋建筑物租赁费，通过填写费用报销单，以立即支付或挂账的方式结算,费用报销单,租赁费结算汇总表,,成都中心,曹力,正常,,
86,采购至应付,费用报销,A1_03_0001,费用报销,A02076,结算短期土地租赁费,"5044010000租赁费
2221001003应交税费-应交税金-应交增值税-进项税额-进项税额
2228001004应交境外税金-应交增值税-进项税额","2221001009应交税费-应交税金-应交增值税-进项税额转出-集体福利、个人消费
2221001995应交税费-应交税金-应交增值税-进项税额转出-其他
2202001000应付账款-应付账款
2221001080应交税费-应交税金-个人所得税
2241下所有明细科目
1012011000其他货币资金-加油（气）站资金
1013001000内部存款-内部结算存款
2228001002应交境外税金-应交增值税-销项税额
2228011001应交境外税金-代扣代缴税-代扣代缴增值税
2228011002应交境外税金-代扣代缴税-代扣企业所得税
2228011998应交境外税金-代扣代缴税-其他
2228023000应交境外税金-预扣税",是指企业各部门日常发生的租赁期不超过12个月的短期土地租赁费，通过填写费用报销单，以立即支付或挂账的方式结算,费用报销单,租赁费结算汇总表,,成都中心,曹力,正常,,
87,采购至应付,费用报销,A1_03_0001,费用报销,A02077,结算短期机器设备租赁费,"5044010000租赁费
2221001003应交税费-应交税金-应交增值税-进项税额-进项税额
2228001004应交境外税金-应交增值税-进项税额","2221001009应交税费-应交税金-应交增值税-进项税额转出-集体福利、个人消费
2221001995应交税费-应交税金-应交增值税-进项税额转出-其他
2202001000应付账款-应付账款
2221001080应交税费-应交税金-个人所得税
2241下所有明细科目
1012011000其他货币资金-加油（气）站资金
1013001000内部存款-内部结算存款
2228001002应交境外税金-应交增值税-销项税额
2228011001应交境外税金-代扣代缴税-代扣代缴增值税
2228011002应交境外税金-代扣代缴税-代扣企业所得税
2228011998应交境外税金-代扣代缴税-其他
2228023000应交境外税金-预扣税",是指企业各部门日常发生的价值不超4万或租赁期不超过12个月的短期机器设备租赁费，通过填写费用报销单，以立即支付或挂账的方式结算,费用报销单,租赁费结算汇总表,,成都中心,曹力,正常,,
88,采购至应付,费用报销,A1_03_0001,费用报销,A02078,结算短期工具及仪器租赁费,"5044010000租赁费
2221001003应交税费-应交税金-应交增值税-进项税额-进项税额
2228001004应交境外税金-应交增值税-进项税额","2221001009应交税费-应交税金-应交增值税-进项税额转出-集体福利、个人消费
2221001995应交税费-应交税金-应交增值税-进项税额转出-其他
2202001000应付账款-应付账款
2221001080应交税费-应交税金-个人所得税
2241下所有明细科目
1012011000其他货币资金-加油（气）站资金
1013001000内部存款-内部结算存款
2228001002应交境外税金-应交增值税-销项税额
2228011001应交境外税金-代扣代缴税-代扣代缴增值税
2228011002应交境外税金-代扣代缴税-代扣企业所得税
2228011998应交境外税金-代扣代缴税-其他
2228023000应交境外税金-预扣税",是指企业各部门日常发生的价值不超4万或租赁期不超过12个月的短期工具及仪器租赁费，通过填写费用报销单，以立即支付或挂账的方式结算,费用报销单,租赁费结算汇总表,,成都中心,曹力,正常,,
89,采购至应付,费用报销,A1_03_0001,费用报销,A02079,结算短期运输工具租赁费,"5044010000租赁费
2221001003应交税费-应交税金-应交增值税-进项税额-进项税额
2228001004应交境外税金-应交增值税-进项税额","2221001009应交税费-应交税金-应交增值税-进项税额转出-集体福利、个人消费
2221001995应交税费-应交税金-应交增值税-进项税额转出-其他
2202001000应付账款-应付账款
2221001080应交税费-应交税金-个人所得税
2241下所有明细科目
1012011000其他货币资金-加油（气）站资金
1013001000内部存款-内部结算存款
2228001002应交境外税金-应交增值税-销项税额
2228011001应交境外税金-代扣代缴税-代扣代缴增值税
2228011002应交境外税金-代扣代缴税-代扣企业所得税
2228011998应交境外税金-代扣代缴税-其他
2228023000应交境外税金-预扣税",是指企业各部门日常发生的价值不超4万或租赁期不超过12个月的短期运输工具租赁费，通过填写费用报销单，以立即支付或挂账的方式结算,费用报销单,租赁费结算汇总表,,成都中心,曹力,正常,,
90,采购至应付,费用报销,A1_03_0001,费用报销,A02080,结算短期通讯线路租赁费,"5044010000租赁费
2221001003应交税费-应交税金-应交增值税-进项税额-进项税额
2228001004应交境外税金-应交增值税-进项税额","2221001009应交税费-应交税金-应交增值税-进项税额转出-集体福利、个人消费
2221001995应交税费-应交税金-应交增值税-进项税额转出-其他
2202001000应付账款-应付账款
2221001080应交税费-应交税金-个人所得税
2241下所有明细科目
1012011000其他货币资金-加油（气）站资金
1013001000内部存款-内部结算存款
2228001002应交境外税金-应交增值税-销项税额
2228011001应交境外税金-代扣代缴税-代扣代缴增值税
2228011002应交境外税金-代扣代缴税-代扣企业所得税
2228011998应交境外税金-代扣代缴税-其他
2228023000应交境外税金-预扣税",是指企业各部门日常发生的价值不超4万或租赁期不超过12个月的短期通讯线路租赁费，通过填写费用报销单，以立即支付或挂账的方式结算,费用报销单,租赁费结算汇总表,,成都中心,曹力,正常,,
91,采购至应付,费用报销,A1_03_0001,费用报销,A02081,结算风险作业服务费,"5033010000风险作业服务费-未移交
5033020000风险作业服务费-已移交
2221001003应交税费-应交税金-应交增值税-进项税额-进项税额
2228001004应交境外税金-应交增值税-进项税额","2221001009应交税费-应交税金-应交增值税-进项税额转出-集体福利、个人消费
2221001995应交税费-应交税金-应交增值税-进项税额转出-其他
2202001000应付账款-应付账款
2221001080应交税费-应交税金-个人所得税
2241下所有明细科目
1012011000其他货币资金-加油（气）站资金
1013001000内部存款-内部结算存款
2228001002应交境外税金-应交增值税-销项税额
2228011001应交境外税金-代扣代缴税-代扣代缴增值税
2228011002应交境外税金-代扣代缴税-代扣企业所得税
2228011998应交境外税金-代扣代缴税-其他
2228023000应交境外税金-预扣税",是指与未上市企业合作实施风险技术服务开发难动用储量项目发生的费用，通过填写费用报销单，以立即支付或挂账的方式结算,费用报销单,风险作业服务费结算汇总表,,大庆中心,李巍巍,正常,,
92,采购至应付,费用报销,A1_03_0001,费用报销,A02082,结算食堂采购费用,"5010120000 员工费用-福利费 
2211002011 应付职工薪酬-应付福利费-福利费支出-自办食堂经费补贴
2221001003应交税费-应交税金-应交增值税-进项税额-进项税额
2228001004应交境外税金-应交增值税-进项税额","2221001009应交税费-应交税金-应交增值税-进项税额转出-集体福利、个人消费
2221001995应交税费-应交税金-应交增值税-进项税额转出-其他
2202001000应付账款-应付账款
2221001080应交税费-应交税金-个人所得税
2241下所有明细科目
1012011000其他货币资金-加油（气）站资金
1013001000内部存款-内部结算存款
2211002001应付职工薪酬-应付福利费-提取数
2228001002应交境外税金-应交增值税-销项税额
2228011001应交境外税金-代扣代缴税-代扣代缴增值税
2228011002应交境外税金-代扣代缴税-代扣企业所得税
2228011998应交境外税金-代扣代缴税-其他
2228023000应交境外税金-预扣税",是指企业各部门日常发生的各项与食堂采购相关费用，通过填写费用报销单，以立即支付或挂账的方式结算,费用报销单,自办食堂采购结算汇总表,,大庆中心,吴月明,正常,,
93,采购至应付,费用报销,A1_03_0001,费用报销,A02083,结算自办食堂经费补贴,"5010120000 员工费用-福利费 
2211002011 应付职工薪酬-应付福利费-福利费支出-自办食堂经费补贴
2221001003应交税费-应交税金-应交增值税-进项税额-进项税额
2228001004应交境外税金-应交增值税-进项税额","2221001009应交税费-应交税金-应交增值税-进项税额转出-集体福利、个人消费
2221001995应交税费-应交税金-应交增值税-进项税额转出-其他
2202001000应付账款-应付账款
2221001080应交税费-应交税金-个人所得税
2241下所有明细科目
1012011000其他货币资金-加油（气）站资金
1013001000内部存款-内部结算存款
2211002001应付职工薪酬-应付福利费-提取数
2228001002应交境外税金-应交增值税-销项税额
2228011001应交境外税金-代扣代缴税-代扣代缴增值税
2228011002应交境外税金-代扣代缴税-代扣企业所得税
2228011998应交境外税金-代扣代缴税-其他
2228023000应交境外税金-预扣税",是指企业各部门日常发生的各项与职工福利相关的食堂误餐补贴，通过填写费用报销单，以立即支付或挂账的方式结算,费用报销单,自办食堂经费补贴结算汇总表,自办食堂经费补贴明细表,大庆中心,吴月明,正常,,
94,采购至应付,费用报销,A1_03_0001,费用报销,A02084,发放供暖补贴,"5010120000 员工费用-福利费 
2211002005 应付职工薪酬-应付福利费-福利费支出-供暖费补贴
2221001003应交税费-应交税金-应交增值税-进项税额-进项税额
2228001004应交境外税金-应交增值税-进项税额","2221001009应交税费-应交税金-应交增值税-进项税额转出-集体福利、个人消费
2221001995应交税费-应交税金-应交增值税-进项税额转出-其他
2202001000应付账款-应付账款
2221001080应交税费-应交税金-个人所得税
2241下所有明细科目
1012011000其他货币资金-加油（气）站资金
1013001000内部存款-内部结算存款
2211002001应付职工薪酬-应付福利费-提取数
2228001002应交境外税金-应交增值税-销项税额
2228011001应交境外税金-代扣代缴税-代扣代缴增值税
2228011002应交境外税金-代扣代缴税-代扣企业所得税
2228011998应交境外税金-代扣代缴税-其他
2228023000应交境外税金-预扣税",是指企业各部门为员工以资金形式发放用于供暖的福利，通过填写费用报销单，以立即支付方式结算,费用报销单,供暖费补贴发放汇总表,供暖费补贴发放明细表,大庆中心,吴晶,正常,,
95,采购至应付,费用报销,A1_03_0001,费用报销,A02085,结算员工供暖费,"5010120000 员工费用-福利费 
2211002005 应付职工薪酬-应付福利费-福利费支出-供暖费补贴
2221001003应交税费-应交税金-应交增值税-进项税额-进项税额
2228001004应交境外税金-应交增值税-进项税额","2221001009应交税费-应交税金-应交增值税-进项税额转出-集体福利、个人消费
2221001995应交税费-应交税金-应交增值税-进项税额转出-其他
2202001000应付账款-应付账款
2221001080应交税费-应交税金-个人所得税
2241下所有明细科目
1012011000其他货币资金-加油（气）站资金
1013001000内部存款-内部结算存款
2211002001应付职工薪酬-应付福利费-提取数
2228001002应交境外税金-应交增值税-销项税额
2228011001应交境外税金-代扣代缴税-代扣代缴增值税
2228011002应交境外税金-代扣代缴税-代扣企业所得税
2228011998应交境外税金-代扣代缴税-其他
2228023000应交境外税金-预扣税",是指企业各部门日常发生与员工福利相关的供暖费，通过填写费用报销单，以立即支付或挂账的方式结算。,费用报销单,员工供暖费结算汇总表,,大庆中心,吴晶,正常,,
96,采购至应付,费用报销,A1_03_0001,费用报销,A02086,发放物业补贴,"5010120000 员工费用-福利费 
2211002002 应付职工薪酬-应付福利费-福利费支出-离退休人员统筹外费用 
6711022001 营业外支出-维稳支出-未向企业提供服务的有偿解除劳动合同的人员费用
2221001003应交税费-应交税金-应交增值税-进项税额-进项税额
2228001004应交境外税金-应交增值税-进项税额","2221001009应交税费-应交税金-应交增值税-进项税额转出-集体福利、个人消费
2221001995应交税费-应交税金-应交增值税-进项税额转出-其他
2202001000应付账款-应付账款
2221001080应交税费-应交税金-个人所得税
2241下所有明细科目
1012011000其他货币资金-加油（气）站资金
1013001000内部存款-内部结算存款
2211002001应付职工薪酬-应付福利费-提取数
2228001002应交境外税金-应交增值税-销项税额
2228011001应交境外税金-代扣代缴税-代扣代缴增值税
2228011002应交境外税金-代扣代缴税-代扣企业所得税
2228011998应交境外税金-代扣代缴税-其他
2228023000应交境外税金-预扣税",是指企业为离退休统筹外人员、买断人员、退岗家属等相关人员以资金形式发放物业补贴的福利，通过填写费用报销单，以立即支付方式结算,费用报销单,物业补贴发放汇总表,,大庆中心,李巍巍,正常,,
97,采购至应付,费用报销,A1_03_0001,费用报销,A02087,结算员工物业费,"5010120000 员工费用-福利费 
2211002998 应付职工薪酬-应付福利费-福利费支出-其他
2221001003应交税费-应交税金-应交增值税-进项税额-进项税额
2228001004应交境外税金-应交增值税-进项税额","2221001009应交税费-应交税金-应交增值税-进项税额转出-集体福利、个人消费
2221001995应交税费-应交税金-应交增值税-进项税额转出-其他
2202001000应付账款-应付账款
2221001080应交税费-应交税金-个人所得税
2241下所有明细科目
1012011000其他货币资金-加油（气）站资金
1013001000内部存款-内部结算存款
2211002001应付职工薪酬-应付福利费-提取数
2228001002应交境外税金-应交增值税-销项税额
2228011001应交境外税金-代扣代缴税-代扣代缴增值税
2228011002应交境外税金-代扣代缴税-代扣企业所得税
2228011998应交境外税金-代扣代缴税-其他
2228023000应交境外税金-预扣税",是指企业各部门日常发生与员工福利相关的物业费，通过填写费用报销单，以立即支付或挂账的方式结算。,费用报销单,员工物业费结算汇总表,,大庆中心,李巍巍,正常,,
98,采购至应付,费用报销,A1_03_0001,费用报销,A02088,报销防暑降温费,"5010120000 员工费用-福利费 
2211002015 应付职工薪酬-应付福利费-福利费支出-防暑降温费
2221001003应交税费-应交税金-应交增值税-进项税额-进项税额
2228001004应交境外税金-应交增值税-进项税额","2221001009应交税费-应交税金-应交增值税-进项税额转出-集体福利、个人消费
2221001995应交税费-应交税金-应交增值税-进项税额转出-其他
2202001000应付账款-应付账款
2221001080应交税费-应交税金-个人所得税
2241下所有明细科目
1012011000其他货币资金-加油（气）站资金
1013001000内部存款-内部结算存款
2228001002应交境外税金-应交增值税-销项税额
2228011001应交境外税金-代扣代缴税-代扣代缴增值税
2228011002应交境外税金-代扣代缴税-代扣企业所得税
2228011998应交境外税金-代扣代缴税-其他
2228023000应交境外税金-预扣税",是指企业报销在岗的员工凭票报销用于防暑降温的费用，通过填写费用报销单，以立即支付方式结算,费用报销单,防暑降温费发放汇总表,,大庆中心,李巍巍,正常,,
99,采购至应付,费用报销,A1_03_0001,费用报销,A02089,发放防暑降温用品-个人,"5010120000 员工费用-福利费 
2211002015 应付职工薪酬-应付福利费-福利费支出-防暑降温费
2221001003应交税费-应交税金-应交增值税-进项税额-进项税额
2228001004应交境外税金-应交增值税-进项税额","2221001009应交税费-应交税金-应交增值税-进项税额转出-集体福利、个人消费
2221001995应交税费-应交税金-应交增值税-进项税额转出-其他
2202001000应付账款-应付账款
2221001080应交税费-应交税金-个人所得税
2241下所有明细科目
1012011000其他货币资金-加油（气）站资金
1013001000内部存款-内部结算存款
2211002001应付职工薪酬-应付福利费-提取数
2228001002应交境外税金-应交增值税-销项税额
2228011001应交境外税金-代扣代缴税-代扣代缴增值税
2228011002应交境外税金-代扣代缴税-代扣企业所得税
2228011998应交境外税金-代扣代缴税-其他
2228023000应交境外税金-预扣税",是指企业为在岗的员工以实物形式发放给个人的用于防暑降温的福利，通过填写费用报销单，以立即支付方式或挂账方式结算,费用报销单,防暑降温用品（个人）验收汇总表,,大庆中心,李巍巍,正常,,
100,采购至应付,费用报销,A1_03_0001,费用报销,A02090,结算防暑降温用品-部门,"5010120000 员工费用-福利费 
2211002015 应付职工薪酬-应付福利费-福利费支出-防暑降温费
2221001003应交税费-应交税金-应交增值税-进项税额-进项税额
2228001004应交境外税金-应交增值税-进项税额","2221001009应交税费-应交税金-应交增值税-进项税额转出-集体福利、个人消费
2221001995应交税费-应交税金-应交增值税-进项税额转出-其他
2202001000应付账款-应付账款
2221001080应交税费-应交税金-个人所得税
2241下所有明细科目
1012011000其他货币资金-加油（气）站资金
1013001000内部存款-内部结算存款
2211002001应付职工薪酬-应付福利费-提取数
2228001002应交境外税金-应交增值税-销项税额
2228011001应交境外税金-代扣代缴税-代扣代缴增值税
2228011002应交境外税金-代扣代缴税-代扣企业所得税
2228011998应交境外税金-代扣代缴税-其他
2228023000应交境外税金-预扣税",是指企业为在岗的员工以实物形式发放给部门的用于防暑降温的福利，通过填写费用报销单，以立即支付方式或挂账方式结算,费用报销单,防暑降温用品（部门）验收汇总表,,大庆中心,李巍巍,正常,,
101,采购至应付,费用报销,A1_03_0001,费用报销,A02091,结算疗养费,"5010120000 员工费用-福利费 
2211002003 应付职工薪酬-应付福利费-福利费支出-疗养费
2221001003应交税费-应交税金-应交增值税-进项税额-进项税额
2228001004应交境外税金-应交增值税-进项税额","2221001009应交税费-应交税金-应交增值税-进项税额转出-集体福利、个人消费
2221001995应交税费-应交税金-应交增值税-进项税额转出-其他
2202001000应付账款-应付账款
2221001080应交税费-应交税金-个人所得税
2241下所有明细科目
1012011000其他货币资金-加油（气）站资金
1013001000内部存款-内部结算存款
2211002001应付职工薪酬-应付福利费-提取数
2228001002应交境外税金-应交增值税-销项税额
2228011001应交境外税金-代扣代缴税-代扣代缴增值税
2228011002应交境外税金-代扣代缴税-代扣企业所得税
2228011998应交境外税金-代扣代缴税-其他
2228023000应交境外税金-预扣税",是指企业各部门日常发生的各项与职工福利相关的疗养费，通过填写费用报销单，以立即支付或挂账的方式结算对公疗养费,费用报销单,疗养费结算汇总表,疗养费结算明细表,大庆中心,李巍巍,正常,,
102,采购至应付,费用报销,A1_03_0001,费用报销,A02092,报销疗养费,"5010120000 员工费用-福利费 
2211002003 应付职工薪酬-应付福利费-福利费支出-疗养费
2221001003应交税费-应交税金-应交增值税-进项税额-进项税额
2228001004应交境外税金-应交增值税-进项税额","2221001009应交税费-应交税金-应交增值税-进项税额转出-集体福利、个人消费
2221001995应交税费-应交税金-应交增值税-进项税额转出-其他
2202001000应付账款-应付账款
2221001080应交税费-应交税金-个人所得税
2241下所有明细科目
1012011000其他货币资金-加油（气）站资金
1013001000内部存款-内部结算存款
2211002001应付职工薪酬-应付福利费-提取数
2228001002应交境外税金-应交增值税-销项税额
2228011001应交境外税金-代扣代缴税-代扣代缴增值税
2228011002应交境外税金-代扣代缴税-代扣企业所得税
2228011998应交境外税金-代扣代缴税-其他
2228023000应交境外税金-预扣税",是指企业以资金形式支付的员工凭票报销用于疗养的费用，通过填写费用报销单，以立即支付方式结算,费用报销单,疗养费发放汇总表,疗养费发放明细表,大庆中心,李巍巍,正常,,
103,采购至应付,费用报销,A1_03_0001,费用报销,A02093,结算医药费,"5010120000 员工费用-福利费 
2211002004 应付职工薪酬-应付福利费-福利费支出-医药费
2221001003应交税费-应交税金-应交增值税-进项税额-进项税额
2228001004应交境外税金-应交增值税-进项税额","2221001009应交税费-应交税金-应交增值税-进项税额转出-集体福利、个人消费
2221001995应交税费-应交税金-应交增值税-进项税额转出-其他
2202001000应付账款-应付账款
2221001080应交税费-应交税金-个人所得税
2241下所有明细科目
1012011000其他货币资金-加油（气）站资金
1013001000内部存款-内部结算存款
2211002001应付职工薪酬-应付福利费-提取数
2228001002应交境外税金-应交增值税-销项税额
2228011001应交境外税金-代扣代缴税-代扣代缴增值税
2228011002应交境外税金-代扣代缴税-代扣企业所得税
2228011998应交境外税金-代扣代缴税-其他
2228023000应交境外税金-预扣税",是指企业各部门日常发生的各项与职工福利相关的医药费，通过填写费用报销单，以立即支付或挂账的方式结算对公医药费。,费用报销单,医药费结算汇总表,,大庆中心,李巍巍,正常,,
104,采购至应付,费用报销,A1_03_0001,费用报销,A02094,报销医药费,"5010120000 员工费用-福利费 
2211002004 应付职工薪酬-应付福利费-福利费支出-医药费
2221001003应交税费-应交税金-应交增值税-进项税额-进项税额
2228001004应交境外税金-应交增值税-进项税额","2221001009应交税费-应交税金-应交增值税-进项税额转出-集体福利、个人消费
2221001995应交税费-应交税金-应交增值税-进项税额转出-其他
2202001000应付账款-应付账款
2221001080应交税费-应交税金-个人所得税
2241下所有明细科目
1012011000其他货币资金-加油（气）站资金
1013001000内部存款-内部结算存款
2211002001应付职工薪酬-应付福利费-提取数
2228001002应交境外税金-应交增值税-销项税额
2228011001应交境外税金-代扣代缴税-代扣代缴增值税
2228011002应交境外税金-代扣代缴税-代扣企业所得税
2228011998应交境外税金-代扣代缴税-其他
2228023000应交境外税金-预扣税",是指企业各部门日常发生的各项与职工福利相关的医药费，通过填写费用报销单，以立即支付或挂账的方式报销个人医药费。,费用报销单,医药费发放汇总表,医药费报销明细表,大庆中心,李巍巍,正常,,
105,采购至应付,费用报销,A1_03_0001,费用报销,A02095,发放送温暖资金、慰问费、职工困难补助,"5010120000 员工费用-福利费 
2211002017 应付职工薪酬-应付福利费-福利费支出-慰问费
2211002006应付职工薪酬-应付福利费-福利费支出-职工困难补助
2221001003应交税费-应交税金-应交增值税-进项税额-进项税额
2228001004应交境外税金-应交增值税-进项税额","2221001009应交税费-应交税金-应交增值税-进项税额转出-集体福利、个人消费
2221001995应交税费-应交税金-应交增值税-进项税额转出-其他
2202001000应付账款-应付账款
2221001080应交税费-应交税金-个人所得税
2241下所有明细科目
1012011000其他货币资金-加油（气）站资金
1013001000内部存款-内部结算存款
2211002001应付职工薪酬-应付福利费-提取数
2228001002应交境外税金-应交增值税-销项税额
2228011001应交境外税金-代扣代缴税-代扣代缴增值税
2228011002应交境外税金-代扣代缴税-代扣企业所得税
2228011998应交境外税金-代扣代缴税-其他
2228023000应交境外税金-预扣税",是指企业为在岗的员工以资金形式发放用于温暖资金、慰问、职工困难补助的福利，通过填写费用报销单，以立即支付方式结算,费用报销单,职工送温暖资金、慰问费、职工困难补助发放汇总表,,大庆中心,吴晶,正常,,
106,采购至应付,费用报销,A1_03_0001,费用报销,A02096,发放送温暖、职工困难等慰问品-发放集体慰问品,"5010120000 员工费用-福利费 
2211002017 应付职工薪酬-应付福利费-福利费支出-慰问费
2221001003应交税费-应交税金-应交增值税-进项税额-进项税额
2228001004应交境外税金-应交增值税-进项税额","2221001009应交税费-应交税金-应交增值税-进项税额转出-集体福利、个人消费
2221001995应交税费-应交税金-应交增值税-进项税额转出-其他
2202001000应付账款-应付账款
2221001080应交税费-应交税金-个人所得税
2241下所有明细科目
1012011000其他货币资金-加油（气）站资金
1013001000内部存款-内部结算存款
2211002001应付职工薪酬-应付福利费-提取数
2228001002应交境外税金-应交增值税-销项税额
2228011001应交境外税金-代扣代缴税-代扣代缴增值税
2228011002应交境外税金-代扣代缴税-代扣企业所得税
2228011998应交境外税金-代扣代缴税-其他
2228023000应交境外税金-预扣税",是指企业为在岗的员工以实物形式发放给集体用于温暖资金、慰问、职工困难补助的福利，通过填写费用报销单，以立即支付方式或挂账方式结算。,费用报销单,（集体）送温暖、慰问费等慰问品验收汇总表,,大庆中心,吴晶,正常,,
107,采购至应付,费用报销,A1_03_0001,费用报销,A02097,发放送温暖、职工困难等慰问品-发放职工慰问品,"5010120000 员工费用-福利费 
2211002017 应付职工薪酬-应付福利费-福利费支出-慰问费
2221001003应交税费-应交税金-应交增值税-进项税额-进项税额
2228001004应交境外税金-应交增值税-进项税额","2221001009应交税费-应交税金-应交增值税-进项税额转出-集体福利、个人消费
2221001995应交税费-应交税金-应交增值税-进项税额转出-其他
2202001000应付账款-应付账款
2221001080应交税费-应交税金-个人所得税
2241下所有明细科目
1012011000其他货币资金-加油（气）站资金
1013001000内部存款-内部结算存款
2211002001应付职工薪酬-应付福利费-提取数
2228001002应交境外税金-应交增值税-销项税额
2228011001应交境外税金-代扣代缴税-代扣代缴增值税
2228011002应交境外税金-代扣代缴税-代扣企业所得税
2228011998应交境外税金-代扣代缴税-其他
2228023000应交境外税金-预扣税",是指企业为在岗的员工以实物形式发放给个人用于温暖资金、慰问、职工困难补助的福利，通过填写费用报销单，以立即支付方式或挂账方式结算。,费用报销单,（个人）送温暖、慰问费等慰问品验收汇总表,,大庆中心,吴晶,正常,,
108,采购至应付,费用报销,A1_03_0001,费用报销,A02098,发放独生子女费,"5010120000 员工费用-福利费 
2211002009 应付职工薪酬-应付福利费-福利费支出-独生子女费
2221001003应交税费-应交税金-应交增值税-进项税额-进项税额
2228001004应交境外税金-应交增值税-进项税额","2221001009应交税费-应交税金-应交增值税-进项税额转出-集体福利、个人消费
2221001995应交税费-应交税金-应交增值税-进项税额转出-其他
2202001000应付账款-应付账款
2221001080应交税费-应交税金-个人所得税
2241下所有明细科目
1012011000其他货币资金-加油（气）站资金
1013001000内部存款-内部结算存款
2211002001应付职工薪酬-应付福利费-提取数
2228001002应交境外税金-应交增值税-销项税额
2228011001应交境外税金-代扣代缴税-代扣代缴增值税
2228011002应交境外税金-代扣代缴税-代扣企业所得税
2228011998应交境外税金-代扣代缴税-其他
2228023000应交境外税金-预扣税",是指企业报销在岗的员工凭票报销用于独生子女的费用，通过填写费用报销单，以立即支付方式结算,费用报销单,独生子女费发放汇总表,独生子女父母奖励费明细表,大庆中心,李巍巍,正常,,
109,采购至应付,费用报销,A1_03_0001,费用报销,A02099,发放离退休人员独生子女奖励,"5010120000 员工费用-福利费 
2211002009 应付职工薪酬-应付福利费-福利费支出-独生子女费
2221001003应交税费-应交税金-应交增值税-进项税额-进项税额
2228001004应交境外税金-应交增值税-进项税额","2221001009应交税费-应交税金-应交增值税-进项税额转出-集体福利、个人消费
2221001995应交税费-应交税金-应交增值税-进项税额转出-其他
2202001000应付账款-应付账款
2221001080应交税费-应交税金-个人所得税
2241下所有明细科目
1012011000其他货币资金-加油（气）站资金
1013001000内部存款-内部结算存款
2211002001应付职工薪酬-应付福利费-提取数
2228001002应交境外税金-应交增值税-销项税额
2228011001应交境外税金-代扣代缴税-代扣代缴增值税
2228011002应交境外税金-代扣代缴税-代扣企业所得税
2228011998应交境外税金-代扣代缴税-其他
2228023000应交境外税金-预扣税",是指企业各部门日常发生的离退休人员的独生子女补贴，通过填写费用报销单，以立即支付或挂账的方式结算。,费用报销单,离退休独生子女一次性奖励发放汇总表,离退休独生子女一次性奖励明细表,大庆中心,吴晶,正常,,
110,采购至应付,费用报销,A1_03_0001,费用报销,A02100,发放离退休人员统筹外补贴,"1221008998其他应收款-代垫款项-其他 
2241021003其他应付款-代收拨款-集团
5010120000 员工费用-福利费 
2211002002 应付职工薪酬-应付福利费-福利费支出-离退休人员统筹外费用
2221001003应交税费-应交税金-应交增值税-进项税额-进项税额
2228001004应交境外税金-应交增值税-进项税额","2221001009应交税费-应交税金-应交增值税-进项税额转出-集体福利、个人消费
2221001995应交税费-应交税金-应交增值税-进项税额转出-其他
2202001000应付账款-应付账款
2221001080应交税费-应交税金-个人所得税
2241下所有明细科目
1012011000其他货币资金-加油（气）站资金
1013001000内部存款-内部结算存款
2211002001应付职工薪酬-应付福利费-提取数
2228001002应交境外税金-应交增值税-销项税额
2228011001应交境外税金-代扣代缴税-代扣代缴增值税
2228011002应交境外税金-代扣代缴税-代扣企业所得税
2228011998应交境外税金-代扣代缴税-其他
2228023000应交境外税金-预扣税",是指企业发放给本单位离退休人员个人的各类统筹外补贴，通过填写费用报销单，以立即支付或挂账的方式结算,费用报销单,离退休人员统筹外费用发放汇总表,,大庆中心,吴晶,正常,原“离退休人员费用”核算用场景“A02416发放离退休人员费用”承载,
111,采购至应付,费用报销,A1_03_0001,费用报销,A02101,发放托儿托幼费,"5010120000 员工费用-福利费 
2211002016 应付职工薪酬-应付福利费-福利费支出-托幼费
2221001003应交税费-应交税金-应交增值税-进项税额-进项税额
2228001004应交境外税金-应交增值税-进项税额","2221001009应交税费-应交税金-应交增值税-进项税额转出-集体福利、个人消费
2221001995应交税费-应交税金-应交增值税-进项税额转出-其他
2202001000应付账款-应付账款
2221001080应交税费-应交税金-个人所得税
2241下所有明细科目
1012011000其他货币资金-加油（气）站资金
1013001000内部存款-内部结算存款
2211002001应付职工薪酬-应付福利费-提取数
2228001002应交境外税金-应交增值税-销项税额
2228011001应交境外税金-代扣代缴税-代扣代缴增值税
2228011002应交境外税金-代扣代缴税-代扣企业所得税
2228011998应交境外税金-代扣代缴税-其他
2228023000应交境外税金-预扣税",是指企业为在岗的员工以资金形式发放用于托儿托幼的福利，通过填写费用报销单，以立即支付方式结算,费用报销单,托儿托幼费发放汇总表,发放托儿托幼费明细表,大庆中心,吴月明,正常,,
112,采购至应付,费用报销,A1_03_0001,费用报销,A02102,发放女工卫生保健费,"5010120000 员工费用-福利费 
2211002998 应付职工薪酬-应付福利费-福利费支出-其他
2221001003应交税费-应交税金-应交增值税-进项税额-进项税额
2228001004应交境外税金-应交增值税-进项税额","2221001009应交税费-应交税金-应交增值税-进项税额转出-集体福利、个人消费
2221001995应交税费-应交税金-应交增值税-进项税额转出-其他
2202001000应付账款-应付账款
2221001080应交税费-应交税金-个人所得税
2241下所有明细科目
1012011000其他货币资金-加油（气）站资金
1013001000内部存款-内部结算存款
2211002001应付职工薪酬-应付福利费-提取数
2228001002应交境外税金-应交增值税-销项税额
2228011001应交境外税金-代扣代缴税-代扣代缴增值税
2228011002应交境外税金-代扣代缴税-代扣企业所得税
2228011998应交境外税金-代扣代缴税-其他
2228023000应交境外税金-预扣税",是指企业为在岗的员工以资金形式发放用于女工卫生保健的福利，通过填写费用报销单，以立即支付方式结算,费用报销单,女工卫生保健费发放汇总表,发放明细表,大庆中心,吴晶,正常,,
113,采购至应付,费用报销,A1_03_0001,费用报销,A02103,发放女工保健用品,"5010120000 员工费用-福利费 
2211002998 应付职工薪酬-应付福利费-福利费支出-其他
2221001003应交税费-应交税金-应交增值税-进项税额-进项税额
2228001004应交境外税金-应交增值税-进项税额","2221001009应交税费-应交税金-应交增值税-进项税额转出-集体福利、个人消费
2221001995应交税费-应交税金-应交增值税-进项税额转出-其他
2202001000应付账款-应付账款
2221001080应交税费-应交税金-个人所得税
2241下所有明细科目
1012011000其他货币资金-加油（气）站资金
1013001000内部存款-内部结算存款
2211002001应付职工薪酬-应付福利费-提取数
2228001002应交境外税金-应交增值税-销项税额
2228011001应交境外税金-代扣代缴税-代扣代缴增值税
2228011002应交境外税金-代扣代缴税-代扣企业所得税
2228011998应交境外税金-代扣代缴税-其他
2228023000应交境外税金-预扣税",是指企业为在岗的员工以实物形式发放用于女工保健的福利，通过填写费用报销单，以立即支付方式或挂账方式结算。,费用报销单,女工保健用品验收汇总表,,大庆中心,吴晶,正常,,
114,采购至应付,费用报销,A1_03_0001,费用报销,A02104,报销探亲费,"5010120000 员工费用-福利费
2211002010应付职工薪酬-应付福利费-福利费支出-探亲路费
2221001003应交税费-应交税金-应交增值税-进项税额-进项税额
2228001004应交境外税金-应交增值税-进项税额","2221001009应交税费-应交税金-应交增值税-进项税额转出-集体福利、个人消费
2221001995应交税费-应交税金-应交增值税-进项税额转出-其他
2202001000应付账款-应付账款
2221001080应交税费-应交税金-个人所得税
2241下所有明细科目
1012011000其他货币资金-加油（气）站资金
1013001000内部存款-内部结算存款
2211002001应付职工薪酬-应付福利费-提取数
2228001002应交境外税金-应交增值税-销项税额
2228011001应交境外税金-代扣代缴税-代扣代缴增值税
2228011002应交境外税金-代扣代缴税-代扣企业所得税
2228011998应交境外税金-代扣代缴税-其他
2228023000应交境外税金-预扣税",是指企业各部门日常发生的各项与职工福利相关的报销探亲费，通过填写费用报销单，以立即支付或挂账的方式报销。,费用报销单,探亲费发放汇总表,,大庆中心,吴晶,正常,,
115,采购至应付,费用报销,A1_03_0001,费用报销,A02105,发放职工抚恤金,"5010120000 员工费用-福利费 
2211002007 应付职工薪酬-应付福利费-福利费支出-丧葬补助费、抚恤费
2221001003应交税费-应交税金-应交增值税-进项税额-进项税额
2228001004应交境外税金-应交增值税-进项税额","2221001009应交税费-应交税金-应交增值税-进项税额转出-集体福利、个人消费
2221001995应交税费-应交税金-应交增值税-进项税额转出-其他
2202001000应付账款-应付账款
2221001080应交税费-应交税金-个人所得税
2241下所有明细科目
1012011000其他货币资金-加油（气）站资金
1013001000内部存款-内部结算存款
2211002001应付职工薪酬-应付福利费-提取数
2228001002应交境外税金-应交增值税-销项税额
2228011001应交境外税金-代扣代缴税-代扣代缴增值税
2228011002应交境外税金-代扣代缴税-代扣企业所得税
2228011998应交境外税金-代扣代缴税-其他
2228023000应交境外税金-预扣税",是指企业为职工以资金形式发放用于职工直系亲属抚恤金的福利，通过填写费用报销单，以立即支付方式结算。,费用报销单,职工抚恤金发放汇总表,抚恤费明细表,大庆中心,吴晶,正常,,
116,采购至应付,费用报销,A1_03_0001,费用报销,A02106,发放职工丧葬费用及补助,"5010120000 员工费用-福利费 
2211002007 应付职工薪酬-应付福利费-福利费支出-丧葬补助费、抚恤费
2221001003应交税费-应交税金-应交增值税-进项税额-进项税额
2228001004应交境外税金-应交增值税-进项税额","2221001009应交税费-应交税金-应交增值税-进项税额转出-集体福利、个人消费
2221001995应交税费-应交税金-应交增值税-进项税额转出-其他
2202001000应付账款-应付账款
2221001080应交税费-应交税金-个人所得税
2241下所有明细科目
1012011000其他货币资金-加油（气）站资金
1013001000内部存款-内部结算存款
2211002001应付职工薪酬-应付福利费-提取数
2228001002应交境外税金-应交增值税-销项税额
2228011001应交境外税金-代扣代缴税-代扣代缴增值税
2228011002应交境外税金-代扣代缴税-代扣企业所得税
2228011998应交境外税金-代扣代缴税-其他
2228023000应交境外税金-预扣税",是指企业为职工以资金形式发放用于职工本人的丧葬费用及补助的福利，通过填写费用报销单，以立即支付方式结算。,费用报销单,职工丧葬及补助发放汇总表,职工丧葬及补助费明细表,大庆中心,吴晶,正常,,
117,采购至应付,费用报销,A1_03_0001,费用报销,A02107,结算职工异地安家费,"5010120000 员工费用-福利费 
2211002008 应付职工薪酬-应付福利费-福利费支出-职工异地安家费
2221001003应交税费-应交税金-应交增值税-进项税额-进项税额
2228001004应交境外税金-应交增值税-进项税额","2221001009应交税费-应交税金-应交增值税-进项税额转出-集体福利、个人消费
2221001995应交税费-应交税金-应交增值税-进项税额转出-其他
2202001000应付账款-应付账款
2221001080应交税费-应交税金-个人所得税
2241下所有明细科目
1012011000其他货币资金-加油（气）站资金
1013001000内部存款-内部结算存款
2211002001应付职工薪酬-应付福利费-提取数
2228001002应交境外税金-应交增值税-销项税额
2228011001应交境外税金-代扣代缴税-代扣代缴增值税
2228011002应交境外税金-代扣代缴税-代扣企业所得税
2228011998应交境外税金-代扣代缴税-其他
2228023000应交境外税金-预扣税",是指企业各部门日常发生的各项与职工福利相关的职工异地安家费用，通过填写费用报销单，以立即支付或挂账的方式进行结算。,费用报销单,职工异地安家费结算汇总表,,大庆中心,吴晶,正常,,
118,采购至应付,费用报销,A1_03_0001,费用报销,A02108,结算内设福利部门设备设施支出,"5010120000 员工费用-福利费 
2211002012 应付职工薪酬-应付福利费-福利费支出-内设福利部门设备、设施费
2221001003应交税费-应交税金-应交增值税-进项税额-进项税额
2228001004应交境外税金-应交增值税-进项税额","2221001009应交税费-应交税金-应交增值税-进项税额转出-集体福利、个人消费
2221001995应交税费-应交税金-应交增值税-进项税额转出-其他
2202001000应付账款-应付账款
2221001080应交税费-应交税金-个人所得税
2241下所有明细科目
1012011000其他货币资金-加油（气）站资金
1013001000内部存款-内部结算存款
2211002001应付职工薪酬-应付福利费-提取数
2228001002应交境外税金-应交增值税-销项税额
2228011001应交境外税金-代扣代缴税-代扣代缴增值税
2228011002应交境外税金-代扣代缴税-代扣企业所得税
2228011998应交境外税金-代扣代缴税-其他
2228023000应交境外税金-预扣税",是指企业各部门内设福利部门设备设施相关支出，通过填写费用报销单，以立即支付或挂账的方式进行结算。,费用报销单,内设福利部门设备设施支出结算汇总表,,大庆中心,吴晶,正常,,
119,采购至应付,费用报销,A1_03_0001,费用报销,A02109,结算内设福利部门服务费,"5010120000 员工费用-福利费 
2211002014应付职工薪酬-应付福利费-福利费支出-内设福利部门其他支出
2221001003应交税费-应交税金-应交增值税-进项税额-进项税额
2228001004应交境外税金-应交增值税-进项税额","2221001009应交税费-应交税金-应交增值税-进项税额转出-集体福利、个人消费
2221001995应交税费-应交税金-应交增值税-进项税额转出-其他
2202001000应付账款-应付账款
2221001080应交税费-应交税金-个人所得税
2241下所有明细科目
1012011000其他货币资金-加油（气）站资金
1013001000内部存款-内部结算存款
2211002001应付职工薪酬-应付福利费-提取数
2228001002应交境外税金-应交增值税-销项税额
2228011001应交境外税金-代扣代缴税-代扣代缴增值税
2228011002应交境外税金-代扣代缴税-代扣企业所得税
2228011998应交境外税金-代扣代缴税-其他
2228023000应交境外税金-预扣税",是指企业各部门内设福利部门相关的清洁、维护保养、其他服务等服务费，通过填写费用报销单，以立即支付或挂账的方式进行结算。,费用报销单,内设福利部门服务费支出结算汇总表,,大庆中心,吴晶,正常,,
120,采购至应付,费用报销,A1_03_0001,费用报销,A02110,结算内设福利部门日常消耗,"5010120000 员工费用-福利费 
2211002014应付职工薪酬-应付福利费-福利费支出-内设福利部门其他支出
2221001003应交税费-应交税金-应交增值税-进项税额-进项税额
2228001004应交境外税金-应交增值税-进项税额","2221001009应交税费-应交税金-应交增值税-进项税额转出-集体福利、个人消费
2221001995应交税费-应交税金-应交增值税-进项税额转出-其他
2202001000应付账款-应付账款
2221001080应交税费-应交税金-个人所得税
2241下所有明细科目
1012011000其他货币资金-加油（气）站资金
1013001000内部存款-内部结算存款
2211002001应付职工薪酬-应付福利费-提取数
2228001002应交境外税金-应交增值税-销项税额
2228011001应交境外税金-代扣代缴税-代扣代缴增值税
2228011002应交境外税金-代扣代缴税-代扣企业所得税
2228011998应交境外税金-代扣代缴税-其他
2228023000应交境外税金-预扣税",是指企业各部门内设福利部门日常发生的各项日常消耗，通过填写费用报销单，以立即支付或挂账的方式进行结算。,费用报销单,内设福利部门日常费用结算汇总表,,大庆中心,吴晶,正常,,
121,采购至应付,费用报销,A1_03_0001,费用报销,A02111,结算内设福利部门人员费用,"5010120000 员工费用-福利费 
2211002012 2211002013 应付职工薪酬-应付福利费-福利费支出-内设福利部门人员费用
2221001003应交税费-应交税金-应交增值税-进项税额-进项税额
2228001004应交境外税金-应交增值税-进项税额","2221001009应交税费-应交税金-应交增值税-进项税额转出-集体福利、个人消费
2221001995应交税费-应交税金-应交增值税-进项税额转出-其他
2202001000应付账款-应付账款
2221001080应交税费-应交税金-个人所得税
2241下所有明细科目
1012011000其他货币资金-加油（气）站资金
1013001000内部存款-内部结算存款
2211002001应付职工薪酬-应付福利费-提取数
2228001002应交境外税金-应交增值税-销项税额
2228011001应交境外税金-代扣代缴税-代扣代缴增值税
2228011002应交境外税金-代扣代缴税-代扣企业所得税
2228011998应交境外税金-代扣代缴税-其他
2228023000应交境外税金-预扣税",是指企业各部门内设福利部门劳务费用，通过填写费用报销单，以立即支付或挂账的方式进行结算。,费用报销单,内设福利部门人员费用结算汇总表,内设福利部门人员费用支出明细表,大庆中心,吴晶,正常,,
122,采购至应付,费用报销,A1_03_0001,费用报销,A02112,结算体检费,"5010120000 员工费用-福利费 
2211002019 应付职工薪酬-应付福利费-福利费支出-健康体检费
2221001003应交税费-应交税金-应交增值税-进项税额-进项税额
2228001004应交境外税金-应交增值税-进项税额","2221001009应交税费-应交税金-应交增值税-进项税额转出-集体福利、个人消费
2221001995应交税费-应交税金-应交增值税-进项税额转出-其他
2202001000应付账款-应付账款
2221001080应交税费-应交税金-个人所得税
2241下所有明细科目
1012011000其他货币资金-加油（气）站资金
1013001000内部存款-内部结算存款
2211002001应付职工薪酬-应付福利费-提取数
2228001002应交境外税金-应交增值税-销项税额
2228011001应交境外税金-代扣代缴税-代扣代缴增值税
2228011002应交境外税金-代扣代缴税-代扣企业所得税
2228011998应交境外税金-代扣代缴税-其他
2228023000应交境外税金-预扣税",是指企业各部门日常发生的各项与职工福利相关的职工体检、非职业健康体检费所发生的费用，通过填写费用报销单，以立即支付或挂账的方式进行结算。,费用报销单,体检费结算汇总表,体检费明细表,大庆中心,李巍巍,正常,,
123,采购至应付,费用报销,A1_03_0001,费用报销,A02113,结算职工福利用品,"5010120000 员工费用-福利费 
2211002018 应付职工薪酬-应付福利费-福利费支出-职工福利用品
2221001003应交税费-应交税金-应交增值税-进项税额-进项税额
2228001004应交境外税金-应交增值税-进项税额","2221001009应交税费-应交税金-应交增值税-进项税额转出-集体福利、个人消费
2221001995应交税费-应交税金-应交增值税-进项税额转出-其他
2202001000应付账款-应付账款
2221001080应交税费-应交税金-个人所得税
2241下所有明细科目
1012011000其他货币资金-加油（气）站资金
1013001000内部存款-内部结算存款
2211002001应付职工薪酬-应付福利费-提取数
2228001002应交境外税金-应交增值税-销项税额
2228011001应交境外税金-代扣代缴税-代扣代缴增值税
2228011002应交境外税金-代扣代缴税-代扣企业所得税
2228011998应交境外税金-代扣代缴税-其他
2228023000应交境外税金-预扣税",是指企业各部门日常发生的各项与职工福利相关的福利用品发放，通过填写费用报销单，以立即支付或挂账的方式进行结算。,费用报销单,职工福利用品验收汇总表,,大庆中心,吴晶,正常,,
124,采购至应付,费用报销,A1_03_0001,费用报销,A02114,结算个人通勤费,"5010120000 员工费用-福利费 
2211002998 应付职工薪酬-应付福利费-福利费支出-其他
2221001003应交税费-应交税金-应交增值税-进项税额-进项税额
2228001004应交境外税金-应交增值税-进项税额","2221001009应交税费-应交税金-应交增值税-进项税额转出-集体福利、个人消费
2221001995应交税费-应交税金-应交增值税-进项税额转出-其他
2202001000应付账款-应付账款
2221001080应交税费-应交税金-个人所得税
2241下所有明细科目
1012011000其他货币资金-加油（气）站资金
1013001000内部存款-内部结算存款
2211002001应付职工薪酬-应付福利费-提取数
2228001002应交境外税金-应交增值税-销项税额
2228011001应交境外税金-代扣代缴税-代扣代缴增值税
2228011002应交境外税金-代扣代缴税-代扣企业所得税
2228011998应交境外税金-代扣代缴税-其他
2228023000应交境外税金-预扣税",是指企业为职工提供通勤福利，与提供服务的公司进行结算的费用，通过填写费用报销单，以立即支付方式结算。,费用报销单,个人通勤费发放汇总表,通勤费用明细表,大庆中心,吴晶,正常,,
125,采购至应付,费用报销,A1_03_0001,费用报销,A02115,结算防疫服务费,"5010120000 员工费用-福利费 
2211002998 应付职工薪酬-应付福利费-福利费支出-其他
2221001003应交税费-应交税金-应交增值税-进项税额-进项税额
2228001004应交境外税金-应交增值税-进项税额","2221001009应交税费-应交税金-应交增值税-进项税额转出-集体福利、个人消费
2221001995应交税费-应交税金-应交增值税-进项税额转出-其他
2202001000应付账款-应付账款
2221001080应交税费-应交税金-个人所得税
2241下所有明细科目
1012011000其他货币资金-加油（气）站资金
1013001000内部存款-内部结算存款
2211002001应付职工薪酬-应付福利费-提取数
2228001002应交境外税金-应交增值税-销项税额
2228011001应交境外税金-代扣代缴税-代扣代缴增值税
2228011002应交境外税金-代扣代缴税-代扣企业所得税
2228011998应交境外税金-代扣代缴税-其他
2228023000应交境外税金-预扣税",是指企业各部门日常发生的各项与职工福利相关的防疫服务费用，通过填写费用报销单，以立即支付或挂账的方式进行结算。,费用报销单,防疫服务费结算汇总表,,大庆中心,吴晶,正常,,
126,采购至应付,费用报销,A1_03_0001,费用报销,A02116,结算防疫用品,"5010120000 员工费用-福利费 
2211002998 应付职工薪酬-应付福利费-福利费支出-其他
2221001003应交税费-应交税金-应交增值税-进项税额-进项税额
2228001004应交境外税金-应交增值税-进项税额","2221001009应交税费-应交税金-应交增值税-进项税额转出-集体福利、个人消费
2221001995应交税费-应交税金-应交增值税-进项税额转出-其他
2202001000应付账款-应付账款
2221001080应交税费-应交税金-个人所得税
2241下所有明细科目
1012011000其他货币资金-加油（气）站资金
1013001000内部存款-内部结算存款
2211002001应付职工薪酬-应付福利费-提取数
2228001002应交境外税金-应交增值税-销项税额
2228011001应交境外税金-代扣代缴税-代扣代缴增值税
2228011002应交境外税金-代扣代缴税-代扣企业所得税
2228011998应交境外税金-代扣代缴税-其他
2228023000应交境外税金-预扣税",是指企业各部门日常发生的各项与职工福利相关的防疫用品费用，通过填写费用报销单，以立即支付或挂账的方式进行结算。,费用报销单,防疫用品验收汇总表,,大庆中心,吴晶,正常,,
127,采购至应付,费用报销,A1_03_0001,费用报销,A02117,发放辞退福利,"5010100000员工费用-辞退福利
2211014001应付职工薪酬-辞退福利-短期辞退福利
2211014002应付职工薪酬-辞退福利-长期辞退福利
2211014003应付职工薪酬-辞退福利-一次性支付补偿
2211014998应付职工薪酬-辞退福利-其他
2221001003应交税费-应交税金-应交增值税-进项税额-进项税额
2228001004应交境外税金-应交增值税-进项税额","2211014001应付职工薪酬-辞退福利-短期辞退福利
2211014002应付职工薪酬-辞退福利-长期辞退福利
2211014003应付职工薪酬-辞退福利-一次性支付补偿
2211014998应付职工薪酬-辞退福利-其他
2221001009应交税费-应交税金-应交增值税-进项税额转出-集体福利、个人消费
2221001995应交税费-应交税金-应交增值税-进项税额转出-其他
2202001000应付账款-应付账款
2221001080应交税费-应交税金-个人所得税
2241下所有明细科目
1012011000其他货币资金-加油（气）站资金
1013001000内部存款-内部结算存款
2228001002应交境外税金-应交增值税-销项税额
2228011001应交境外税金-代扣代缴税-代扣代缴增值税
2228011002应交境外税金-代扣代缴税-代扣企业所得税
2228011998应交境外税金-代扣代缴税-其他
2228023000应交境外税金-预扣税",是指企业为职工以资金形式发放用于在职工劳动合同到期之前解除与职工的劳动关系，而给予职工的补偿，通过填写费用报销单，以立即支付或挂账方式进行结算。,费用报销单,辞退福利发放汇总表,,大庆中心,吴晶,正常,,
128,采购至应付,费用报销,A1_03_0001,费用报销,A02118,发放内部退休赔偿金,"5010100000员工费用-辞退福利
2211014004应付职工薪酬-辞退福利-内部退休人员支出
2221001003应交税费-应交税金-应交增值税-进项税额-进项税额
2228001004应交境外税金-应交增值税-进项税额","2211014004应付职工薪酬-辞退福利-内部退休人员支出
2221001009应交税费-应交税金-应交增值税-进项税额转出-集体福利、个人消费
2221001995应交税费-应交税金-应交增值税-进项税额转出-其他
2202001000应付账款-应付账款
2221001080应交税费-应交税金-个人所得税
2241下所有明细科目
1012011000其他货币资金-加油（气）站资金
1013001000内部存款-内部结算存款
2228001002应交境外税金-应交增值税-销项税额
2228011001应交境外税金-代扣代缴税-代扣代缴增值税
2228011002应交境外税金-代扣代缴税-代扣企业所得税
2228011998应交境外税金-代扣代缴税-其他
2228023000应交境外税金-预扣税",是指企业为职工以资金形式发放职工虽然没有与公司解除劳动关系，但未来不再为公司服务和带来经济利益，公司承诺提供实质上具有辞退福利性质的经济补偿的，应当比照辞退福利处理，通过填写费用报销单，以立即支付或挂账方式进行结算。,费用报销单,内部退休赔偿金发放汇总表,,大庆中心,吴晶,正常,,
129,采购至应付,费用报销,A1_03_0001,费用报销,A02119,结算企业负担工伤费用,"5010120000员工费用-福利费
2211002998 应付职工薪酬-应付福利费-福利费支出-其他
2221001003应交税费-应交税金-应交增值税-进项税额-进项税额
2228001004应交境外税金-应交增值税-进项税额","2221001009应交税费-应交税金-应交增值税-进项税额转出-集体福利、个人消费
2221001995应交税费-应交税金-应交增值税-进项税额转出-其他
2202001000应付账款-应付账款
2221001080应交税费-应交税金-个人所得税
2241下所有明细科目
1012011000其他货币资金-加油（气）站资金
1013001000内部存款-内部结算存款
2211002001应付职工薪酬-应付福利费-提取数
2228001002应交境外税金-应交增值税-销项税额
2228011001应交境外税金-代扣代缴税-代扣代缴增值税
2228011002应交境外税金-代扣代缴税-代扣企业所得税
2228011998应交境外税金-代扣代缴税-其他
2228023000应交境外税金-预扣税",是指企业各部门日常发生的各项与职工福利相关的由企业负担的工伤赔偿费用，通过填写费用报销单，以立即支付或挂账的方式进行结算。,费用报销单,企业负担工伤结算汇总表,,大庆中心,吴晶,正常,,
130,采购至应付,费用报销,A1_03_0001,费用报销,A02120,结算陪护及护理费,"5010120000 员工费用-福利费 
2211002998 应付职工薪酬-应付福利费-福利费支出-其他
2221001003应交税费-应交税金-应交增值税-进项税额-进项税额
2228001004应交境外税金-应交增值税-进项税额","2221001009应交税费-应交税金-应交增值税-进项税额转出-集体福利、个人消费
2221001995应交税费-应交税金-应交增值税-进项税额转出-其他
2202001000应付账款-应付账款
2221001080应交税费-应交税金-个人所得税
2241下所有明细科目
1012011000其他货币资金-加油（气）站资金
1013001000内部存款-内部结算存款
2211002001应付职工薪酬-应付福利费-提取数
2228001002应交境外税金-应交增值税-销项税额
2228011001应交境外税金-代扣代缴税-代扣代缴增值税
2228011002应交境外税金-代扣代缴税-代扣企业所得税
2228011998应交境外税金-代扣代缴税-其他
2228023000应交境外税金-预扣税",是指企业各部门日常发生的各项与职工福利相关的因工伤陪护及护理发生的费用，通过填写费用报销单，以立即支付或挂账的方式进行结算。,费用报销单,陪护及护理费结算汇总表,,大庆中心,吴晶,正常,,
131,采购至应付,费用报销,A1_03_0001,费用报销,A02121,结算丧葬费,"5010120000 员工费用-福利费 
2211002007 应付职工薪酬-应付福利费-福利费支出-丧葬补助费、抚恤费
2221001003应交税费-应交税金-应交增值税-进项税额-进项税额
2228001004应交境外税金-应交增值税-进项税额","2221001009应交税费-应交税金-应交增值税-进项税额转出-集体福利、个人消费
2221001995应交税费-应交税金-应交增值税-进项税额转出-其他
2202001000应付账款-应付账款
2221001080应交税费-应交税金-个人所得税
2241下所有明细科目
1012011000其他货币资金-加油（气）站资金
1013001000内部存款-内部结算存款
2211002001应付职工薪酬-应付福利费-提取数
2228001002应交境外税金-应交增值税-销项税额
2228011001应交境外税金-代扣代缴税-代扣代缴增值税
2228011002应交境外税金-代扣代缴税-代扣企业所得税
2228011998应交境外税金-代扣代缴税-其他
2228023000应交境外税金-预扣税",是指企业各部门日常发生的各项与职工福利相关的职工丧葬费用，通过填写费用报销单，以立即支付或挂账的方式进行结算。,费用报销单,丧葬相关费用结算汇总表,,大庆中心,吴晶,正常,,
132,采购至应付,费用报销,A1_03_0001,费用报销,A02122,发放无偿献血补贴,"5010120000 员工费用-福利费 
2211002998 应付职工薪酬-应付福利费-福利费支出-其他
2221001003应交税费-应交税金-应交增值税-进项税额-进项税额
2228001004应交境外税金-应交增值税-进项税额","2221001009应交税费-应交税金-应交增值税-进项税额转出-集体福利、个人消费
2221001995应交税费-应交税金-应交增值税-进项税额转出-其他
2202001000应付账款-应付账款
2221001080应交税费-应交税金-个人所得税
2241下所有明细科目
1012011000其他货币资金-加油（气）站资金
1013001000内部存款-内部结算存款
2211002001应付职工薪酬-应付福利费-提取数
2228001002应交境外税金-应交增值税-销项税额
2228011001应交境外税金-代扣代缴税-代扣代缴增值税
2228011002应交境外税金-代扣代缴税-代扣企业所得税
2228011998应交境外税金-代扣代缴税-其他
2228023000应交境外税金-预扣税",是指企业为职工以资金形式发放用于无偿献血补贴，通过填写费用报销单，以立即支付或挂账的方式进行结算。,费用报销单,无偿献血补贴发放汇总表,,大庆中心,吴月明,正常,,
133,采购至应付,费用报销,A1_03_0001,费用报销,A02123,发放节育手术补贴,"5010120000 员工费用-福利费 
2211002998 应付职工薪酬-应付福利费-福利费支出-其他
2221001003应交税费-应交税金-应交增值税-进项税额-进项税额
2228001004应交境外税金-应交增值税-进项税额","2221001009应交税费-应交税金-应交增值税-进项税额转出-集体福利、个人消费
2221001995应交税费-应交税金-应交增值税-进项税额转出-其他
2202001000应付账款-应付账款
2221001080应交税费-应交税金-个人所得税
2241下所有明细科目
1012011000其他货币资金-加油（气）站资金
1013001000内部存款-内部结算存款
2211002001应付职工薪酬-应付福利费-提取数
2228001002应交境外税金-应交增值税-销项税额
2228011001应交境外税金-代扣代缴税-代扣代缴增值税
2228011002应交境外税金-代扣代缴税-代扣企业所得税
2228011998应交境外税金-代扣代缴税-其他
2228023000应交境外税金-预扣税",是指企业为职工以资金形式发放用于节育手术补贴，通过填写费用报销单，以立即支付或挂账的方式进行结算。,费用报销单,节育手术补贴发放汇总表,,大庆中心,吴月明,正常,,
134,采购至应付,费用报销,A1_03_0001,费用报销,A02124,结算工会活动服务费,"2211007000应付职工薪酬-工会经费
2221001003应交税费-应交税金-应交增值税-进项税额-进项税额
2228001004应交境外税金-应交增值税-进项税额","2221001009应交税费-应交税金-应交增值税-进项税额转出-集体福利、个人消费
2221001995应交税费-应交税金-应交增值税-进项税额转出-其他
2202001000应付账款-应付账款
2221001080应交税费-应交税金-个人所得税
2241下所有明细科目
1012011000其他货币资金-加油（气）站资金
1013001000内部存款-内部结算存款
2228001002应交境外税金-应交增值税-销项税额
2228011001应交境外税金-代扣代缴税-代扣代缴增值税
2228011002应交境外税金-代扣代缴税-代扣企业所得税
2228011998应交境外税金-代扣代缴税-其他
2228023000应交境外税金-预扣税",是指企业各部门日常发生的组织开展各项工会活动的服务费用，通过填写费用报销单，以立即支付或挂账的方式结算,费用报销单,工会活动服务费结算汇总表,,成都中心,谢菊,正常,,
135,采购至应付,费用报销,A1_03_0001,费用报销,A02125,结算购买工会活动用品,"2211007000应付职工薪酬-工会经费
2221001003应交税费-应交税金-应交增值税-进项税额-进项税额
2228001004应交境外税金-应交增值税-进项税额","2221001009应交税费-应交税金-应交增值税-进项税额转出-集体福利、个人消费
2221001995应交税费-应交税金-应交增值税-进项税额转出-其他
2202001000应付账款-应付账款
2221001080应交税费-应交税金-个人所得税
2241下所有明细科目
1012011000其他货币资金-加油（气）站资金
1013001000内部存款-内部结算存款
2228001002应交境外税金-应交增值税-销项税额
2228011001应交境外税金-代扣代缴税-代扣代缴增值税
2228011002应交境外税金-代扣代缴税-代扣企业所得税
2228011998应交境外税金-代扣代缴税-其他
2228023000应交境外税金-预扣税",是指企业各部门日常发生的购买工会活动用品费用，通过填写费用报销单，以立即支付或挂账的方式结算,费用报销单,购买工会活动用品验收汇总表,,成都中心,谢菊,正常,,
136,采购至应付,费用报销,A1_03_0001,费用报销,A02126,结算共享服务费,"5044100000共享服务费
2221001003应交税费-应交税金-应交增值税-进项税额-进项税额
2228001004应交境外税金-应交增值税-进项税额","2221001009应交税费-应交税金-应交增值税-进项税额转出-集体福利、个人消费
2221001995应交税费-应交税金-应交增值税-进项税额转出-其他
2202001000应付账款-应付账款
2221001080应交税费-应交税金-个人所得税
2241下所有明细科目
1012011000其他货币资金-加油（气）站资金
1013001000内部存款-内部结算存款
2228001002应交境外税金-应交增值税-销项税额
2228011001应交境外税金-代扣代缴税-代扣代缴增值税
2228011002应交境外税金-代扣代缴税-代扣企业所得税
2228011998应交境外税金-代扣代缴税-其他
2228023000应交境外税金-预扣税",是指企业接受共享运营公司提供的财务、人力资源相关服务而产生的费用，通过填写费用报销单，以立即支付或挂账方式进行结算,费用报销单,共享服务费结算汇总表,,西安中心,徐意,正常,,
137,采购至应付,费用报销,A1_03_0001,费用报销,A02127,结算报刊杂志广告费,"5025010000广告费-报刊杂志广告支出
2221001003应交税费-应交税金-应交增值税-进项税额-进项税额
2228001004应交境外税金-应交增值税-进项税额","2221001009应交税费-应交税金-应交增值税-进项税额转出-集体福利、个人消费
2221001995应交税费-应交税金-应交增值税-进项税额转出-其他
2202001000应付账款-应付账款
2221001080应交税费-应交税金-个人所得税
2241下所有明细科目
1012011000其他货币资金-加油（气）站资金
1013001000内部存款-内部结算存款
2228001002应交境外税金-应交增值税-销项税额
2228011001应交境外税金-代扣代缴税-代扣代缴增值税
2228011002应交境外税金-代扣代缴税-代扣企业所得税
2228011998应交境外税金-代扣代缴税-其他
2228023000应交境外税金-预扣税",是指企业通过报刊、杂志媒介介绍自己所推销的商品或所提供的服务，而支付给广告经营者、发布者的费用，通过填写费用报销单，以立即支付或挂账的方式结算,费用报销单,广告费结算汇总表,,成都中心,叶田,正常,,
138,采购至应付,费用报销,A1_03_0001,费用报销,A02128,结算广播电视广告费,"5025020000广告费-广播电视广告支出
2221001003应交税费-应交税金-应交增值税-进项税额-进项税额
2228001004应交境外税金-应交增值税-进项税额","2221001009应交税费-应交税金-应交增值税-进项税额转出-集体福利、个人消费
2221001995应交税费-应交税金-应交增值税-进项税额转出-其他
2202001000应付账款-应付账款
2221001080应交税费-应交税金-个人所得税
2241下所有明细科目
1012011000其他货币资金-加油（气）站资金
1013001000内部存款-内部结算存款
2228001002应交境外税金-应交增值税-销项税额
2228011001应交境外税金-代扣代缴税-代扣代缴增值税
2228011002应交境外税金-代扣代缴税-代扣企业所得税
2228011998应交境外税金-代扣代缴税-其他
2228023000应交境外税金-预扣税",是指企业通过广播、电视媒介和形式介绍自己所推销的商品或所提供的服务，而支付给广告经营者、发布者的费用，通过填写费用报销单，以立即支付或挂账的方式结算,费用报销单,广告费结算汇总表,,成都中心,叶田,正常,,
139,采购至应付,费用报销,A1_03_0001,费用报销,A02129,结算其他媒体广告费,"5025030098广告费-其他媒体广告支出
2221001003应交税费-应交税金-应交增值税-进项税额-进项税额
2228001004应交境外税金-应交增值税-进项税额","2221001009应交税费-应交税金-应交增值税-进项税额转出-集体福利、个人消费
2221001995应交税费-应交税金-应交增值税-进项税额转出-其他
2202001000应付账款-应付账款
2221001080应交税费-应交税金-个人所得税
2241下所有明细科目
1012011000其他货币资金-加油（气）站资金
1013001000内部存款-内部结算存款
2228001002应交境外税金-应交增值税-销项税额
2228011001应交境外税金-代扣代缴税-代扣代缴增值税
2228011002应交境外税金-代扣代缴税-代扣企业所得税
2228011998应交境外税金-代扣代缴税-其他
2228023000应交境外税金-预扣税",是指企业通过其他媒介和形式介绍自己所推销的商品或所提供的服务，而支付给广告经营者、发布者的费用，通过填写费用报销单，以立即支付或挂账的方式结算,费用报销单,广告费结算汇总表,,成都中心,叶田,正常,,
140,采购至应付,费用报销,A1_03_0001,费用报销,A02130,结算参加会议费用,"5038000000会议费
2221001003应交税费-应交税金-应交增值税-进项税额-进项税额
2228001004应交境外税金-应交增值税-进项税额","2221001009应交税费-应交税金-应交增值税-进项税额转出-集体福利、个人消费
2221001995应交税费-应交税金-应交增值税-进项税额转出-其他
2202001000应付账款-应付账款
2221001080应交税费-应交税金-个人所得税
2241下所有明细科目
1012011000其他货币资金-加油（气）站资金
1013001000内部存款-内部结算存款
2228001002应交境外税金-应交增值税-销项税额
2228011001应交境外税金-代扣代缴税-代扣代缴增值税
2228011002应交境外税金-代扣代缴税-代扣企业所得税
2228011998应交境外税金-代扣代缴税-其他
2228023000应交境外税金-预扣税",是指企业各部门日常发生的员工参加公司内部、外部会议产生的会议费（不含交通及补助）或企业统一对公结算的会议费，通过填写费用报销单，以立即支付或挂账的方式结算,费用报销单,参加会议费结算汇总表,,成都中心,叶田,正常,,
141,采购至应付,费用报销,A1_03_0001,费用报销,A02131,结算主办会议-服务支出,"5038000000会议费
2221001003应交税费-应交税金-应交增值税-进项税额-进项税额
2228001004应交境外税金-应交增值税-进项税额","2221001009应交税费-应交税金-应交增值税-进项税额转出-集体福利、个人消费
2221001995应交税费-应交税金-应交增值税-进项税额转出-其他
2202001000应付账款-应付账款
2221001080应交税费-应交税金-个人所得税
2241下所有明细科目
1012011000其他货币资金-加油（气）站资金
1013001000内部存款-内部结算存款
2228001002应交境外税金-应交增值税-销项税额
2228011001应交境外税金-代扣代缴税-代扣代缴增值税
2228011002应交境外税金-代扣代缴税-代扣企业所得税
2228011998应交境外税金-代扣代缴税-其他
2228023000应交境外税金-预扣税",是指企业各部门日常发生的主办会议发生的场地租赁、会务服务、会展服务等相关费用，通过填写费用报销单，以立即支付或挂账的方式结算,费用报销单,主办会议-服务支出结算汇总表,就餐及住宿明细,成都中心,叶田,正常,,
142,采购至应付,费用报销,A1_03_0001,费用报销,A02132,结算主办会议-购买会议用品,"5038000000会议费
2221001003应交税费-应交税金-应交增值税-进项税额-进项税额
2228001004应交境外税金-应交增值税-进项税额","2221001009应交税费-应交税金-应交增值税-进项税额转出-集体福利、个人消费
2221001995应交税费-应交税金-应交增值税-进项税额转出-其他
2202001000应付账款-应付账款
2221001080应交税费-应交税金-个人所得税
2241下所有明细科目
1012011000其他货币资金-加油（气）站资金
1013001000内部存款-内部结算存款
2228001002应交境外税金-应交增值税-销项税额
2228011001应交境外税金-代扣代缴税-代扣代缴增值税
2228011002应交境外税金-代扣代缴税-代扣企业所得税
2228011998应交境外税金-代扣代缴税-其他
2228023000应交境外税金-预扣税",是指企业各部门日常发生的购买会议用品费用，通过填写费用报销单，以立即支付或挂账的方式结算,费用报销单,主办会议-购买会议用品验收汇总表,,成都中心,叶田,正常,,
143,采购至应付,费用报销,A1_03_0001,费用报销,A02133,结算技术服务费,"5020010000技术服务费-外协费
5020020000技术服务费-业务外包技术服务费
5020030098技术服务费-其他
2221001003应交税费-应交税金-应交增值税-进项税额-进项税额
2228001004应交境外税金-应交增值税-进项税额","2221001009应交税费-应交税金-应交增值税-进项税额转出-集体福利、个人消费
2221001995应交税费-应交税金-应交增值税-进项税额转出-其他
2202001000应付账款-应付账款
2221001080应交税费-应交税金-个人所得税
2241下所有明细科目
1012011000其他货币资金-加油（气）站资金
1013001000内部存款-内部结算存款
2228001002应交境外税金-应交增值税-销项税额
2228011001应交境外税金-代扣代缴税-代扣代缴增值税
2228011002应交境外税金-代扣代缴税-代扣企业所得税
2228011998应交境外税金-代扣代缴税-其他
2228023000应交境外税金-预扣税",是指企业各部门日常发生的技术服务费，通过填写费用报销单，以立即支付或挂账的方式结算,费用报销单,技术服务费结算汇总表,,成都中心,叶田,正常,,
144,采购至应付,费用报销,A1_03_0001,费用报销,A02134,结算委托研发支出费,"5021010000委托研发支出-外协费
5021020000委托研发支出-其他
2221001003应交税费-应交税金-应交增值税-进项税额-进项税额
2228001004应交境外税金-应交增值税-进项税额","2221001009应交税费-应交税金-应交增值税-进项税额转出-集体福利、个人消费
2221001995应交税费-应交税金-应交增值税-进项税额转出-其他
2202001000应付账款-应付账款
2221001080应交税费-应交税金-个人所得税
2241下所有明细科目
1012011000其他货币资金-加油（气）站资金
1013001000内部存款-内部结算存款
2228001002应交境外税金-应交增值税-销项税额
2228011001应交境外税金-代扣代缴税-代扣代缴增值税
2228011002应交境外税金-代扣代缴税-代扣企业所得税
2228011998应交境外税金-代扣代缴税-其他
2228023000应交境外税金-预扣税",是指企业委托其他企业、大学、研究机构、转制院所、技术专业服务机构和境外机构进行研究开发活动所发生的费用，通过填写费用报销单，以立即支付或挂账的方式结算,费用报销单,委托研发支出费结算汇总表,,成都中心,叶田,正常,,
145,采购至应付,费用报销,A1_03_0001,费用报销,A02135,结算专利及专有技术使用费,"5046030000专利及专有技术使用费
2221001003应交税费-应交税金-应交增值税-进项税额-进项税额
2228001004应交境外税金-应交增值税-进项税额","2221001009应交税费-应交税金-应交增值税-进项税额转出-集体福利、个人消费
2221001995应交税费-应交税金-应交增值税-进项税额转出-其他
2202001000应付账款-应付账款
2221001080应交税费-应交税金-个人所得税
2241下所有明细科目
1012011000其他货币资金-加油（气）站资金
1013001000内部存款-内部结算存款
2228001002应交境外税金-应交增值税-销项税额
2228011001应交境外税金-代扣代缴税-代扣代缴增值税
2228011002应交境外税金-代扣代缴税-代扣企业所得税
2228011998应交境外税金-代扣代缴税-其他
2228023000应交境外税金-预扣税",是指企业购买专利及专有技术使用权所发生的费用，通过填写费用报销单，以立即支付或挂账的方式结算,费用报销单,专利及专有技术使用费结算汇总表,,成都中心,叶田,正常,,
146,采购至应付,费用报销,A1_03_0001,费用报销,A02136,结算技术转让费,"5044070000技术转让费
2221001003应交税费-应交税金-应交增值税-进项税额-进项税额
2228001004应交境外税金-应交增值税-进项税额","2221001009应交税费-应交税金-应交增值税-进项税额转出-集体福利、个人消费
2221001995应交税费-应交税金-应交增值税-进项税额转出-其他
2202001000应付账款-应付账款
2221001080应交税费-应交税金-个人所得税
2241下所有明细科目
1012011000其他货币资金-加油（气）站资金
1013001000内部存款-内部结算存款
2228001002应交境外税金-应交增值税-销项税额
2228011001应交境外税金-代扣代缴税-代扣代缴增值税
2228011002应交境外税金-代扣代缴税-代扣企业所得税
2228011998应交境外税金-代扣代缴税-其他
2228023000应交境外税金-预扣税",是指企业各部门日常发生的技术转让费，通过填写费用报销单，以立即支付或挂账的方式结算,费用报销单,技术转让费结算汇总表,,成都中心,叶田,正常,,
147,采购至应付,费用报销,A1_03_0001,费用报销,A02137,结算加油站道路开口费,"5047360000加油站道路开口费
2221001003应交税费-应交税金-应交增值税-进项税额-进项税额
2228001004应交境外税金-应交增值税-进项税额","2221001009应交税费-应交税金-应交增值税-进项税额转出-集体福利、个人消费
2221001995应交税费-应交税金-应交增值税-进项税额转出-其他
2202001000应付账款-应付账款
2221001080应交税费-应交税金-个人所得税
2241下所有明细科目
1012011000其他货币资金-加油（气）站资金
1013001000内部存款-内部结算存款
2228001002应交境外税金-应交增值税-销项税额
2228011001应交境外税金-代扣代缴税-代扣代缴增值税
2228011002应交境外税金-代扣代缴税-代扣企业所得税
2228011998应交境外税金-代扣代缴税-其他
2228023000应交境外税金-预扣税",指企业加油站需要在公路上增设或者改造平面交叉道口，所支付给政府的公路路产赔偿费等相关费用，通过填写费用报销单，以立即支付或挂账的方式结算,费用报销单,加油站道路开口费结算汇总表,,成都中心,叶田,正常,,
148,采购至应付,费用报销,A1_03_0001,费用报销,A02138,结算监理费,"5048110000业主监理费
2221001003应交税费-应交税金-应交增值税-进项税额-进项税额
2228001004应交境外税金-应交增值税-进项税额","2221001009应交税费-应交税金-应交增值税-进项税额转出-集体福利、个人消费
2221001995应交税费-应交税金-应交增值税-进项税额转出-其他
2202001000应付账款-应付账款
2221001080应交税费-应交税金-个人所得税
2241下所有明细科目
1012011000其他货币资金-加油（气）站资金
1013001000内部存款-内部结算存款
2228001002应交境外税金-应交增值税-销项税额
2228011001应交境外税金-代扣代缴税-代扣代缴增值税
2228011002应交境外税金-代扣代缴税-代扣企业所得税
2228011998应交境外税金-代扣代缴税-其他
2228023000应交境外税金-预扣税",是指企业依据国家有关机关规定和规程规范要求，工程建设项目法人委托工程监理机构对建设项目全过程实施监理所支付的费用，通过填写费用报销单，以立即支付或挂账的方式结算,费用报销单,监理费结算汇总表,,成都中心,叶田,正常,,
149,采购至应付,费用报销,A1_03_0001,费用报销,A02139,结算车辆检测费,"5047030000检测费
2221001003应交税费-应交税金-应交增值税-进项税额-进项税额
2228001004应交境外税金-应交增值税-进项税额","2221001009应交税费-应交税金-应交增值税-进项税额转出-集体福利、个人消费
2221001995应交税费-应交税金-应交增值税-进项税额转出-其他
2202001000应付账款-应付账款
2221001080应交税费-应交税金-个人所得税
2241下所有明细科目
1012011000其他货币资金-加油（气）站资金
1013001000内部存款-内部结算存款
2228001002应交境外税金-应交增值税-销项税额
2228011001应交境外税金-代扣代缴税-代扣代缴增值税
2228011002应交境外税金-代扣代缴税-代扣企业所得税
2228011998应交境外税金-代扣代缴税-其他
2228023000应交境外税金-预扣税",是指企业各部门日常发生的各项与车辆检测相关费用，通过填写费用报销单，以立即支付或挂账的方式进行结算,费用报销单,车辆检测费结算汇总表,,大庆中心,李巍巍,正常,,
150,采购至应付,费用报销,A1_03_0001,费用报销,A02140,结算仪器仪表检定费,"5047030000检测费
2221001003应交税费-应交税金-应交增值税-进项税额-进项税额
2228001004应交境外税金-应交增值税-进项税额","2221001009应交税费-应交税金-应交增值税-进项税额转出-集体福利、个人消费
2221001995应交税费-应交税金-应交增值税-进项税额转出-其他
2202001000应付账款-应付账款
2221001080应交税费-应交税金-个人所得税
2241下所有明细科目
1012011000其他货币资金-加油（气）站资金
1013001000内部存款-内部结算存款
2228001002应交境外税金-应交增值税-销项税额
2228011001应交境外税金-代扣代缴税-代扣代缴增值税
2228011002应交境外税金-代扣代缴税-代扣企业所得税
2228011998应交境外税金-代扣代缴税-其他
2228023000应交境外税金-预扣税",是指企业各部门日常发生的各项与仪器仪表检测相关费用，通过填写费用报销单，以立即支付或挂账的方式进行结算,费用报销单,设备检测费结算汇总表,,大庆中心,李巍巍,正常,,
151,采购至应付,费用报销,A1_03_0001,费用报销,A02143,结算加油机检测费,"5047030000检测费
2221001003应交税费-应交税金-应交增值税-进项税额-进项税额
2228001004应交境外税金-应交增值税-进项税额","2221001009应交税费-应交税金-应交增值税-进项税额转出-集体福利、个人消费
2221001995应交税费-应交税金-应交增值税-进项税额转出-其他
2202001000应付账款-应付账款
2221001080应交税费-应交税金-个人所得税
2241下所有明细科目
1012011000其他货币资金-加油（气）站资金
1013001000内部存款-内部结算存款
2228001002应交境外税金-应交增值税-销项税额
2228011001应交境外税金-代扣代缴税-代扣代缴增值税
2228011002应交境外税金-代扣代缴税-代扣企业所得税
2228011998应交境外税金-代扣代缴税-其他
2228023000应交境外税金-预扣税",是指企业各部门日常发生的各项与加油机检测相关费用，通过填写费用报销单，以立即支付或挂账的方式结算,费用报销单,设备检测费结算汇总表,,大庆中心,李巍巍,正常,,
152,采购至应付,费用报销,A1_03_0001,费用报销,A02144,结算加气机检测费,"5047030000检测费
2221001003应交税费-应交税金-应交增值税-进项税额-进项税额
2228001004应交境外税金-应交增值税-进项税额","2221001009应交税费-应交税金-应交增值税-进项税额转出-集体福利、个人消费
2221001995应交税费-应交税金-应交增值税-进项税额转出-其他
2202001000应付账款-应付账款
2221001080应交税费-应交税金-个人所得税
2241下所有明细科目
1012011000其他货币资金-加油（气）站资金
1013001000内部存款-内部结算存款
2228001002应交境外税金-应交增值税-销项税额
2228011001应交境外税金-代扣代缴税-代扣代缴增值税
2228011002应交境外税金-代扣代缴税-代扣企业所得税
2228011998应交境外税金-代扣代缴税-其他
2228023000应交境外税金-预扣税",是指企业各部门日常发生的各项与加气机检测相关费用，通过填写费用报销单，以立即支付或挂账的方式结算,费用报销单,设备检测费结算汇总表,,大庆中心,李巍巍,正常,,
153,采购至应付,费用报销,A1_03_0001,费用报销,A02145,结算计量器具检测费,"5047030000检测费
2221001003应交税费-应交税金-应交增值税-进项税额-进项税额
2228001004应交境外税金-应交增值税-进项税额","2221001009应交税费-应交税金-应交增值税-进项税额转出-集体福利、个人消费
2221001995应交税费-应交税金-应交增值税-进项税额转出-其他
2202001000应付账款-应付账款
2221001080应交税费-应交税金-个人所得税
2241下所有明细科目
1012011000其他货币资金-加油（气）站资金
1013001000内部存款-内部结算存款
2228001002应交境外税金-应交增值税-销项税额
2228011001应交境外税金-代扣代缴税-代扣代缴增值税
2228011002应交境外税金-代扣代缴税-代扣企业所得税
2228011998应交境外税金-代扣代缴税-其他
2228023000应交境外税金-预扣税",是指企业各部门日常发生的各项与计量器具检测相关费用，通过填写费用报销单，以立即支付或挂账的方式结算,费用报销单,设备检测费结算汇总表,,大庆中心,李巍巍,正常,,
154,采购至应付,费用报销,A1_03_0001,费用报销,A02150,结算安全设施及特种设备检测费,"5047030000检测费
2221001003应交税费-应交税金-应交增值税-进项税额-进项税额
2228001004应交境外税金-应交增值税-进项税额","2221001009应交税费-应交税金-应交增值税-进项税额转出-集体福利、个人消费
2221001995应交税费-应交税金-应交增值税-进项税额转出-其他
2202001000应付账款-应付账款
2221001080应交税费-应交税金-个人所得税
2241下所有明细科目
1012011000其他货币资金-加油（气）站资金
1013001000内部存款-内部结算存款
2228001002应交境外税金-应交增值税-销项税额
2228011001应交境外税金-代扣代缴税-代扣代缴增值税
2228011002应交境外税金-代扣代缴税-代扣企业所得税
2228011998应交境外税金-代扣代缴税-其他
2228023000应交境外税金-预扣税",是指企业各部门日常发生的各项与安全设施及特种设备检测相关费用，通过填写费用报销单，以立即支付或挂账的方式结算,费用报销单,设备检测费结算汇总表,,大庆中心,李巍巍,正常,,
155,采购至应付,费用报销,A1_03_0001,费用报销,A02151,结算设备检测费,"5047030000检测费
2221001003应交税费-应交税金-应交增值税-进项税额-进项税额
2228001004应交境外税金-应交增值税-进项税额","2221001009应交税费-应交税金-应交增值税-进项税额转出-集体福利、个人消费
2221001995应交税费-应交税金-应交增值税-进项税额转出-其他
2202001000应付账款-应付账款
2221001080应交税费-应交税金-个人所得税
2241下所有明细科目
1012011000其他货币资金-加油（气）站资金
1013001000内部存款-内部结算存款
2228001002应交境外税金-应交增值税-销项税额
2228011001应交境外税金-代扣代缴税-代扣代缴增值税
2228011002应交境外税金-代扣代缴税-代扣企业所得税
2228011998应交境外税金-代扣代缴税-其他
2228023000应交境外税金-预扣税",是指企业各部门日常发生的各项与设备检测相关费用，通过填写费用报销单，以立即支付或挂账的方式结算,费用报销单,设备检测费结算汇总表,,大庆中心,李巍巍,正常,,
156,采购至应付,费用报销,A1_03_0001,费用报销,A02141,结算油品检测费,"5047030000检测费
2221001003应交税费-应交税金-应交增值税-进项税额-进项税额
2228001004应交境外税金-应交增值税-进项税额","2221001009应交税费-应交税金-应交增值税-进项税额转出-集体福利、个人消费
2221001995应交税费-应交税金-应交增值税-进项税额转出-其他
2202001000应付账款-应付账款
2221001080应交税费-应交税金-个人所得税
2241下所有明细科目
1012011000其他货币资金-加油（气）站资金
1013001000内部存款-内部结算存款
2228001002应交境外税金-应交增值税-销项税额
2228011001应交境外税金-代扣代缴税-代扣代缴增值税
2228011002应交境外税金-代扣代缴税-代扣企业所得税
2228011998应交境外税金-代扣代缴税-其他
2228023000应交境外税金-预扣税",是指企业各部门日常发生的各项与油品检测相关费用，通过填写费用报销单，以立即支付或挂账的方式结算,费用报销单,产品检测费结算汇总表,,大庆中心,李巍巍,正常,,
157,采购至应付,费用报销,A1_03_0001,费用报销,A02147,结算劳保用品检测费,"5047030000检测费
2221001003应交税费-应交税金-应交增值税-进项税额-进项税额
2228001004应交境外税金-应交增值税-进项税额","2221001009应交税费-应交税金-应交增值税-进项税额转出-集体福利、个人消费
2221001995应交税费-应交税金-应交增值税-进项税额转出-其他
2202001000应付账款-应付账款
2221001080应交税费-应交税金-个人所得税
2241下所有明细科目
1012011000其他货币资金-加油（气）站资金
1013001000内部存款-内部结算存款
2228001002应交境外税金-应交增值税-销项税额
2228011001应交境外税金-代扣代缴税-代扣代缴增值税
2228011002应交境外税金-代扣代缴税-代扣企业所得税
2228011998应交境外税金-代扣代缴税-其他
2228023000应交境外税金-预扣税",是指企业各部门日常发生的各项与劳保用品检测相关费用，通过填写费用报销单，以立即支付或挂账的方式结算,费用报销单,产品检测费结算汇总表,,大庆中心,李巍巍,正常,,
158,采购至应付,费用报销,A1_03_0001,费用报销,A02149,结算化工产品检测费,"5047030000检测费
2221001003应交税费-应交税金-应交增值税-进项税额-进项税额
2228001004应交境外税金-应交增值税-进项税额","2221001009应交税费-应交税金-应交增值税-进项税额转出-集体福利、个人消费
2221001995应交税费-应交税金-应交增值税-进项税额转出-其他
2202001000应付账款-应付账款
2221001080应交税费-应交税金-个人所得税
2241下所有明细科目
1012011000其他货币资金-加油（气）站资金
1013001000内部存款-内部结算存款
2228001002应交境外税金-应交增值税-销项税额
2228011001应交境外税金-代扣代缴税-代扣代缴增值税
2228011002应交境外税金-代扣代缴税-代扣企业所得税
2228011998应交境外税金-代扣代缴税-其他
2228023000应交境外税金-预扣税",是指企业各部门日常发生的各项与化工产品检测相关费用，通过填写费用报销单，以立即支付或挂账的方式结算,费用报销单,产品检测费结算汇总表,,大庆中心,李巍巍,正常,,
159,采购至应付,费用报销,A1_03_0001,费用报销,A02142,结算防雷防静电检测费,"5047030000检测费
2221001003应交税费-应交税金-应交增值税-进项税额-进项税额
2228001004应交境外税金-应交增值税-进项税额","2221001009应交税费-应交税金-应交增值税-进项税额转出-集体福利、个人消费
2221001995应交税费-应交税金-应交增值税-进项税额转出-其他
2202001000应付账款-应付账款
2221001080应交税费-应交税金-个人所得税
2241下所有明细科目
1012011000其他货币资金-加油（气）站资金
1013001000内部存款-内部结算存款
2228001002应交境外税金-应交增值税-销项税额
2228011001应交境外税金-代扣代缴税-代扣代缴增值税
2228011002应交境外税金-代扣代缴税-代扣企业所得税
2228011998应交境外税金-代扣代缴税-其他
2228023000应交境外税金-预扣税",是指企业各部门日常发生的各项与防雷防静电检测相关费用，通过填写费用报销单，以立即支付或挂账的方式进行结算,费用报销单,其他检测费结算汇总表,,大庆中心,吴晶,正常,,
160,采购至应付,费用报销,A1_03_0001,费用报销,A02146,结算职业危害场所检测费,"5047030000检测费
2221001003应交税费-应交税金-应交增值税-进项税额-进项税额
2228001004应交境外税金-应交增值税-进项税额","2221001009应交税费-应交税金-应交增值税-进项税额转出-集体福利、个人消费
2221001995应交税费-应交税金-应交增值税-进项税额转出-其他
2202001000应付账款-应付账款
2221001080应交税费-应交税金-个人所得税
2241下所有明细科目
1012011000其他货币资金-加油（气）站资金
1013001000内部存款-内部结算存款
2228001002应交境外税金-应交增值税-销项税额
2228011001应交境外税金-代扣代缴税-代扣代缴增值税
2228011002应交境外税金-代扣代缴税-代扣企业所得税
2228011998应交境外税金-代扣代缴税-其他
2228023000应交境外税金-预扣税",是指企业各部门日常发生的各项与职业危害场所检测相关费用，通过填写费用报销单，以立即支付或挂账的方式结算,费用报销单,其他检测费结算汇总表,,大庆中心,吴晶,正常,,
161,采购至应付,费用报销,A1_03_0001,费用报销,A02148,结算接害岗位体检费,"5047030000检测费
2221001003应交税费-应交税金-应交增值税-进项税额-进项税额
2228001004应交境外税金-应交增值税-进项税额","2221001009应交税费-应交税金-应交增值税-进项税额转出-集体福利、个人消费
2221001995应交税费-应交税金-应交增值税-进项税额转出-其他
2202001000应付账款-应付账款
2221001080应交税费-应交税金-个人所得税
2241下所有明细科目
1012011000其他货币资金-加油（气）站资金
1013001000内部存款-内部结算存款
2228001002应交境外税金-应交增值税-销项税额
2228011001应交境外税金-代扣代缴税-代扣代缴增值税
2228011002应交境外税金-代扣代缴税-代扣企业所得税
2228011998应交境外税金-代扣代缴税-其他
2228023000应交境外税金-预扣税",是指企业各部门日常发生的各项与接害岗位体检相关费用，通过填写费用报销单，以立即支付或挂账的方式报销结算,费用报销单,其他检测费结算汇总表,,大庆中心,吴晶,正常,,
162,采购至应付,费用报销,A1_03_0001,费用报销,A02152,结算油气回收检测费,"5047030000检测费
2221001003应交税费-应交税金-应交增值税-进项税额-进项税额
2228001004应交境外税金-应交增值税-进项税额","2221001009应交税费-应交税金-应交增值税-进项税额转出-集体福利、个人消费
2221001995应交税费-应交税金-应交增值税-进项税额转出-其他
2202001000应付账款-应付账款
2221001080应交税费-应交税金-个人所得税
2241下所有明细科目
1012011000其他货币资金-加油（气）站资金
1013001000内部存款-内部结算存款
2228001002应交境外税金-应交增值税-销项税额
2228011001应交境外税金-代扣代缴税-代扣代缴增值税
2228011002应交境外税金-代扣代缴税-代扣企业所得税
2228011998应交境外税金-代扣代缴税-其他
2228023000应交境外税金-预扣税",是指企业各部门日常发生的各项与油气回收相关费用，通过填写费用报销单，以立即支付或挂账的方式结算,费用报销单,其他检测费结算汇总表,,大庆中心,吴晶,正常,,
163,采购至应付,费用报销,A1_03_0001,费用报销,A02153,结算银行业务费用（金融专用）,"5044150000银行服务费
5044180000银行托管费
5045010000银行结算费-网上银行
5045020098银行结算费-其他
2221001003应交税费-应交税金-应交增值税-进项税额-进项税额
2228001004应交境外税金-应交增值税-进项税额","2221001009应交税费-应交税金-应交增值税-进项税额转出-集体福利、个人消费
2221001995应交税费-应交税金-应交增值税-进项税额转出-其他
2202001000应付账款-应付账款
2221001080应交税费-应交税金-个人所得税
2241下所有明细科目
1012011000其他货币资金-加油（气）站资金
1013001000内部存款-内部结算存款
2228001002应交境外税金-应交增值税-销项税额
2228011001应交境外税金-代扣代缴税-代扣代缴增值税
2228011002应交境外税金-代扣代缴税-代扣企业所得税
2228011998应交境外税金-代扣代缴税-其他
2228023000应交境外税金-预扣税",是指金融板块发生的信用卡案件损失支出及昆仑银行核心业务发生的其他各项应付款项,费用报销单,银行业务费结算汇总表,,成都中心,叶田,正常,,
164,采购至应付,费用报销,A1_03_0001,费用报销,A02154,结算经营证照审验费,"5047530000经营证照审验费
2221001003应交税费-应交税金-应交增值税-进项税额-进项税额
2228001004应交境外税金-应交增值税-进项税额","2221001009应交税费-应交税金-应交增值税-进项税额转出-集体福利、个人消费
2221001995应交税费-应交税金-应交增值税-进项税额转出-其他
2202001000应付账款-应付账款
2221001080应交税费-应交税金-个人所得税
2241下所有明细科目
1012011000其他货币资金-加油（气）站资金
1013001000内部存款-内部结算存款
2228001002应交境外税金-应交增值税-销项税额
2228011001应交境外税金-代扣代缴税-代扣代缴增值税
2228011002应交境外税金-代扣代缴税-代扣企业所得税
2228011998应交境外税金-代扣代缴税-其他
2228023000应交境外税金-预扣税",是指企业定期进行经营证照审验产生的费用，通过填写费用报销单，以立即支付或挂账的方式进行结算,费用报销单,经营证照审验费结算汇总表,经营证照审验费报销明细表,大庆中心,李巍巍,正常,,
165,采购至应付,费用报销,A1_03_0001,费用报销,A02155,结算车辆驾照年检费,"5047530000经营证照审验费
2221001003应交税费-应交税金-应交增值税-进项税额-进项税额
2228001004应交境外税金-应交增值税-进项税额","2221001009应交税费-应交税金-应交增值税-进项税额转出-集体福利、个人消费
2221001995应交税费-应交税金-应交增值税-进项税额转出-其他
2202001000应付账款-应付账款
2221001080应交税费-应交税金-个人所得税
2241下所有明细科目
1012011000其他货币资金-加油（气）站资金
1013001000内部存款-内部结算存款
2228001002应交境外税金-应交增值税-销项税额
2228011001应交境外税金-代扣代缴税-代扣代缴增值税
2228011002应交境外税金-代扣代缴税-代扣企业所得税
2228011998应交境外税金-代扣代缴税-其他
2228023000应交境外税金-预扣税",指企业为审验车辆驾照、营运证照所发生的费用，通过填写费用报销单，以立即支付或挂账方式结算,费用报销单,经营证照审验费结算汇总表,经营证照审验费报销明细表,大庆中心,李巍巍,正常,,
166,采购至应付,费用报销,A1_03_0001,费用报销,A02156,结算警卫消防服务费,"5030030000警卫消防费-业务外包警卫消防费
5030040000警卫消防费-应急演练费用
5030050000警卫消防费-币钞运送费
5030060098警卫消防费-其他
2221001003应交税费-应交税金-应交增值税-进项税额-进项税额
2228001004应交境外税金-应交增值税-进项税额","2221001009应交税费-应交税金-应交增值税-进项税额转出-集体福利、个人消费
2221001995应交税费-应交税金-应交增值税-进项税额转出-其他
2202001000应付账款-应付账款
2221001080应交税费-应交税金-个人所得税
2241下所有明细科目
1012011000其他货币资金-加油（气）站资金
1013001000内部存款-内部结算存款
2228001002应交境外税金-应交增值税-销项税额
2228011001应交境外税金-代扣代缴税-代扣代缴增值税
2228011002应交境外税金-代扣代缴税-代扣企业所得税
2228011998应交境外税金-代扣代缴税-其他
2228023000应交境外税金-预扣税",是指企业各部门日常发生的各项与警卫消防服务相关费用，通过填写费用报销单，以立即支付或挂账的方式进行结算,费用报销单,警卫消防服务结算汇总表,,大庆中心,李巍巍,正常,,
167,采购至应付,费用报销,A1_03_0001,费用报销,A02157,结算购买警卫消防用品,"5030020000警卫消防费-警卫消防用品支出费用
2221001003应交税费-应交税金-应交增值税-进项税额-进项税额
2228001004应交境外税金-应交增值税-进项税额","2221001009应交税费-应交税金-应交增值税-进项税额转出-集体福利、个人消费
2221001995应交税费-应交税金-应交增值税-进项税额转出-其他
2202001000应付账款-应付账款
2221001080应交税费-应交税金-个人所得税
2241下所有明细科目
1012011000其他货币资金-加油（气）站资金
1013001000内部存款-内部结算存款
2228001002应交境外税金-应交增值税-销项税额
2228011001应交境外税金-代扣代缴税-代扣代缴增值税
2228011002应交境外税金-代扣代缴税-代扣企业所得税
2228011998应交境外税金-代扣代缴税-其他
2228023000应交境外税金-预扣税",是指企业各部门日常发生的各项与采购警卫消防用品相关费用，通过填写费用报销单，以立即支付或挂账的方式进行结算,费用报销单,警卫消防用品费验收汇总表,,大庆中心,吴月明,正常,,
168,采购至应付,费用报销,A1_03_0001,费用报销,A02158,结算考察联络费,"5047060000考察联络费
2221001003应交税费-应交税金-应交增值税-进项税额-进项税额
2228001004应交境外税金-应交增值税-进项税额","2221001009应交税费-应交税金-应交增值税-进项税额转出-集体福利、个人消费
2221001995应交税费-应交税金-应交增值税-进项税额转出-其他
2202001000应付账款-应付账款
2221001080应交税费-应交税金-个人所得税
2241下所有明细科目
1012011000其他货币资金-加油（气）站资金
1013001000内部存款-内部结算存款
2228001002应交境外税金-应交增值税-销项税额
2228011001应交境外税金-代扣代缴税-代扣代缴增值税
2228011002应交境外税金-代扣代缴税-代扣企业所得税
2228011998应交境外税金-代扣代缴税-其他
2228023000应交境外税金-预扣税",是指企业派员工在国内的内外部单位或者国外进行考察联络发生的费用，通过填写费用报销单，以立即支付或挂账方式进行结算,费用报销单,考察联络费结算汇总表,,大庆中心,吴月明,正常,,
169,采购至应付,费用报销,A1_03_0001,费用报销,A02159,结算劳动保护服务费,"5029030000劳动保护费-其他
5029010000劳动保护费-防暑降温费
2221001003应交税费-应交税金-应交增值税-进项税额-进项税额
2228001004应交境外税金-应交增值税-进项税额","2221001009应交税费-应交税金-应交增值税-进项税额转出-集体福利、个人消费
2221001995应交税费-应交税金-应交增值税-进项税额转出-其他
2202001000应付账款-应付账款
2221001080应交税费-应交税金-个人所得税
2241下所有明细科目
1012011000其他货币资金-加油（气）站资金
1013001000内部存款-内部结算存款
2228001002应交境外税金-应交增值税-销项税额
2228011001应交境外税金-代扣代缴税-代扣代缴增值税
2228011002应交境外税金-代扣代缴税-代扣企业所得税
2228011998应交境外税金-代扣代缴税-其他
2228023000应交境外税金-预扣税",是指企业未提报需求计划的，临时发生的因体检、宣传等发生的劳动保护用品服务支出，通过填写费用报销单，以立即支付或挂账的方式进行结算,费用报销单,劳动保护服务费结算汇总表,,大庆中心,吴月明,正常,,
170,采购至应付,费用报销,A1_03_0001,费用报销,A02160,结算购买劳动保护用品,"5029020000劳动保护费-劳保用品支出
2221001003应交税费-应交税金-应交增值税-进项税额-进项税额
2228001004应交境外税金-应交增值税-进项税额","2221001009应交税费-应交税金-应交增值税-进项税额转出-集体福利、个人消费
2221001995应交税费-应交税金-应交增值税-进项税额转出-其他
2202001000应付账款-应付账款
2221001080应交税费-应交税金-个人所得税
2241下所有明细科目
1012011000其他货币资金-加油（气）站资金
1013001000内部存款-内部结算存款
2228001002应交境外税金-应交增值税-销项税额
2228011001应交境外税金-代扣代缴税-代扣代缴增值税
2228011002应交境外税金-代扣代缴税-代扣企业所得税
2228011998应交境外税金-代扣代缴税-其他
2228023000应交境外税金-预扣税",是指企业未提报需求计划的，临时发生的以实物形式发放的劳动保护用品服务支出，通过填写费用报销单，以立即支付或挂账的方式进行结算,费用报销单,劳动保护用品验收汇总表,,大庆中心,吴月明,正常,,
171,采购至应付,费用报销,A1_03_0001,费用报销,A02161,结算劳保用品相关费用,"5029020000劳动保护费-劳保用品支出
2221001003应交税费-应交税金-应交增值税-进项税额-进项税额
2228001004应交境外税金-应交增值税-进项税额","2221001009应交税费-应交税金-应交增值税-进项税额转出-集体福利、个人消费
2221001995应交税费-应交税金-应交增值税-进项税额转出-其他
2202001000应付账款-应付账款
2221001080应交税费-应交税金-个人所得税
2241下所有明细科目
1012011000其他货币资金-加油（气）站资金
1013001000内部存款-内部结算存款
2228001002应交境外税金-应交增值税-销项税额
2228011001应交境外税金-代扣代缴税-代扣代缴增值税
2228011002应交境外税金-代扣代缴税-代扣企业所得税
2228011998应交境外税金-代扣代缴税-其他
2228023000应交境外税金-预扣税",是指企业未提报需求计划的，临时发生的与劳动保护用品服务支出相关费用，通过填写费用报销单，以立即支付或挂账的方式进行结算,费用报销单,劳保用品验收汇总表,,大庆中心,吴月明,正常,,
172,采购至应付,费用报销,A1_03_0001,费用报销,A02162,结算劳动保护防暑降温费,"5029010000劳动保护费-防暑降温费
2221001003应交税费-应交税金-应交增值税-进项税额-进项税额
2228001004应交境外税金-应交增值税-进项税额","2221001009应交税费-应交税金-应交增值税-进项税额转出-集体福利、个人消费
2221001995应交税费-应交税金-应交增值税-进项税额转出-其他
2202001000应付账款-应付账款
2221001080应交税费-应交税金-个人所得税
2241下所有明细科目
1012011000其他货币资金-加油（气）站资金
1013001000内部存款-内部结算存款
2228001002应交境外税金-应交增值税-销项税额
2228011001应交境外税金-代扣代缴税-代扣代缴增值税
2228011002应交境外税金-代扣代缴税-代扣企业所得税
2228011998应交境外税金-代扣代缴税-其他
2228023000应交境外税金-预扣税",是指企业各部门日常发生的用于防暑降温发生的劳动保护费，通过填写费用报销单，以立即支付或挂账的方式进行结算,费用报销单,劳动保护防暑降温费结算汇总表,,大庆中心,孙海英,正常,,
173,采购至应付,费用报销,A1_03_0001,费用报销,A02165,结算劳务费,"2211011997应付职工薪酬-劳务费-其他人员劳务费-其他
2221001003应交税费-应交税金-应交增值税-进项税额-进项税额
2228001004应交境外税金-应交增值税-进项税额","2221001009应交税费-应交税金-应交增值税-进项税额转出-集体福利、个人消费
2221001995应交税费-应交税金-应交增值税-进项税额转出-其他
2202001000应付账款-应付账款
2221001080应交税费-应交税金-个人所得税
2241下所有明细科目
1012011000其他货币资金-加油（气）站资金
1013001000内部存款-内部结算存款
2228001002应交境外税金-应交增值税-销项税额
2228011001应交境外税金-代扣代缴税-代扣代缴增值税
2228011002应交境外税金-代扣代缴税-代扣企业所得税
2228011998应交境外税金-代扣代缴税-其他
2228023000应交境外税金-预扣税",是指与劳务公司结算的用于本单位以外劳务用工发生的用工工资人工费用，通过填写费用报销单，以立即支付或挂账的方式进行结算,费用报销单,其他劳务费结算汇总表,劳务费发放明细表,大庆中心,吴月明,正常,,
174,采购至应付,费用报销,A1_03_0001,费用报销,A02167,结算其他劳务人员劳务费,"2211011009应付职工薪酬-劳务费-其他人员劳务费-工资
2211011010应付职工薪酬-劳务费-其他人员劳务费-社会保险费-基本养老保险费
2211011011应付职工薪酬-劳务费-其他人员劳务费-社会保险费-基本医疗保险费
2211011012应付职工薪酬-劳务费-其他人员劳务费-社会保险费-失业保险费
2211011997应付职工薪酬-劳务费-其他人员劳务费-其他
2221001003应交税费-应交税金-应交增值税-进项税额-进项税额
2228001004应交境外税金-应交增值税-进项税额","2221001009应交税费-应交税金-应交增值税-进项税额转出-集体福利、个人消费
2221001995应交税费-应交税金-应交增值税-进项税额转出-其他
2202001000应付账款-应付账款
2221001080应交税费-应交税金-个人所得税
2241下所有明细科目
1012011000其他货币资金-加油（气）站资金
1013001000内部存款-内部结算存款
2228001002应交境外税金-应交增值税-销项税额
2228011001应交境外税金-代扣代缴税-代扣代缴增值税
2228011002应交境外税金-代扣代缴税-代扣企业所得税
2228011998应交境外税金-代扣代缴税-其他
2228023000应交境外税金-预扣税",是指与实际为企业提供了服务的其他劳务用工人员发生的用工工资、保险费等各项人工费用，通过填写费用报销单，以立即支付或挂账的方式进行结算。,费用报销单,其他劳务人员劳务费结算汇总表,其他劳务人员劳务费发放明细表,大庆中心,吴月明,正常,,
175,采购至应付,费用报销,A1_03_0001,费用报销,A02168,结算绿化费,"5047240000绿化及环境卫生费
2221001003应交税费-应交税金-应交增值税-进项税额-进项税额
2228001004应交境外税金-应交增值税-进项税额","2221001009应交税费-应交税金-应交增值税-进项税额转出-集体福利、个人消费
2221001995应交税费-应交税金-应交增值税-进项税额转出-其他
2202001000应付账款-应付账款
2221001080应交税费-应交税金-个人所得税
2241下所有明细科目
1012011000其他货币资金-加油（气）站资金
1013001000内部存款-内部结算存款
2228001002应交境外税金-应交增值税-销项税额
2228011001应交境外税金-代扣代缴税-代扣代缴增值税
2228011002应交境外税金-代扣代缴税-代扣企业所得税
2228011998应交境外税金-代扣代缴税-其他
2228023000应交境外税金-预扣税",是指企业各部门日常发生的各项与绿化相关费用，通过填写费用报销单，以立即支付或挂账的方式进行结算,费用报销单,绿化费结算汇总表,,西安中心,徐意,正常,,
176,采购至应付,费用报销,A1_03_0001,费用报销,A02169,结算环境卫生费,"5047240000绿化及环境卫生费
2221001003应交税费-应交税金-应交增值税-进项税额-进项税额
2228001004应交境外税金-应交增值税-进项税额","2221001009应交税费-应交税金-应交增值税-进项税额转出-集体福利、个人消费
2221001995应交税费-应交税金-应交增值税-进项税额转出-其他
2202001000应付账款-应付账款
2221001080应交税费-应交税金-个人所得税
2241下所有明细科目
1012011000其他货币资金-加油（气）站资金
1013001000内部存款-内部结算存款
2228001002应交境外税金-应交增值税-销项税额
2228011001应交境外税金-代扣代缴税-代扣代缴增值税
2228011002应交境外税金-代扣代缴税-代扣企业所得税
2228011998应交境外税金-代扣代缴税-其他
2228023000应交境外税金-预扣税",是指企业各部门日常发生的各项与环境卫生相关费用，通过填写费用报销单，以立即支付或挂账的方式进行结算,费用报销单,环境卫生费结算汇总表,,西安中心,徐意,正常,,
177,采购至应付,费用报销,A1_03_0001,费用报销,A02170,结算排污费,"5047300000排污费
2221001003应交税费-应交税金-应交增值税-进项税额-进项税额
2228001004应交境外税金-应交增值税-进项税额","2221001009应交税费-应交税金-应交增值税-进项税额转出-集体福利、个人消费
2221001995应交税费-应交税金-应交增值税-进项税额转出-其他
2202001000应付账款-应付账款
2221001080应交税费-应交税金-个人所得税
2241下所有明细科目
1012011000其他货币资金-加油（气）站资金
1013001000内部存款-内部结算存款
2228001002应交境外税金-应交增值税-销项税额
2228011001应交境外税金-代扣代缴税-代扣代缴增值税
2228011002应交境外税金-代扣代缴税-代扣企业所得税
2228011998应交境外税金-代扣代缴税-其他
2228023000应交境外税金-预扣税",是指企业各部门日常发生的各项与排污相关费用，通过填写费用报销单，以立即支付或挂账的方式进行结算,费用报销单,污废处置结算汇总表,,西安中心,徐意,正常,,
178,采购至应付,费用报销,A1_03_0001,费用报销,A02171,结算固废（危废）处置费,"5047270000固废（危废）处置费
2221001003应交税费-应交税金-应交增值税-进项税额-进项税额
2228001004应交境外税金-应交增值税-进项税额","2221001009应交税费-应交税金-应交增值税-进项税额转出-集体福利、个人消费
2221001995应交税费-应交税金-应交增值税-进项税额转出-其他
2202001000应付账款-应付账款
2221001080应交税费-应交税金-个人所得税
2241下所有明细科目
1012011000其他货币资金-加油（气）站资金
1013001000内部存款-内部结算存款
2228001002应交境外税金-应交增值税-销项税额
2228011001应交境外税金-代扣代缴税-代扣代缴增值税
2228011002应交境外税金-代扣代缴税-代扣企业所得税
2228011998应交境外税金-代扣代缴税-其他
2228023000应交境外税金-预扣税",是指企业各部门日常发生的各项与固废（危废）处置相关费用，通过填写费用报销单，以立即支付或挂账的方式进行结算,费用报销单,污废处置结算汇总表,,西安中心,徐意,正常,,
179,采购至应付,费用报销,A1_03_0001,费用报销,A02172,结算参加培训费用,"2211008000应付职工薪酬-职工教育经费
2221001003应交税费-应交税金-应交增值税-进项税额-进项税额
2228001004应交境外税金-应交增值税-进项税额","2221001009应交税费-应交税金-应交增值税-进项税额转出-集体福利、个人消费
2221001995应交税费-应交税金-应交增值税-进项税额转出-其他
2202001000应付账款-应付账款
2221001080应交税费-应交税金-个人所得税
2241下所有明细科目
1012011000其他货币资金-加油（气）站资金
1013001000内部存款-内部结算存款
2228001002应交境外税金-应交增值税-销项税额
2228011001应交境外税金-代扣代缴税-代扣代缴增值税
2228011002应交境外税金-代扣代缴税-代扣企业所得税
2228011998应交境外税金-代扣代缴税-其他
2228023000应交境外税金-预扣税",是指企业各部门日常发生的员工参加公司内部、外部培训产生的培训费（不含交通及补助）或企业统一对公结算的培训费，通过填写费用报销单，以立即支付或挂账的方式结算,费用报销单,参加培训费结算汇总表,外出学习(培训)审批表,成都中心,郭东阳,正常,,
180,采购至应付,费用报销,A1_03_0001,费用报销,A02173,结算职业技能等级认定费,"2211008000应付职工薪酬-职工教育经费
2221001003应交税费-应交税金-应交增值税-进项税额-进项税额
2228001004应交境外税金-应交增值税-进项税额","2221001009应交税费-应交税金-应交增值税-进项税额转出-集体福利、个人消费
2221001995应交税费-应交税金-应交增值税-进项税额转出-其他
2202001000应付账款-应付账款
2221001080应交税费-应交税金-个人所得税
2241下所有明细科目
1012011000其他货币资金-加油（气）站资金
1013001000内部存款-内部结算存款
2228001002应交境外税金-应交增值税-销项税额
2228011001应交境外税金-代扣代缴税-代扣代缴增值税
2228011002应交境外税金-代扣代缴税-代扣企业所得税
2228011998应交境外税金-代扣代缴税-其他
2228023000应交境外税金-预扣税",是指企业各部门日常发生的员工参加职工岗位培训、后续教育培训等发生的教具、用具购置而支付的费用，通过填写费用报销单，以立即支付或挂账的方式结算,费用报销单,职业技能等级认定费结算汇总表,"取证报考备案表、
员工取证费用报销审批表",成都中心,郭东阳,正常,,
181,采购至应付,费用报销,A1_03_0001,费用报销,A02174,结算主办培训-服务费用,"2211008000应付职工薪酬-职工教育经费
2221001003应交税费-应交税金-应交增值税-进项税额-进项税额
2228001004应交境外税金-应交增值税-进项税额","2221001009应交税费-应交税金-应交增值税-进项税额转出-集体福利、个人消费
2221001995应交税费-应交税金-应交增值税-进项税额转出-其他
2202001000应付账款-应付账款
2221001080应交税费-应交税金-个人所得税
2241下所有明细科目
1012011000其他货币资金-加油（气）站资金
1013001000内部存款-内部结算存款
2228001002应交境外税金-应交增值税-销项税额
2228011001应交境外税金-代扣代缴税-代扣代缴增值税
2228011002应交境外税金-代扣代缴税-代扣企业所得税
2228011998应交境外税金-代扣代缴税-其他
2228023000应交境外税金-预扣税",是指企业各部门日常发生的为举办公司内部、外部培训相关场地、会务的费用，通过填写费用报销单，以立即支付或挂账的方式结算,费用报销单,主办培训-服务费用结算汇总表,培训项目费用明细表,成都中心,郭东阳,正常,,
182,采购至应付,费用报销,A1_03_0001,费用报销,A02175,结算主办培训-购买培训用品,"2211008000应付职工薪酬-职工教育经费
2221001003应交税费-应交税金-应交增值税-进项税额-进项税额
2228001004应交境外税金-应交增值税-进项税额","2221001009应交税费-应交税金-应交增值税-进项税额转出-集体福利、个人消费
2221001995应交税费-应交税金-应交增值税-进项税额转出-其他
2202001000应付账款-应付账款
2221001080应交税费-应交税金-个人所得税
2241下所有明细科目
1012011000其他货币资金-加油（气）站资金
1013001000内部存款-内部结算存款
2228001002应交境外税金-应交增值税-销项税额
2228011001应交境外税金-代扣代缴税-代扣代缴增值税
2228011002应交境外税金-代扣代缴税-代扣企业所得税
2228011998应交境外税金-代扣代缴税-其他
2228023000应交境外税金-预扣税",是指企业各部门日常发生的为举办公司内部、外部培训购买相关培训用品费用，通过填写费用报销单，以立即支付或挂账的方式结算,费用报销单,主办培训-购买培训用品验收汇总表,,成都中心,郭东阳,正常,,
183,采购至应付,费用报销,A1_03_0001,费用报销,A02176,结算主办培训-教师酬金,"2211008000应付职工薪酬-职工教育经费
2221001003应交税费-应交税金-应交增值税-进项税额-进项税额
2228001004应交境外税金-应交增值税-进项税额","2221001009应交税费-应交税金-应交增值税-进项税额转出-集体福利、个人消费
2221001995应交税费-应交税金-应交增值税-进项税额转出-其他
2202001000应付账款-应付账款
2221001080应交税费-应交税金-个人所得税
2241下所有明细科目
1012011000其他货币资金-加油（气）站资金
1013001000内部存款-内部结算存款
2228001002应交境外税金-应交增值税-销项税额
2228011001应交境外税金-代扣代缴税-代扣代缴增值税
2228011002应交境外税金-代扣代缴税-代扣企业所得税
2228011998应交境外税金-代扣代缴税-其他
2228023000应交境外税金-预扣税",是指企业各部门日常发生的为举办公司内部、外部培训需要开具发票结算的讲师酬金，通过填写费用报销单，以立即支付或挂账的方式结算,费用报销单,主办培训-讲课费结算汇总表,外聘教师授课费用明细表,成都中心,郭东阳,正常,,
184,采购至应付,费用报销,A1_03_0001,费用报销,A02177,发放主办培训-讲课费,"2211008000应付职工薪酬-职工教育经费
2221001003应交税费-应交税金-应交增值税-进项税额-进项税额
2228001004应交境外税金-应交增值税-进项税额","2221001009应交税费-应交税金-应交增值税-进项税额转出-集体福利、个人消费
2221001995应交税费-应交税金-应交增值税-进项税额转出-其他
2202001000应付账款-应付账款
2221001080应交税费-应交税金-个人所得税
2241下所有明细科目
1012011000其他货币资金-加油（气）站资金
1013001000内部存款-内部结算存款
2228001002应交境外税金-应交增值税-销项税额
2228011001应交境外税金-代扣代缴税-代扣代缴增值税
2228011002应交境外税金-代扣代缴税-代扣企业所得税
2228011998应交境外税金-代扣代缴税-其他
2228023000应交境外税金-预扣税",是指企业各部门日常发生的为举办公司内部、外部培训通过发放表结算的讲师酬金，通过填写费用报销单，以立即支付或挂账的方式结算,费用报销单,主办培训-讲课费发放汇总表,外聘教师授课费用明细表,成都中心,郭东阳,正常,,
185,采购至应付,费用报销,A1_03_0001,费用报销,A02178,结算评审费,"5044090000评审费
2221001003应交税费-应交税金-应交增值税-进项税额-进项税额
2228001004应交境外税金-应交增值税-进项税额","2221001009应交税费-应交税金-应交增值税-进项税额转出-集体福利、个人消费
2221001995应交税费-应交税金-应交增值税-进项税额转出-其他
2202001000应付账款-应付账款
2221001080应交税费-应交税金-个人所得税
2241下所有明细科目
1012011000其他货币资金-加油（气）站资金
1013001000内部存款-内部结算存款
2228001002应交境外税金-应交增值税-销项税额
2228011001应交境外税金-代扣代缴税-代扣代缴增值税
2228011002应交境外税金-代扣代缴税-代扣企业所得税
2228011998应交境外税金-代扣代缴税-其他
2228023000应交境外税金-预扣税",是指企业用于招投标、谈判、图纸审定等承办会议支付给专家的评审费，通过填写费用报销单，以立即支付或挂账的方式结算,费用报销单,评审费结算汇总表,,成都中心,郭东阳,正常,,
186,采购至应付,费用报销,A1_03_0001,费用报销,A02179,发放评审费,"5044090000评审费
2221001003应交税费-应交税金-应交增值税-进项税额-进项税额
2228001004应交境外税金-应交增值税-进项税额","2221001009应交税费-应交税金-应交增值税-进项税额转出-集体福利、个人消费
2221001995应交税费-应交税金-应交增值税-进项税额转出-其他
2202001000应付账款-应付账款
2221001080应交税费-应交税金-个人所得税
2241下所有明细科目
1012011000其他货币资金-加油（气）站资金
1013001000内部存款-内部结算存款
2228001002应交境外税金-应交增值税-销项税额
2228011001应交境外税金-代扣代缴税-代扣代缴增值税
2228011002应交境外税金-代扣代缴税-代扣企业所得税
2228011998应交境外税金-代扣代缴税-其他
2228023000应交境外税金-预扣税",是指企业为职工以资金形式发放用于招投标、谈判、图纸审定等承办会议支付给专家的评审费，通过填写费用报销单，以立即支付或挂账方式报销进行结算,费用报销单,评审费发放汇总表,,成都中心,郭东阳,正常,,
187,采购至应付,费用报销,A1_03_0001,费用报销,A02180,结算个税手续费,"5098000000其他费用
2221001003应交税费-应交税金-应交增值税-进项税额-进项税额
2228001004应交境外税金-应交增值税-进项税额","2221001009应交税费-应交税金-应交增值税-进项税额转出-集体福利、个人消费
2221001995应交税费-应交税金-应交增值税-进项税额转出-其他
2202001000应付账款-应付账款
2221001080应交税费-应交税金-个人所得税
2241下所有明细科目
1012011000其他货币资金-加油（气）站资金
1013001000内部存款-内部结算存款
2228001002应交境外税金-应交增值税-销项税额
2228011001应交境外税金-代扣代缴税-代扣代缴增值税
2228011002应交境外税金-代扣代缴税-代扣企业所得税
2228011998应交境外税金-代扣代缴税-其他
2228023000应交境外税金-预扣税",是指企业各部门日常发生的各项与个税手续费相关费用，通过填写费用报销单，以立即支付或挂账方式进行结算,费用报销单,个税手续费结算汇总表,,西安中心,王娟,正常,,
188,采购至应付,费用报销,A1_03_0001,费用报销,A02181,发放个税手续费,"5098000000其他费用
2221001003应交税费-应交税金-应交增值税-进项税额-进项税额
2228001004应交境外税金-应交增值税-进项税额","2221001009应交税费-应交税金-应交增值税-进项税额转出-集体福利、个人消费
2221001995应交税费-应交税金-应交增值税-进项税额转出-其他
2202001000应付账款-应付账款
2221001080应交税费-应交税金-个人所得税
2241下所有明细科目
1012011000其他货币资金-加油（气）站资金
1013001000内部存款-内部结算存款
2228001002应交境外税金-应交增值税-销项税额
2228011001应交境外税金-代扣代缴税-代扣代缴增值税
2228011002应交境外税金-代扣代缴税-代扣企业所得税
2228011998应交境外税金-代扣代缴税-其他
2228023000应交境外税金-预扣税",是指企业以资金形式将返还个税手续费进行发放，通过填写费用报销单，以立即支付或挂账方式进行结算,费用报销单,个税手续费发放汇总表,,西安中心,王娟,正常,,
189,采购至应付,费用报销,A1_03_0001,费用报销,A02182,结算弃置清理费用,"2801005003预计负债-预计弃置费用-废弃清理支出
2221001003应交税费-应交税金-应交增值税-进项税额-进项税额
2228001004应交境外税金-应交增值税-进项税额","2221001009应交税费-应交税金-应交增值税-进项税额转出-集体福利、个人消费
2221001995应交税费-应交税金-应交增值税-进项税额转出-其他
2202001000应付账款-应付账款
2221001080应交税费-应交税金-个人所得税
2241下所有明细科目
1012011000其他货币资金-加油（气）站资金
1013001000内部存款-内部结算存款
2228001002应交境外税金-应交增值税-销项税额
2228011001应交境外税金-代扣代缴税-代扣代缴增值税
2228011002应交境外税金-代扣代缴税-代扣企业所得税
2228011998应交境外税金-代扣代缴税-其他
2228023000应交境外税金-预扣税",是指企业各部门日常发生的各项与资产弃置清理相关费用，通过填写费用报销单，以立即支付或挂账方式进行结算,费用报销单,弃置清理费用结算汇总表,,西安中心,王娟,正常,,
190,采购至应付,费用报销,A1_03_0001,费用报销,A02183,结算办公家具购置费,"5023090098办公费-其他办公费用
2221001003应交税费-应交税金-应交增值税-进项税额-进项税额
2228001004应交境外税金-应交增值税-进项税额","2221001009应交税费-应交税金-应交增值税-进项税额转出-集体福利、个人消费
2221001995应交税费-应交税金-应交增值税-进项税额转出-其他
2202001000应付账款-应付账款
2221001080应交税费-应交税金-个人所得税
2241下所有明细科目
1012011000其他货币资金-加油（气）站资金
1013001000内部存款-内部结算存款
2228001002应交境外税金-应交增值税-销项税额
2228011001应交境外税金-代扣代缴税-代扣代缴增值税
2228011002应交境外税金-代扣代缴税-代扣企业所得税
2228011998应交境外税金-代扣代缴税-其他
2228023000应交境外税金-预扣税",是指企业各部门日常发生的各项与家具购置相关费用，通过填写费用报销单，以立即支付或挂账方式进行结算,费用报销单,办公家具购置费验收汇总表,,西安中心,王娟,正常,,
191,采购至应付,费用报销,A1_03_0001,费用报销,A02184,报销集中差旅费,"5042000000差旅费
2221001003应交税费-应交税金-应交增值税-进项税额-进项税额
2228001004应交境外税金-应交增值税-进项税额","2221001009应交税费-应交税金-应交增值税-进项税额转出-集体福利、个人消费
2221001995应交税费-应交税金-应交增值税-进项税额转出-其他
2202001000应付账款-应付账款
2221001080应交税费-应交税金-个人所得税
2241下所有明细科目
1012011000其他货币资金-加油（气）站资金
1013001000内部存款-内部结算存款
2228001002应交境外税金-应交增值税-销项税额
2228011001应交境外税金-代扣代缴税-代扣代缴增值税
2228011002应交境外税金-代扣代缴税-代扣企业所得税
2228011998应交境外税金-代扣代缴税-其他
2228023000应交境外税金-预扣税",是指企业员工轮休交通路费和司驾人员差旅费等，通过填写费用报销单，以立即支付或挂账的方式进行报销,费用报销单,集中差旅费发放汇总表,"员工集中差旅报销明细表、
司驾人员集中报销明细表",西安中心,王娟,正常,,
192,采购至应付,费用报销,A1_03_0001,费用报销,A02185,结算车辆购置税,"2221001086应交税费-应交税金-车辆购置税
2221001003应交税费-应交税金-应交增值税-进项税额-进项税额
2228001004应交境外税金-应交增值税-进项税额","2221001009应交税费-应交税金-应交增值税-进项税额转出-集体福利、个人消费
2221001995应交税费-应交税金-应交增值税-进项税额转出-其他
2202001000应付账款-应付账款
2221001080应交税费-应交税金-个人所得税
2241下所有明细科目
1012011000其他货币资金-加油（气）站资金
1013001000内部存款-内部结算存款
2228001002应交境外税金-应交增值税-销项税额
2228011001应交境外税金-代扣代缴税-代扣代缴增值税
2228011002应交境外税金-代扣代缴税-代扣企业所得税
2228011998应交境外税金-代扣代缴税-其他
2228023000应交境外税金-预扣税",是指企业各部门日常发生的各项与车辆购置税相关费用，通过填写费用报销单，以立即支付或挂账的方式进行结算,费用报销单,车辆购置税结算汇总表,,西安中心,王娟,正常,,
193,采购至应付,费用报销,A1_03_0001,费用报销,A02186,结算知识产权事务费,"5046040000知识产权事务费
2221001003应交税费-应交税金-应交增值税-进项税额-进项税额
2228001004应交境外税金-应交增值税-进项税额","2221001009应交税费-应交税金-应交增值税-进项税额转出-集体福利、个人消费
2221001995应交税费-应交税金-应交增值税-进项税额转出-其他
2202001000应付账款-应付账款
2221001080应交税费-应交税金-个人所得税
2241下所有明细科目
1012011000其他货币资金-加油（气）站资金
1013001000内部存款-内部结算存款
2228001002应交境外税金-应交增值税-销项税额
2228011001应交境外税金-代扣代缴税-代扣代缴增值税
2228011002应交境外税金-代扣代缴税-代扣企业所得税
2228011998应交境外税金-代扣代缴税-其他
2228023000应交境外税金-预扣税",是指企业各部门日常发生的各项与核算知识产权事务相关费用，通过填写费用报销单，以立即支付或挂账的方式进行结算,费用报销单,知识产权事务费结算汇总表,,西安中心,王娟,正常,,
194,采购至应付,费用报销,A1_03_0001,费用报销,A02187,结算出版费,"5046110000出版费
2221001003应交税费-应交税金-应交增值税-进项税额-进项税额
2228001004应交境外税金-应交增值税-进项税额","2221001009应交税费-应交税金-应交增值税-进项税额转出-集体福利、个人消费
2221001995应交税费-应交税金-应交增值税-进项税额转出-其他
2202001000应付账款-应付账款
2221001080应交税费-应交税金-个人所得税
2241下所有明细科目
1012011000其他货币资金-加油（气）站资金
1013001000内部存款-内部结算存款
2228001002应交境外税金-应交增值税-销项税额
2228011001应交境外税金-代扣代缴税-代扣代缴增值税
2228011002应交境外税金-代扣代缴税-代扣企业所得税
2228011998应交境外税金-代扣代缴税-其他
2228023000应交境外税金-预扣税",是指企业各部门日常发生的各项出版相关费用，通过填写费用报销单，以立即支付或挂账的方式进行结算,费用报销单,出版费结算汇总表,,西安中心,王娟,正常,,
195,采购至应付,费用报销,A1_03_0001,费用报销,A02188,结算论文版面费,"5098000000其他费用
2221001003应交税费-应交税金-应交增值税-进项税额-进项税额
2228001004应交境外税金-应交增值税-进项税额","2221001009应交税费-应交税金-应交增值税-进项税额转出-集体福利、个人消费
2221001995应交税费-应交税金-应交增值税-进项税额转出-其他
2202001000应付账款-应付账款
2221001080应交税费-应交税金-个人所得税
2241下所有明细科目
1012011000其他货币资金-加油（气）站资金
1013001000内部存款-内部结算存款
2228001002应交境外税金-应交增值税-销项税额
2228011001应交境外税金-代扣代缴税-代扣代缴增值税
2228011002应交境外税金-代扣代缴税-代扣企业所得税
2228011998应交境外税金-代扣代缴税-其他
2228023000应交境外税金-预扣税",是指企业各部门投稿到学术期刊或出版社等发表论文时需要支付的费用，以立即支付或挂账的方式进行结算,费用报销单,论文版面费结算汇总表,,西安中心,王娟,正常,,
196,采购至应付,费用报销,A1_03_0001,费用报销,A02189,结算资料翻译费,"5046070000资料翻译费
2221001003应交税费-应交税金-应交增值税-进项税额-进项税额
2228001004应交境外税金-应交增值税-进项税额","2221001009应交税费-应交税金-应交增值税-进项税额转出-集体福利、个人消费
2221001995应交税费-应交税金-应交增值税-进项税额转出-其他
2202001000应付账款-应付账款
2221001080应交税费-应交税金-个人所得税
2241下所有明细科目
1012011000其他货币资金-加油（气）站资金
1013001000内部存款-内部结算存款
2228001002应交境外税金-应交增值税-销项税额
2228011001应交境外税金-代扣代缴税-代扣代缴增值税
2228011002应交境外税金-代扣代缴税-代扣企业所得税
2228011998应交境外税金-代扣代缴税-其他
2228023000应交境外税金-预扣税",是指企业各部门日常发生的各项资料翻译相关费用，通过填写费用报销单，以立即支付或挂账的方式进行结算,费用报销单,资料翻译费结算汇总表,,西安中心,刘婧,正常,,
197,采购至应付,费用报销,A1_03_0001,费用报销,A02190,结算境外单位签证及劳务许可费,"5047400000境外单位签证及劳务许可费
2221001003应交税费-应交税金-应交增值税-进项税额-进项税额
2228001004应交境外税金-应交增值税-进项税额","2221001009应交税费-应交税金-应交增值税-进项税额转出-集体福利、个人消费
2221001995应交税费-应交税金-应交增值税-进项税额转出-其他
2202001000应付账款-应付账款
2221001080应交税费-应交税金-个人所得税
2241下所有明细科目
1012011000其他货币资金-加油（气）站资金
1013001000内部存款-内部结算存款
2228001002应交境外税金-应交增值税-销项税额
2228011001应交境外税金-代扣代缴税-代扣代缴增值税
2228011002应交境外税金-代扣代缴税-代扣企业所得税
2228011998应交境外税金-代扣代缴税-其他
2228023000应交境外税金-预扣税",是指境外施工企业为员工办理出国过程中发生的各项费用，通过填写费用报销单，以立即支付或挂账方式进行结算,费用报销单,境外单位签证及劳务许可费结算汇总表,,西安中心,刘婧,正常,,
198,采购至应付,费用报销,A1_03_0001,费用报销,A02191,结算民兵活动经费,"5098000000其他费用
2221001003应交税费-应交税金-应交增值税-进项税额-进项税额
2228001004应交境外税金-应交增值税-进项税额","2221001009应交税费-应交税金-应交增值税-进项税额转出-集体福利、个人消费
2221001995应交税费-应交税金-应交增值税-进项税额转出-其他
2202001000应付账款-应付账款
2221001080应交税费-应交税金-个人所得税
2241下所有明细科目
1012011000其他货币资金-加油（气）站资金
1013001000内部存款-内部结算存款
2228001002应交境外税金-应交增值税-销项税额
2228011001应交境外税金-代扣代缴税-代扣代缴增值税
2228011002应交境外税金-代扣代缴税-代扣企业所得税
2228011998应交境外税金-代扣代缴税-其他
2228023000应交境外税金-预扣税",是指企业为办理民兵活动过程中发生的各项费用，通过填写费用报销单，以立即支付或挂账方式进行结算,费用报销单,民兵活动经费结算汇总表,民兵活动采购明细表,西安中心,刘婧,正常,,
199,采购至应付,费用报销,A1_03_0001,费用报销,A02192,结算计生活动经费,"5098000000其他费用
2221001003应交税费-应交税金-应交增值税-进项税额-进项税额
2228001004应交境外税金-应交增值税-进项税额","2221001009应交税费-应交税金-应交增值税-进项税额转出-集体福利、个人消费
2221001995应交税费-应交税金-应交增值税-进项税额转出-其他
2202001000应付账款-应付账款
2221001080应交税费-应交税金-个人所得税
2241下所有明细科目
1012011000其他货币资金-加油（气）站资金
1013001000内部存款-内部结算存款
2228001002应交境外税金-应交增值税-销项税额
2228011001应交境外税金-代扣代缴税-代扣代缴增值税
2228011002应交境外税金-代扣代缴税-代扣企业所得税
2228011998应交境外税金-代扣代缴税-其他
2228023000应交境外税金-预扣税",是指企业为办理计生活动过程中发生的各项费用，通过填写费用报销单，以立即支付或挂账方式进行结算,费用报销单,计生活动经费结算汇总表,计生活动奖品明细表,西安中心,刘婧,正常,,
200,采购至应付,费用报销,A1_03_0001,费用报销,A02193,结算资质认证费,"5047490000资质认证费
2221001003应交税费-应交税金-应交增值税-进项税额-进项税额
2228001004应交境外税金-应交增值税-进项税额","2221001009应交税费-应交税金-应交增值税-进项税额转出-集体福利、个人消费
2221001995应交税费-应交税金-应交增值税-进项税额转出-其他
2202001000应付账款-应付账款
2221001080应交税费-应交税金-个人所得税
2241下所有明细科目
1012011000其他货币资金-加油（气）站资金
1013001000内部存款-内部结算存款
2228001002应交境外税金-应交增值税-销项税额
2228011001应交境外税金-代扣代缴税-代扣代缴增值税
2228011002应交境外税金-代扣代缴税-代扣企业所得税
2228011998应交境外税金-代扣代缴税-其他
2228023000应交境外税金-预扣税",是指企业为办理资质认证过程中发生的各项费用，通过填写费用报销单，以立即支付或挂账方式进行结算,费用报销单,资质认证费结算汇总表,,西安中心,刘婧,正常,,
201,采购至应付,费用报销,A1_03_0001,费用报销,A02194,结算采编印刷费,"5046120200采编费用-印刷费
2221001003应交税费-应交税金-应交增值税-进项税额-进项税额
2228001004应交境外税金-应交增值税-进项税额","2221001009应交税费-应交税金-应交增值税-进项税额转出-集体福利、个人消费
2221001995应交税费-应交税金-应交增值税-进项税额转出-其他
2202001000应付账款-应付账款
2221001080应交税费-应交税金-个人所得税
2241下所有明细科目
1012011000其他货币资金-加油（气）站资金
1013001000内部存款-内部结算存款
2228001002应交境外税金-应交增值税-销项税额
2228011001应交境外税金-代扣代缴税-代扣代缴增值税
2228011002应交境外税金-代扣代缴税-代扣企业所得税
2228011998应交境外税金-代扣代缴税-其他
2228023000应交境外税金-预扣税",是指企业为办理自办媒体、宣传过程中发生的各项费用，通过填写费用报销单，以立即支付或挂账方式进行结算,费用报销单,采编印刷结算汇总表,,西安中心,刘婧,正常,,
202,采购至应付,费用报销,A1_03_0001,费用报销,A02195,结算采编稿费,"5046120100采编费用-稿费
2221001003应交税费-应交税金-应交增值税-进项税额-进项税额
2228001004应交境外税金-应交增值税-进项税额","2221001009应交税费-应交税金-应交增值税-进项税额转出-集体福利、个人消费
2221001995应交税费-应交税金-应交增值税-进项税额转出-其他
2202001000应付账款-应付账款
2221001080应交税费-应交税金-个人所得税
2241下所有明细科目
1012011000其他货币资金-加油（气）站资金
1013001000内部存款-内部结算存款
2228001002应交境外税金-应交增值税-销项税额
2228011001应交境外税金-代扣代缴税-代扣代缴增值税
2228011002应交境外税金-代扣代缴税-代扣企业所得税
2228011998应交境外税金-代扣代缴税-其他
2228023000应交境外税金-预扣税",是指企业征集稿件并按照评定标准支付的稿酬费用，通过填写费用报销单，以立即支付或挂账方式进行结算,费用报销单,采编稿费结算汇总表,稿费发放表,西安中心,刘婧,正常,,
203,采购至应付,费用报销,A1_03_0001,费用报销,A02306,结算稿费,"5046120100采编费用-稿费
2221001003应交税费-应交税金-应交增值税-进项税额-进项税额
2228001004应交境外税金-应交增值税-进项税额","2221001009应交税费-应交税金-应交增值税-进项税额转出-集体福利、个人消费
2221001995应交税费-应交税金-应交增值税-进项税额转出-其他
2202001000应付账款-应付账款
2221001080应交税费-应交税金-个人所得税
2241下所有明细科目
1012011000其他货币资金-加油（气）站资金
1013001000内部存款-内部结算存款
2228001002应交境外税金-应交增值税-销项税额
2228011001应交境外税金-代扣代缴税-代扣代缴增值税
2228011002应交境外税金-代扣代缴税-代扣企业所得税
2228011998应交境外税金-代扣代缴税-其他
2228023000应交境外税金-预扣税",是指企业结算各部门日常发生的各项与稿件宣传相关费用，通过填写费用报销单，以立即支付或挂账的方式结算,费用报销单,稿费结算汇总表,,成都中心,叶田,正常,,
204,采购至应付,费用报销,A1_03_0001,费用报销,A02307,发放稿费,"5046120100采编费用-稿费
2221001003应交税费-应交税金-应交增值税-进项税额-进项税额
2228001004应交境外税金-应交增值税-进项税额","2221001009应交税费-应交税金-应交增值税-进项税额转出-集体福利、个人消费
2221001995应交税费-应交税金-应交增值税-进项税额转出-其他
2202001000应付账款-应付账款
2221001080应交税费-应交税金-个人所得税
2241下所有明细科目
1012011000其他货币资金-加油（气）站资金
1013001000内部存款-内部结算存款
2228001002应交境外税金-应交增值税-销项税额
2228011001应交境外税金-代扣代缴税-代扣代缴增值税
2228011002应交境外税金-代扣代缴税-代扣企业所得税
2228011998应交境外税金-代扣代缴税-其他
2228023000应交境外税金-预扣税",是指企业为职工以资金形式发放用于稿件宣传相关费用，通过填写费用报销单，以立即支付或挂账的方式结算,费用报销单,发放采编稿费汇总表,稿费发放明细表,成都中心,叶田,正常,,
205,采购至应付,费用报销,A1_03_0001,费用报销,A02196,结算试制设备费,"5048030000试制设备费
2221001003应交税费-应交税金-应交增值税-进项税额-进项税额
2228001004应交境外税金-应交增值税-进项税额","2221001009应交税费-应交税金-应交增值税-进项税额转出-集体福利、个人消费
2221001995应交税费-应交税金-应交增值税-进项税额转出-其他
2202001000应付账款-应付账款
2221001080应交税费-应交税金-个人所得税
2241下所有明细科目
1012011000其他货币资金-加油（气）站资金
1013001000内部存款-内部结算存款
2228001002应交境外税金-应交增值税-销项税额
2228011001应交境外税金-代扣代缴税-代扣代缴增值税
2228011002应交境外税金-代扣代缴税-代扣企业所得税
2228011998应交境外税金-代扣代缴税-其他
2228023000应交境外税金-预扣税",是指企业为试制生产新产品所需的设备过程中发生的各项费用，通过填写费用报销单，以立即支付或挂账方式进行结算,费用报销单,试制设备费结算汇总表,,西安中心,刘婧,正常,,
206,采购至应付,费用报销,A1_03_0001,费用报销,A02197,结算罐车清洗费,"5047620000清罐费
2221001003应交税费-应交税金-应交增值税-进项税额-进项税额
2228001004应交境外税金-应交增值税-进项税额","2221001009应交税费-应交税金-应交增值税-进项税额转出-集体福利、个人消费
2221001995应交税费-应交税金-应交增值税-进项税额转出-其他
2202001000应付账款-应付账款
2221001080应交税费-应交税金-个人所得税
2241下所有明细科目
1012011000其他货币资金-加油（气）站资金
1013001000内部存款-内部结算存款
2228001002应交境外税金-应交增值税-销项税额
2228011001应交境外税金-代扣代缴税-代扣代缴增值税
2228011002应交境外税金-代扣代缴税-代扣企业所得税
2228011998应交境外税金-代扣代缴税-其他
2228023000应交境外税金-预扣税",是指企业为运输原材料所需的清洗罐体内部过程中发生的各项费用，通过填写费用报销单，以立即支付或挂账方式进行结算,费用报销单,罐车清洗费结算汇总表,,西安中心,刘婧,正常,,
207,采购至应付,费用报销,A1_03_0001,费用报销,A02198,发放家属工补贴,"营业外支出-支付给非本公司员工的支出
应交税费-应交税金-应交增值税-进项税额-进项税额","2221001009应交税费-应交税金-应交增值税-进项税额转出-集体福利、个人消费
2221001995应交税费-应交税金-应交增值税-进项税额转出-其他
2202001000应付账款-应付账款
2221001080应交税费-应交税金-个人所得税
2241下所有明细科目
1012011000其他货币资金-加油（气）站资金
1013001000内部存款-内部结算存款
2211002001应付职工薪酬-应付福利费-提取数
2228001002应交境外税金-应交增值税-销项税额
2228011001应交境外税金-代扣代缴税-代扣代缴增值税
2228011002应交境外税金-代扣代缴税-代扣企业所得税
2228011998应交境外税金-代扣代缴税-其他
2228023000应交境外税金-预扣税",是指企业为职工以资金形式发放家属工的各项补贴，通过填写费用报销单，以立即支付或挂账方式进行结算。,费用报销单,家属工补贴发放汇总表,家属生活补贴发放明细表,大庆中心,吴月明,正常,,
208,采购至应付,费用报销,A1_03_0001,费用报销,A02199,结算合同能源管理费,"5098000000其他费用
2221001003应交税费-应交税金-应交增值税-进项税额-进项税额
2228001004应交境外税金-应交增值税-进项税额","2221001009应交税费-应交税金-应交增值税-进项税额转出-集体福利、个人消费
2221001995应交税费-应交税金-应交增值税-进项税额转出-其他
2202001000应付账款-应付账款
2221001080应交税费-应交税金-个人所得税
2241下所有明细科目
1012011000其他货币资金-加油（气）站资金
1013001000内部存款-内部结算存款
2228001002应交境外税金-应交增值税-销项税额
2228011001应交境外税金-代扣代缴税-代扣代缴增值税
2228011002应交境外税金-代扣代缴税-代扣企业所得税
2228011998应交境外税金-代扣代缴税-其他
2228023000应交境外税金-预扣税",是指企业为节能投入过程中发生的各项费用，通过填写费用报销单，以立即支付或挂账方式进行结算,费用报销单,合同能源管理费结算汇总表,,西安中心,刘婧,正常,,
209,采购至应付,费用报销,A1_03_0001,费用报销,A02200,结算基金投资费用,"5098000000其他费用
2221001003应交税费-应交税金-应交增值税-进项税额-进项税额
2228001004应交境外税金-应交增值税-进项税额","2221001009应交税费-应交税金-应交增值税-进项税额转出-集体福利、个人消费
2221001995应交税费-应交税金-应交增值税-进项税额转出-其他
2202001000应付账款-应付账款
2221001080应交税费-应交税金-个人所得税
2241下所有明细科目
1012011000其他货币资金-加油（气）站资金
1013001000内部存款-内部结算存款
2228001002应交境外税金-应交增值税-销项税额
2228011001应交境外税金-代扣代缴税-代扣代缴增值税
2228011002应交境外税金-代扣代缴税-代扣企业所得税
2228011998应交境外税金-代扣代缴税-其他
2228023000应交境外税金-预扣税",是指企业为购买基金过程中发生的各项费用，通过填写费用报销单，以立即支付或挂账的方式结算,费用报销单,投资成本结算汇总表,,成都中心,叶田,正常,,
210,采购至应付,费用报销,A1_03_0001,费用报销,A02201,结算非流动交易性金融资产投资费用,"5098000000其他费用
2221001003应交税费-应交税金-应交增值税-进项税额-进项税额
2228001004应交境外税金-应交增值税-进项税额","2221001009应交税费-应交税金-应交增值税-进项税额转出-集体福利、个人消费
2221001995应交税费-应交税金-应交增值税-进项税额转出-其他
2202001000应付账款-应付账款
2221001080应交税费-应交税金-个人所得税
2241下所有明细科目
1012011000其他货币资金-加油（气）站资金
1013001000内部存款-内部结算存款
2228001002应交境外税金-应交增值税-销项税额
2228011001应交境外税金-代扣代缴税-代扣代缴增值税
2228011002应交境外税金-代扣代缴税-代扣企业所得税
2228011998应交境外税金-代扣代缴税-其他
2228023000应交境外税金-预扣税",是指企业为非流动交易性金融资产投资中发生的各项费用，通过填写费用报销单，以立即支付或挂账的方式结算,费用报销单,投资成本结算汇总表,,成都中心,叶田,正常,,
211,采购至应付,费用报销,A1_03_0001,费用报销,A02202,结算长期委托贷款费用,"5098000000其他费用
2221001003应交税费-应交税金-应交增值税-进项税额-进项税额
2228001004应交境外税金-应交增值税-进项税额","2221001009应交税费-应交税金-应交增值税-进项税额转出-集体福利、个人消费
2221001995应交税费-应交税金-应交增值税-进项税额转出-其他
2202001000应付账款-应付账款
2221001080应交税费-应交税金-个人所得税
2241下所有明细科目
1012011000其他货币资金-加油（气）站资金
1013001000内部存款-内部结算存款
2228001002应交境外税金-应交增值税-销项税额
2228011001应交境外税金-代扣代缴税-代扣代缴增值税
2228011002应交境外税金-代扣代缴税-代扣企业所得税
2228011998应交境外税金-代扣代缴税-其他
2228023000应交境外税金-预扣税",是指企业为管理和收回贷款所发生的各项费用，包括利息、手续费、佣金、诉讼费等，通过填写费用报销单，以立即支付或挂账的方式结算,费用报销单,投资成本结算汇总表,,成都中心,叶田,正常,,
212,采购至应付,费用报销,A1_03_0001,费用报销,A02203,结算手续及佣金费用（金融专用）,"6421000000手续费及佣金支出
2221001003应交税费-应交税金-应交增值税-进项税额-进项税额
2228001004应交境外税金-应交增值税-进项税额","2221001009应交税费-应交税金-应交增值税-进项税额转出-集体福利、个人消费
2221001995应交税费-应交税金-应交增值税-进项税额转出-其他
2202001000应付账款-应付账款
2221001080应交税费-应交税金-个人所得税
2241下所有明细科目
1012011000其他货币资金-加油（气）站资金
1013001000内部存款-内部结算存款
2228001002应交境外税金-应交增值税-销项税额
2228011001应交境外税金-代扣代缴税-代扣代缴增值税
2228011002应交境外税金-代扣代缴税-代扣企业所得税
2228011998应交境外税金-代扣代缴税-其他
2228023000应交境外税金-预扣税",是指企业（金融）发生的与其经营活动相关的手续费、佣金等各项费用，通过填写费用报销单，以立即支付或挂账的方式结算,费用报销单,手续费及佣金费用结算汇总表（金融专用）,,成都中心,叶田,正常,,
213,采购至应付,费用报销,A1_03_0001,费用报销,A02204,结算增产措施费,"5098000000其他费用
2221001003应交税费-应交税金-应交增值税-进项税额-进项税额
2228001004应交境外税金-应交增值税-进项税额","2221001009应交税费-应交税金-应交增值税-进项税额转出-集体福利、个人消费
2221001995应交税费-应交税金-应交增值税-进项税额转出-其他
2202001000应付账款-应付账款
2221001080应交税费-应交税金-个人所得税
2241下所有明细科目
1012011000其他货币资金-加油（气）站资金
1013001000内部存款-内部结算存款
2228001002应交境外税金-应交增值税-销项税额
2228011001应交境外税金-代扣代缴税-代扣代缴增值税
2228011002应交境外税金-代扣代缴税-代扣企业所得税
2228011998应交境外税金-代扣代缴税-其他
2228023000应交境外税金-预扣税",是指企业为增加产量而采取的施工措施中发生的各项费用，通过填写费用报销单，以立即支付或挂账的方式结算,费用报销单,增产措施结算汇总表,,成都中心,郭东阳,正常,,
214,采购至应付,费用报销,A1_03_0001,费用报销,A02205,结算减册人员费用,"5010120000 员工费用-福利费 
2211002998 应付职工薪酬-应付福利费-福利费支出-其他
2221001003应交税费-应交税金-应交增值税-进项税额-进项税额
2228001004应交境外税金-应交增值税-进项税额","2221001009应交税费-应交税金-应交增值税-进项税额转出-集体福利、个人消费
2221001995应交税费-应交税金-应交增值税-进项税额转出-其他
2202001000应付账款-应付账款
2221001080应交税费-应交税金-个人所得税
2241下所有明细科目
1012011000其他货币资金-加油（气）站资金
1013001000内部存款-内部结算存款
2211002001应付职工薪酬-应付福利费-提取数
2228001002应交境外税金-应交增值税-销项税额
2228011001应交境外税金-代扣代缴税-代扣代缴增值税
2228011002应交境外税金-代扣代缴税-代扣企业所得税
2228011998应交境外税金-代扣代缴税-其他
2228023000应交境外税金-预扣税",是指企业为核实减册人员发生的各项费用，通过填写费用报销单，以立即支付或挂账方式进行结算,费用报销单,减册人员费用结算汇总表,,大庆中心,吴月明,正常,,
215,采购至应付,费用报销,A1_03_0001,费用报销,A02206,结算客户差旅费,"5098000000其他费用
2221001003应交税费-应交税金-应交增值税-进项税额-进项税额
2228001004应交境外税金-应交增值税-进项税额","2221001009应交税费-应交税金-应交增值税-进项税额转出-集体福利、个人消费
2221001995应交税费-应交税金-应交增值税-进项税额转出-其他
2202001000应付账款-应付账款
2221001080应交税费-应交税金-个人所得税
2241下所有明细科目
1012011000其他货币资金-加油（气）站资金
1013001000内部存款-内部结算存款
2228001002应交境外税金-应交增值税-销项税额
2228011001应交境外税金-代扣代缴税-代扣代缴增值税
2228011002应交境外税金-代扣代缴税-代扣企业所得税
2228011998应交境外税金-代扣代缴税-其他
2228023000应交境外税金-预扣税",是指企业为销售产品而承担的客户发生的各项差旅费用，通过填写费用报销单，以立即支付或挂账的方式结算,费用报销单,客户差旅费结算汇总表,,成都中心,郭东阳,正常,,
216,采购至应付,费用报销,A1_03_0001,费用报销,A02207,结算办公室冷气费,"5098000000其他费用
2221001003应交税费-应交税金-应交增值税-进项税额-进项税额
2228001004应交境外税金-应交增值税-进项税额","2221001009应交税费-应交税金-应交增值税-进项税额转出-集体福利、个人消费
2221001995应交税费-应交税金-应交增值税-进项税额转出-其他
2202001000应付账款-应付账款
2221001080应交税费-应交税金-个人所得税
2241下所有明细科目
1012011000其他货币资金-加油（气）站资金
1013001000内部存款-内部结算存款
2228001002应交境外税金-应交增值税-销项税额
2228011001应交境外税金-代扣代缴税-代扣代缴增值税
2228011002应交境外税金-代扣代缴税-代扣企业所得税
2228011998应交境外税金-代扣代缴税-其他
2228023000应交境外税金-预扣税",是指企业为承租的办公室单独核算的空调制冷费用，通过填写费用报销单，以立即支付或挂账的方式结算,费用报销单,办公室冷气费结算汇总表,,成都中心,杨钦然,正常,,
217,采购至应付,费用报销,A1_03_0001,费用报销,A02208,结算电视收视费,"5098000000其他费用
2221001003应交税费-应交税金-应交增值税-进项税额-进项税额
2228001004应交境外税金-应交增值税-进项税额","2221001009应交税费-应交税金-应交增值税-进项税额转出-集体福利、个人消费
2221001995应交税费-应交税金-应交增值税-进项税额转出-其他
2202001000应付账款-应付账款
2221001080应交税费-应交税金-个人所得税
2241下所有明细科目
1012011000其他货币资金-加油（气）站资金
1013001000内部存款-内部结算存款
2228001002应交境外税金-应交增值税-销项税额
2228011001应交境外税金-代扣代缴税-代扣代缴增值税
2228011002应交境外税金-代扣代缴税-代扣企业所得税
2228011998应交境外税金-代扣代缴税-其他
2228023000应交境外税金-预扣税",是指企业为办公、宿舍等场所单独核算的电视收视费用，通过填写费用报销单，以立即支付或挂账的方式结算,费用报销单,电视收视费结算汇总表,,成都中心,杨钦然,正常,,
218,采购至应付,费用报销,A1_03_0001,费用报销,A02378,结算员工福利洗涤费,"5010120000 员工费用-福利费 
2211002998 应付职工薪酬-应付福利费-福利费支出-其他
2221001003应交税费-应交税金-应交增值税-进项税额-进项税额
2228001004应交境外税金-应交增值税-进项税额","2221001009应交税费-应交税金-应交增值税-进项税额转出-集体福利、个人消费
2221001995应交税费-应交税金-应交增值税-进项税额转出-其他
2202001000应付账款-应付账款
2221001080应交税费-应交税金-个人所得税
2241下所有明细科目
1012011000其他货币资金-加油（气）站资金
1013001000内部存款-内部结算存款
2211002001应付职工薪酬-应付福利费-提取数
2228001002应交境外税金-应交增值税-销项税额
2228011001应交境外税金-代扣代缴税-代扣代缴增值税
2228011002应交境外税金-代扣代缴税-代扣企业所得税
2228011998应交境外税金-代扣代缴税-其他
2228023000应交境外税金-预扣税",是指企业各部门日常发生与员工福利相关的洗涤费用，通过填写费用报销单，以立即支付或挂账的方式结算,费用报销单,员工福利洗涤费结算汇总表,,成都中心,杨钦然,正常,,
219,采购至应付,费用报销,A1_03_0001,费用报销,A02209,结算商业洗涤服务费,"5098000000其他费用
2221001003应交税费-应交税金-应交增值税-进项税额-进项税额
2228001004应交境外税金-应交增值税-进项税额","2221001009应交税费-应交税金-应交增值税-进项税额转出-集体福利、个人消费
2221001995应交税费-应交税金-应交增值税-进项税额转出-其他
2202001000应付账款-应付账款
2221001080应交税费-应交税金-个人所得税
2241下所有明细科目
1012011000其他货币资金-加油（气）站资金
1013001000内部存款-内部结算存款
2228001002应交境外税金-应交增值税-销项税额
2228011001应交境外税金-代扣代缴税-代扣代缴增值税
2228011002应交境外税金-代扣代缴税-代扣企业所得税
2228011998应交境外税金-代扣代缴税-其他
2228023000应交境外税金-预扣税",是指企业各部门日常发生除员工福利外的各项洗涤费用，通过填写费用报销单，以立即支付或挂账的方式结算,费用报销单,商业洗涤服务费结算汇总表,,成都中心,杨钦然,正常,,
220,采购至应付,费用报销,A1_03_0001,费用报销,A02210,结算代办费,"5098000000其他费用
2221001003应交税费-应交税金-应交增值税-进项税额-进项税额
2228001004应交境外税金-应交增值税-进项税额","2221001009应交税费-应交税金-应交增值税-进项税额转出-集体福利、个人消费
2221001995应交税费-应交税金-应交增值税-进项税额转出-其他
2202001000应付账款-应付账款
2221001080应交税费-应交税金-个人所得税
2241下所有明细科目
1012011000其他货币资金-加油（气）站资金
1013001000内部存款-内部结算存款
2228001002应交境外税金-应交增值税-销项税额
2228011001应交境外税金-代扣代缴税-代扣代缴增值税
2228011002应交境外税金-代扣代缴税-代扣企业所得税
2228011998应交境外税金-代扣代缴税-其他
2228023000应交境外税金-预扣税",是指企业各部门日常发生的各项与中介代办相关费用，通过填写费用报销单，以立即支付或挂账的方式结算,费用报销单,代办费结算汇总表,,成都中心,杨钦然,正常,,
221,采购至应付,费用报销,A1_03_0001,费用报销,A02211,代理套保交易代理费,"6111010000   投资收益-交易费用
2221001003应交税费-应交税金-应交增值税-进项税额-进项税额
2228001004应交境外税金-应交增值税-进项税额","2221001009应交税费-应交税金-应交增值税-进项税额转出-集体福利、个人消费
2221001995应交税费-应交税金-应交增值税-进项税额转出-其他
2202001000应付账款-应付账款
2221001080应交税费-应交税金-个人所得税
2241下所有明细科目
1012011000其他货币资金-加油（气）站资金
1013001000内部存款-内部结算存款
2228001002应交境外税金-应交增值税-销项税额
2228011001应交境外税金-代扣代缴税-代扣代缴增值税
2228011002应交境外税金-代扣代缴税-代扣企业所得税
2228011998应交境外税金-代扣代缴税-其他
2228023000应交境外税金-预扣税",是指企业各部门日常发生的各项与代理套保相关费用，通过填写费用报销单，以立即支付或挂账的方式结算,费用报销单,结算投资成本汇总表,,成都中心,叶田,正常,,
222,采购至应付,费用报销,A1_03_0001,费用报销,A02212,发放政府特殊津贴,"5098000000其他费用
2221001003应交税费-应交税金-应交增值税-进项税额-进项税额
2228001004应交境外税金-应交增值税-进项税额","2221001009应交税费-应交税金-应交增值税-进项税额转出-集体福利、个人消费
2221001995应交税费-应交税金-应交增值税-进项税额转出-其他
2202001000应付账款-应付账款
2221001080应交税费-应交税金-个人所得税
2241下所有明细科目
1012011000其他货币资金-加油（气）站资金
1013001000内部存款-内部结算存款
2228001002应交境外税金-应交增值税-销项税额
2228011001应交境外税金-代扣代缴税-代扣代缴增值税
2228011002应交境外税金-代扣代缴税-代扣企业所得税
2228011998应交境外税金-代扣代缴税-其他
2228023000应交境外税金-预扣税",是指企业各部门发放政府特殊津贴发生的各项费用，通过填写费用报销单，以立即支付或挂账的方式进行结算,费用报销单,发放政府特殊津贴汇总表,,成都中心,杨钦然,正常,,
223,采购至应付,费用报销,A1_03_0001,费用报销,A02213,结算供应商管理费,"5098000000其他费用
2221001003应交税费-应交税金-应交增值税-进项税额-进项税额
2228001004应交境外税金-应交增值税-进项税额","2221001009应交税费-应交税金-应交增值税-进项税额转出-集体福利、个人消费
2221001995应交税费-应交税金-应交增值税-进项税额转出-其他
2202001000应付账款-应付账款
2221001080应交税费-应交税金-个人所得税
2241下所有明细科目
1012011000其他货币资金-加油（气）站资金
1013001000内部存款-内部结算存款
2228001002应交境外税金-应交增值税-销项税额
2228011001应交境外税金-代扣代缴税-代扣代缴增值税
2228011002应交境外税金-代扣代缴税-代扣企业所得税
2228011998应交境外税金-代扣代缴税-其他
2228023000应交境外税金-预扣税",是指企业各部门日常发生的各项作为供应商缴纳的管理费等相关费用，通过填写费用报销单，以立即支付或挂账的方式结算,费用报销单,供应商管理费结算汇总表,,成都中心,杨钦然,正常,,
224,采购至应付,费用报销,A1_03_0001,费用报销,A02214,结算上级管理费,"5044130000上级管理费
2221001003应交税费-应交税金-应交增值税-进项税额-进项税额
2228001004应交境外税金-应交增值税-进项税额","2221001009应交税费-应交税金-应交增值税-进项税额转出-集体福利、个人消费
2221001995应交税费-应交税金-应交增值税-进项税额转出-其他
2202001000应付账款-应付账款
2221001080应交税费-应交税金-个人所得税
2241下所有明细科目
1012011000其他货币资金-加油（气）站资金
1013001000内部存款-内部结算存款
2228001002应交境外税金-应交增值税-销项税额
2228011001应交境外税金-代扣代缴税-代扣代缴增值税
2228011002应交境外税金-代扣代缴税-代扣企业所得税
2228011998应交境外税金-代扣代缴税-其他
2228023000应交境外税金-预扣税",是指企业各部门日常发生的各项向上级单位缴纳的管理费等相关费用，通过填写费用 报销单，以立即支付或挂账的方式进行结算,费用报销单,上级管理费结算汇总表,,西安中心,刘婧,正常,,
225,采购至应付,费用报销,A1_03_0001,费用报销,A02215,结算防预费,"5098000000其他费用
2221001003应交税费-应交税金-应交增值税-进项税额-进项税额
2228001004应交境外税金-应交增值税-进项税额","2221001009应交税费-应交税金-应交增值税-进项税额转出-集体福利、个人消费
2221001995应交税费-应交税金-应交增值税-进项税额转出-其他
2202001000应付账款-应付账款
2221001080应交税费-应交税金-个人所得税
2241下所有明细科目
1012011000其他货币资金-加油（气）站资金
1013001000内部存款-内部结算存款
2228001002应交境外税金-应交增值税-销项税额
2228011001应交境外税金-代扣代缴税-代扣代缴增值税
2228011002应交境外税金-代扣代缴税-代扣企业所得税
2228011998应交境外税金-代扣代缴税-其他
2228023000应交境外税金-预扣税",是指企业各部门日常发生的各项与防止保险事故的发生和对保险标的采取安全防御措施所产生的相关费用，通过填写费用报销单，以立即支付或挂账的方式结算,费用报销单,防预费结算汇总表,,成都中心,杨钦然,正常,,
226,采购至应付,费用报销,A1_03_0001,费用报销,A02217,结算银行托管费（金融专用）,"5044180000银行托管费
2221001003应交税费-应交税金-应交增值税-进项税额-进项税额
2228001004应交境外税金-应交增值税-进项税额","2221001009应交税费-应交税金-应交增值税-进项税额转出-集体福利、个人消费
2221001995应交税费-应交税金-应交增值税-进项税额转出-其他
2202001000应付账款-应付账款
2221001080应交税费-应交税金-个人所得税
2241下所有明细科目
1012011000其他货币资金-加油（气）站资金
1013001000内部存款-内部结算存款
2228001002应交境外税金-应交增值税-销项税额
2228011001应交境外税金-代扣代缴税-代扣代缴增值税
2228011002应交境外税金-代扣代缴税-代扣企业所得税
2228011998应交境外税金-代扣代缴税-其他
2228023000应交境外税金-预扣税",是指金融板块企业资产托管过程中向银行支付的相关托管费用，通过填写费用报销单，以立即支付或挂账的方式结算,费用报销单,银行业务费结算汇总表,,成都中心,叶田,正常,,
227,采购至应付,费用报销,A1_03_0001,费用报销,A02251,结算银行结算费（金融专用）,"5045010000银行结算费-网上银行
5044150000银行服务费
5044180000银行托管费
5045020098银行结算费-其他
2221001003应交税费-应交税金-应交增值税-进项税额-进项税额
2228001004应交境外税金-应交增值税-进项税额","2221001009应交税费-应交税金-应交增值税-进项税额转出-集体福利、个人消费
2221001995应交税费-应交税金-应交增值税-进项税额转出-其他
2202001000应付账款-应付账款
2221001080应交税费-应交税金-个人所得税
2241下所有明细科目
1012011000其他货币资金-加油（气）站资金
1013001000内部存款-内部结算存款
2228001002应交境外税金-应交增值税-销项税额
2228011001应交境外税金-代扣代缴税-代扣代缴增值税
2228011002应交境外税金-代扣代缴税-代扣企业所得税
2228011998应交境外税金-代扣代缴税-其他
2228023000应交境外税金-预扣税",是指金融板块企业发生的银行线下及线上手续费，通过填写费用报销单，以立即支付或挂账的方式结算,费用报销单,银行业务费结算汇总表,,成都中心,叶田,正常,,
228,采购至应付,费用报销,A1_03_0001,费用报销,A02219,结算银行服务费,"5044150000银行服务费
2221001003应交税费-应交税金-应交增值税-进项税额-进项税额
2228001004应交境外税金-应交增值税-进项税额","2221001009应交税费-应交税金-应交增值税-进项税额转出-集体福利、个人消费
2221001995应交税费-应交税金-应交增值税-进项税额转出-其他
2202001000应付账款-应付账款
2221001080应交税费-应交税金-个人所得税
2241下所有明细科目
1012011000其他货币资金-加油（气）站资金
1013001000内部存款-内部结算存款
2228001002应交境外税金-应交增值税-销项税额
2228011001应交境外税金-代扣代缴税-代扣代缴增值税
2228011002应交境外税金-代扣代缴税-代扣企业所得税
2228011998应交境外税金-代扣代缴税-其他
2228023000应交境外税金-预扣税",是指企业各部门日常发生的银行服务费，通过填写费用报销单，以立即支付或挂账的方式结算,费用报销单,银行业务费结算汇总表,,成都中心,叶田,正常,,
229,采购至应付,费用报销,A1_03_0001,费用报销,A02218,结算商旅贴票服务费,"5044150000银行服务费
2221001003应交税费-应交税金-应交增值税-进项税额-进项税额
2228001004应交境外税金-应交增值税-进项税额","2221001009应交税费-应交税金-应交增值税-进项税额转出-集体福利、个人消费
2221001995应交税费-应交税金-应交增值税-进项税额转出-其他
2202001000应付账款-应付账款
2221001080应交税费-应交税金-个人所得税
2241下所有明细科目
1012011000其他货币资金-加油（气）站资金
1013001000内部存款-内部结算存款
2228001002应交境外税金-应交增值税-销项税额
2228011001应交境外税金-代扣代缴税-代扣代缴增值税
2228011002应交境外税金-代扣代缴税-代扣企业所得税
2228011998应交境外税金-代扣代缴税-其他
2228023000应交境外税金-预扣税",是指企业各部门日常发生的各项向提供商旅粘贴票据机构支付的相关费用，通过填写费用报销单，以立即支付或挂账的方式结算,费用报销单,商旅贴票服务费结算汇总表,,成都中心,杨钦然,正常,,
230,采购至应付,费用报销,A1_03_0001,费用报销,A02220,结算销售服务费,"5044170000销售服务费
2221001003应交税费-应交税金-应交增值税-进项税额-进项税额
2228001004应交境外税金-应交增值税-进项税额","2221001009应交税费-应交税金-应交增值税-进项税额转出-集体福利、个人消费
2221001995应交税费-应交税金-应交增值税-进项税额转出-其他
2202001000应付账款-应付账款
2221001080应交税费-应交税金-个人所得税
2241下所有明细科目
1012011000其他货币资金-加油（气）站资金
1013001000内部存款-内部结算存款
2228001002应交境外税金-应交增值税-销项税额
2228011001应交境外税金-代扣代缴税-代扣代缴增值税
2228011002应交境外税金-代扣代缴税-代扣企业所得税
2228011998应交境外税金-代扣代缴税-其他
2228023000应交境外税金-预扣税",是指企业销售产品或提供服务过程发生的各项费用，通过填写费用报销单，以立即支付或挂账的方式结算,费用报销单,销售服务费结算汇总表,,成都中心,杨钦然,正常,,
231,采购至应付,费用报销,A1_03_0001,费用报销,A02221,结算测试费,"5047010000测试费
2221001003应交税费-应交税金-应交增值税-进项税额-进项税额
2228001004应交境外税金-应交增值税-进项税额","2221001009应交税费-应交税金-应交增值税-进项税额转出-集体福利、个人消费
2221001995应交税费-应交税金-应交增值税-进项税额转出-其他
2202001000应付账款-应付账款
2221001080应交税费-应交税金-个人所得税
2241下所有明细科目
1012011000其他货币资金-加油（气）站资金
1013001000内部存款-内部结算存款
2228001002应交境外税金-应交增值税-销项税额
2228011001应交境外税金-代扣代缴税-代扣代缴增值税
2228011002应交境外税金-代扣代缴税-代扣企业所得税
2228011998应交境外税金-代扣代缴税-其他
2228023000应交境外税金-预扣税",是指企业为确保产品符合行业规定而产生的测试费用，通过填写费用报销单，以立即支付或挂账的方式结算,费用报销单,测试化验费结算汇总表,,成都中心,杨钦然,正常,,
232,采购至应付,费用报销,A1_03_0001,费用报销,A02222,结算化验费,"5047020000化验费
2221001003应交税费-应交税金-应交增值税-进项税额-进项税额
2228001004应交境外税金-应交增值税-进项税额","2221001009应交税费-应交税金-应交增值税-进项税额转出-集体福利、个人消费
2221001995应交税费-应交税金-应交增值税-进项税额转出-其他
2202001000应付账款-应付账款
2221001080应交税费-应交税金-个人所得税
2241下所有明细科目
1012011000其他货币资金-加油（气）站资金
1013001000内部存款-内部结算存款
2228001002应交境外税金-应交增值税-销项税额
2228011001应交境外税金-代扣代缴税-代扣代缴增值税
2228011002应交境外税金-代扣代缴税-代扣企业所得税
2228011998应交境外税金-代扣代缴税-其他
2228023000应交境外税金-预扣税",是指企业为确保产品符合行业规定而产生的化验费用，通过填写费用报销单，以立即支付或挂账的方式结算,费用报销单,测试化验费结算汇总表,,成都中心,杨钦然,正常,,
233,采购至应付,费用报销,A1_03_0001,费用报销,A02223,结算保健费,"5047080000保健费
2221001003应交税费-应交税金-应交增值税-进项税额-进项税额
2228001004应交境外税金-应交增值税-进项税额","2221001009应交税费-应交税金-应交增值税-进项税额转出-集体福利、个人消费
2221001995应交税费-应交税金-应交增值税-进项税额转出-其他
2202001000应付账款-应付账款
2221001080应交税费-应交税金-个人所得税
2241下所有明细科目
1012011000其他货币资金-加油（气）站资金
1013001000内部存款-内部结算存款
2228001002应交境外税金-应交增值税-销项税额
2228011001应交境外税金-代扣代缴税-代扣代缴增值税
2228011002应交境外税金-代扣代缴税-代扣企业所得税
2228011998应交境外税金-代扣代缴税-其他
2228023000应交境外税金-预扣税",是指企业各部门日常发生的各项与职工福利相关的保健费，通过填写费用报销单，以立即支付或挂账的方式结算,费用报销单,保健费结算汇总表,,成都中心,杨钦然,正常,,
234,采购至应付,费用报销,A1_03_0001,费用报销,A02224,结算标准配备费,"5047100000标准配备费
2221001003应交税费-应交税金-应交增值税-进项税额-进项税额
2228001004应交境外税金-应交增值税-进项税额","2221001009应交税费-应交税金-应交增值税-进项税额转出-集体福利、个人消费
2221001995应交税费-应交税金-应交增值税-进项税额转出-其他
2202001000应付账款-应付账款
2221001080应交税费-应交税金-个人所得税
2241下所有明细科目
1012011000其他货币资金-加油（气）站资金
1013001000内部存款-内部结算存款
2228001002应交境外税金-应交增值税-销项税额
2228011001应交境外税金-代扣代缴税-代扣代缴增值税
2228011002应交境外税金-代扣代缴税-代扣企业所得税
2228011998应交境外税金-代扣代缴税-其他
2228023000应交境外税金-预扣税",是指企业为确保产品或服务符合行业规定，按照相关标准配置而发生采购的费用，通过填写费用报销单，以立即支付或挂账的方式进行结算,费用报销单,标准配备费结算汇总表,,西安中心,刘婧,正常,,
235,采购至应付,费用报销,A1_03_0001,费用报销,A02225,结算公共配套设施费,"5048040000公共配套设施费
2221001003应交税费-应交税金-应交增值税-进项税额-进项税额
2228001004应交境外税金-应交增值税-进项税额","2221001009应交税费-应交税金-应交增值税-进项税额转出-集体福利、个人消费
2221001995应交税费-应交税金-应交增值税-进项税额转出-其他
2202001000应付账款-应付账款
2221001080应交税费-应交税金-个人所得税
2241下所有明细科目
1012011000其他货币资金-加油（气）站资金
1013001000内部存款-内部结算存款
2228001002应交境外税金-应交增值税-销项税额
2228011001应交境外税金-代扣代缴税-代扣代缴增值税
2228011002应交境外税金-代扣代缴税-代扣企业所得税
2228011998应交境外税金-代扣代缴税-其他
2228023000应交境外税金-预扣税",是指企业按照城市规划的规定进行相关公共配套设施建设而发生采购的费用，通过填写费用报销单，以立即支付或挂账的方式进行结算,费用报销单,公共配套设施费结算汇总表,,西安中心,刘婧,正常,,
236,采购至应付,费用报销,A1_03_0001,费用报销,A02226,结算环境恢复整治费,"5047250000环境恢复整治费
2221001003应交税费-应交税金-应交增值税-进项税额-进项税额
2228001004应交境外税金-应交增值税-进项税额","2221001009应交税费-应交税金-应交增值税-进项税额转出-集体福利、个人消费
2221001995应交税费-应交税金-应交增值税-进项税额转出-其他
2202001000应付账款-应付账款
2221001080应交税费-应交税金-个人所得税
2241下所有明细科目
1012011000其他货币资金-加油（气）站资金
1013001000内部存款-内部结算存款
2228001002应交境外税金-应交增值税-销项税额
2228011001应交境外税金-代扣代缴税-代扣代缴增值税
2228011002应交境外税金-代扣代缴税-代扣企业所得税
2228011998应交境外税金-代扣代缴税-其他
2228023000应交境外税金-预扣税",是指企业发生的因整治环境污染，恢复环境生态而发生的相关费用，通过填写费用报销单，以立即支付或挂账的方式进行结算,费用报销单,环境恢复整治费结算汇总表,,西安中心,刘婧,正常,,
237,采购至应付,费用报销,A1_03_0001,费用报销,A02227,结算火工品安全管理费用,"5047280000火工品安全管理支出
2221001003应交税费-应交税金-应交增值税-进项税额-进项税额
2228001004应交境外税金-应交增值税-进项税额","2221001009应交税费-应交税金-应交增值税-进项税额转出-集体福利、个人消费
2221001995应交税费-应交税金-应交增值税-进项税额转出-其他
2202001000应付账款-应付账款
2221001080应交税费-应交税金-个人所得税
2241下所有明细科目
1012011000其他货币资金-加油（气）站资金
1013001000内部存款-内部结算存款
2228001002应交境外税金-应交增值税-销项税额
2228011001应交境外税金-代扣代缴税-代扣代缴增值税
2228011002应交境外税金-代扣代缴税-代扣企业所得税
2228011998应交境外税金-代扣代缴税-其他
2228023000应交境外税金-预扣税",是指企业发生的为防范保障火工品安全所发生的相关费用，通过填写费用报销单，以立即支付或挂账的方式进行结算,费用报销单,火工品安全管理费用结算汇总表,,西安中心,刘婧,正常,,
238,采购至应付,费用报销,A1_03_0001,费用报销,A02228,结算计量监测费,"5047050000计量监测费
2221001003应交税费-应交税金-应交增值税-进项税额-进项税额
2228001004应交境外税金-应交增值税-进项税额","2221001009应交税费-应交税金-应交增值税-进项税额转出-集体福利、个人消费
2221001995应交税费-应交税金-应交增值税-进项税额转出-其他
2202001000应付账款-应付账款
2221001080应交税费-应交税金-个人所得税
2241下所有明细科目
1012011000其他货币资金-加油（气）站资金
1013001000内部存款-内部结算存款
2228001002应交境外税金-应交增值税-销项税额
2228011001应交境外税金-代扣代缴税-代扣代缴增值税
2228011002应交境外税金-代扣代缴税-代扣企业所得税
2228011998应交境外税金-代扣代缴税-其他
2228023000应交境外税金-预扣税",是指企业发生的因计量器具监测发生的相关费用，通过填写费用报销单，以立即支付或挂账的方式进行结算,费用报销单,计量监测费结算汇总表,,西安中心,刘静,正常,,
239,采购至应付,费用报销,A1_03_0001,费用报销,A02229,结算施工补偿费,"5048080000施工补偿费
2221001003应交税费-应交税金-应交增值税-进项税额-进项税额
2228001004应交境外税金-应交增值税-进项税额","2221001009应交税费-应交税金-应交增值税-进项税额转出-集体福利、个人消费
2221001995应交税费-应交税金-应交增值税-进项税额转出-其他
2202001000应付账款-应付账款
2221001080应交税费-应交税金-个人所得税
2241下所有明细科目
1012011000其他货币资金-加油（气）站资金
1013001000内部存款-内部结算存款
2228001002应交境外税金-应交增值税-销项税额
2228011001应交境外税金-代扣代缴税-代扣代缴增值税
2228011002应交境外税金-代扣代缴税-代扣企业所得税
2228011998应交境外税金-代扣代缴税-其他
2228023000应交境外税金-预扣税",是指企业在工程建设过程中，因各种原因需要对相关利益方进行补偿而发生的相关费用，通过填写费用报销单，以立即支付或挂账的方式进行结算,费用报销单,施工补偿费结算汇总表,,西安中心,刘静,正常,,
240,采购至应付,费用报销,A1_03_0001,费用报销,A02379,结算车辆燃料费,"5005050000物料消耗
5006020300燃料-燃料油-柴油
5006020400燃料-燃料油-煤油
5006020500燃料-燃料油-汽油
5006020600燃料-燃料油-其他燃料油
5006010100燃料-燃料气-天然气
5006010200燃料-燃料气-其他燃料气
2221001003应交税费-应交税金-应交增值税-进项税额-进项税额
2228001004应交境外税金-应交增值税-进项税额","2221001009应交税费-应交税金-应交增值税-进项税额转出-集体福利、个人消费
2221001995应交税费-应交税金-应交增值税-进项税额转出-其他
2202001000应付账款-应付账款
2221001080应交税费-应交税金-个人所得税
2241下所有明细科目
1012011000其他货币资金-加油（气）站资金
1013001000内部存款-内部结算存款
2228001002应交境外税金-应交增值税-销项税额
2228011001应交境外税金-代扣代缴税-代扣代缴增值税
2228011002应交境外税金-代扣代缴税-代扣企业所得税
2228011998应交境外税金-代扣代缴税-其他
2228023000应交境外税金-预扣税",是指企业为满足生产耗用的各种车辆燃料，如汽油、柴油、天然气等通过外购发生的相关费用，通过填写费用报销单，以立即支付或挂账的方式进行结算,费用报销单,结算车辆燃料消耗验收汇总表,,西安中心,徐意,正常,,
241,采购至应付,费用报销,A1_03_0001,费用报销,A02231,结算污染赔偿费,"5047330000污染赔偿费
2221001003应交税费-应交税金-应交增值税-进项税额-进项税额
2228001004应交境外税金-应交增值税-进项税额","2221001009应交税费-应交税金-应交增值税-进项税额转出-集体福利、个人消费
2221001995应交税费-应交税金-应交增值税-进项税额转出-其他
2202001000应付账款-应付账款
2221001080应交税费-应交税金-个人所得税
2241下所有明细科目
1012011000其他货币资金-加油（气）站资金
1013001000内部存款-内部结算存款
2228001002应交境外税金-应交增值税-销项税额
2228011001应交境外税金-代扣代缴税-代扣代缴增值税
2228011002应交境外税金-代扣代缴税-代扣企业所得税
2228011998应交境外税金-代扣代缴税-其他
2228023000应交境外税金-预扣税",是指企业发生的污染调查评估、污染修复等相关赔偿费用，通过填写费用报销单，以立即支付或挂账的方式结算,费用报销单,污染赔偿费结算汇总表,,成都中心,唐漩,正常,,
242,采购至应付,费用报销,A1_03_0001,费用报销,A02232,结算污染治理费,"5047340000污染治理费
2221001003应交税费-应交税金-应交增值税-进项税额-进项税额
2228001004应交境外税金-应交增值税-进项税额","2221001009应交税费-应交税金-应交增值税-进项税额转出-集体福利、个人消费
2221001995应交税费-应交税金-应交增值税-进项税额转出-其他
2202001000应付账款-应付账款
2221001080应交税费-应交税金-个人所得税
2241下所有明细科目
1012011000其他货币资金-加油（气）站资金
1013001000内部存款-内部结算存款
2228001002应交境外税金-应交增值税-销项税额
2228011001应交境外税金-代扣代缴税-代扣代缴增值税
2228011002应交境外税金-代扣代缴税-代扣企业所得税
2228011998应交境外税金-代扣代缴税-其他
2228023000应交境外税金-预扣税",是指企业发生因油气水井设施造成污染而发生的相关治理费，通过填写费用报销单，以立即支付或挂账的方式结算,费用报销单,污染治理费结算汇总表,,成都中心,唐漩,正常,,
243,采购至应付,费用报销,A1_03_0001,费用报销,A02233,结算医疗卫生费用,"5047090000医疗卫生支出
2221001003应交税费-应交税金-应交增值税-进项税额-进项税额
2228001004应交境外税金-应交增值税-进项税额","2221001009应交税费-应交税金-应交增值税-进项税额转出-集体福利、个人消费
2221001995应交税费-应交税金-应交增值税-进项税额转出-其他
2202001000应付账款-应付账款
2221001080应交税费-应交税金-个人所得税
2241下所有明细科目
1012011000其他货币资金-加油（气）站资金
1013001000内部存款-内部结算存款
2228001002应交境外税金-应交增值税-销项税额
2228011001应交境外税金-代扣代缴税-代扣代缴增值税
2228011002应交境外税金-代扣代缴税-代扣企业所得税
2228011998应交境外税金-代扣代缴税-其他
2228023000应交境外税金-预扣税",是指企业核算用于医疗、卫生、保健服务方面的相关费用，通过填写费用报销单，以立即支付或挂账的方式结算,费用报销单,医疗卫生费用结算汇总表,,成都中心,唐漩,正常,,
244,采购至应付,费用报销,A1_03_0001,费用报销,A02234,结算职业危害监测费,"5047230000职业危害监测费
2221001003应交税费-应交税金-应交增值税-进项税额-进项税额
2228001004应交境外税金-应交增值税-进项税额","2221001009应交税费-应交税金-应交增值税-进项税额转出-集体福利、个人消费
2221001995应交税费-应交税金-应交增值税-进项税额转出-其他
2202001000应付账款-应付账款
2221001080应交税费-应交税金-个人所得税
2241下所有明细科目
1012011000其他货币资金-加油（气）站资金
1013001000内部存款-内部结算存款
2228001002应交境外税金-应交增值税-销项税额
2228011001应交境外税金-代扣代缴税-代扣代缴增值税
2228011002应交境外税金-代扣代缴税-代扣企业所得税
2228011998应交境外税金-代扣代缴税-其他
2228023000应交境外税金-预扣税",是指企业发生监测职业危害发生的相关费用，通过填写费用报销单，以立即支付或挂账的方式结算,费用报销单,职业危害监测费结算汇总表,,成都中心,唐漩,正常,,
245,采购至应付,费用报销,A1_03_0001,费用报销,A02235,结算制冷费,"5047420000制冷费
2221001003应交税费-应交税金-应交增值税-进项税额-进项税额
2228001004应交境外税金-应交增值税-进项税额","2221001009应交税费-应交税金-应交增值税-进项税额转出-集体福利、个人消费
2221001995应交税费-应交税金-应交增值税-进项税额转出-其他
2202001000应付账款-应付账款
2221001080应交税费-应交税金-个人所得税
2241下所有明细科目
1012011000其他货币资金-加油（气）站资金
1013001000内部存款-内部结算存款
2228001002应交境外税金-应交增值税-销项税额
2228011001应交境外税金-代扣代缴税-代扣代缴增值税
2228011002应交境外税金-代扣代缴税-代扣企业所得税
2228011998应交境外税金-代扣代缴税-其他
2228023000应交境外税金-预扣税",是指企业各部门发生的制冷费，而非办公室所用空调费，通过填写费用报销单，以立即支付或挂账的方式结算,费用报销单,制冷费结算汇总表,,成都中心,唐漩,正常,,
246,采购至应付,费用报销,A1_03_0001,费用报销,A02236,结算质量监督费,"5047430000质量监督费
2221001003应交税费-应交税金-应交增值税-进项税额-进项税额
2228001004应交境外税金-应交增值税-进项税额","2221001009应交税费-应交税金-应交增值税-进项税额转出-集体福利、个人消费
2221001995应交税费-应交税金-应交增值税-进项税额转出-其他
2202001000应付账款-应付账款
2221001080应交税费-应交税金-个人所得税
2241下所有明细科目
1012011000其他货币资金-加油（气）站资金
1013001000内部存款-内部结算存款
2228001002应交境外税金-应交增值税-销项税额
2228011001应交境外税金-代扣代缴税-代扣代缴增值税
2228011002应交境外税金-代扣代缴税-代扣企业所得税
2228011998应交境外税金-代扣代缴税-其他
2228023000应交境外税金-预扣税",是指企业应在工程建设中支付的工程质量监督而发生的相关费用，并且不宜直接列入建筑、安装工程费用和设备及工器具购置费用项目内的费用，通过填写费用报销单，以立即支付或挂账的方式结算,费用报销单,质量监督费结算汇总表,,成都中心,唐漩,正常,,
247,采购至应付,费用报销,A1_03_0001,费用报销,A02237,结算标定费,"5047560000标定费
2221001003应交税费-应交税金-应交增值税-进项税额-进项税额
2228001004应交境外税金-应交增值税-进项税额","2221001009应交税费-应交税金-应交增值税-进项税额转出-集体福利、个人消费
2221001995应交税费-应交税金-应交增值税-进项税额转出-其他
2202001000应付账款-应付账款
2221001080应交税费-应交税金-个人所得税
2241下所有明细科目
1012011000其他货币资金-加油（气）站资金
1013001000内部存款-内部结算存款
2228001002应交境外税金-应交增值税-销项税额
2228011001应交境外税金-代扣代缴税-代扣代缴增值税
2228011002应交境外税金-代扣代缴税-代扣企业所得税
2228011998应交境外税金-代扣代缴税-其他
2228023000应交境外税金-预扣税",是指企业为了准确测量地理数据并进行地图标定所需要支付的相关费用，通过填写费用报销单，以立即支付或挂账的方式结算,费用报销单,标定费结算汇总表,,成都中心,唐漩,正常,,
248,采购至应付,费用报销,A1_03_0001,费用报销,A02238,结算勘察费,"5047570000勘察费
2221001003应交税费-应交税金-应交增值税-进项税额-进项税额
2228001004应交境外税金-应交增值税-进项税额","2221001009应交税费-应交税金-应交增值税-进项税额转出-集体福利、个人消费
2221001995应交税费-应交税金-应交增值税-进项税额转出-其他
2202001000应付账款-应付账款
2221001080应交税费-应交税金-个人所得税
2241下所有明细科目
1012011000其他货币资金-加油（气）站资金
1013001000内部存款-内部结算存款
2228001002应交境外税金-应交增值税-销项税额
2228011001应交境外税金-代扣代缴税-代扣代缴增值税
2228011002应交境外税金-代扣代缴税-代扣企业所得税
2228011998应交境外税金-代扣代缴税-其他
2228023000应交境外税金-预扣税",是指企业为了进行地质勘察而发生的相关费用，通过填写费用报销单，以立即支付或挂账的方式结算,费用报销单,勘察费结算汇总表,,成都中心,唐漩,正常,,
249,采购至应付,费用报销,A1_03_0001,费用报销,A02239,结算防灾防损费,"5047550000防灾防损费
2221001003应交税费-应交税金-应交增值税-进项税额-进项税额
2228001004应交境外税金-应交增值税-进项税额","2221001009应交税费-应交税金-应交增值税-进项税额转出-集体福利、个人消费
2221001995应交税费-应交税金-应交增值税-进项税额转出-其他
2202001000应付账款-应付账款
2221001080应交税费-应交税金-个人所得税
2241下所有明细科目
1012011000其他货币资金-加油（气）站资金
1013001000内部存款-内部结算存款
2228001002应交境外税金-应交增值税-销项税额
2228011001应交境外税金-代扣代缴税-代扣代缴增值税
2228011002应交境外税金-代扣代缴税-代扣企业所得税
2228011998应交境外税金-代扣代缴税-其他
2228023000应交境外税金-预扣税",是指企业为了预防灾害、损失发生的相关费用，通过填写费用报销单，以立即支付或挂账的方式结算,费用报销单,防灾防损费结算汇总表,,成都中心,唐漩,正常,,
250,采购至应付,费用报销,A1_03_0001,费用报销,A02216,结算委托管理费,"5044140000委托管理费
2221001003应交税费-应交税金-应交增值税-进项税额-进项税额
2228001004应交境外税金-应交增值税-进项税额","2221001009应交税费-应交税金-应交增值税-进项税额转出-集体福利、个人消费
2221001995应交税费-应交税金-应交增值税-进项税额转出-其他
2202001000应付账款-应付账款
2221001080应交税费-应交税金-个人所得税
2241下所有明细科目
1012011000其他货币资金-加油（气）站资金
1013001000内部存款-内部结算存款
2228001002应交境外税金-应交增值税-销项税额
2228011001应交境外税金-代扣代缴税-代扣代缴增值税
2228011002应交境外税金-代扣代缴税-代扣企业所得税
2228011998应交境外税金-代扣代缴税-其他
2228023000应交境外税金-预扣税",是指企业核算资管方向企业推荐并提供投资产品，出具风险把控措施，企业向其支付的委托管理费，通过填写费用报销单，以立即支付或挂账的方式结算,费用报销单,委托管理费结算汇总表,,成都中心,唐漩,正常,,
251,采购至应付,费用报销,A1_03_0001,费用报销,A02241,结算开办费,"5047610000开办费
2221001003应交税费-应交税金-应交增值税-进项税额-进项税额
2228001004应交境外税金-应交增值税-进项税额","2221001009应交税费-应交税金-应交增值税-进项税额转出-集体福利、个人消费
2221001995应交税费-应交税金-应交增值税-进项税额转出-其他
2202001000应付账款-应付账款
2221001080应交税费-应交税金-个人所得税
2241下所有明细科目
1012011000其他货币资金-加油（气）站资金
1013001000内部存款-内部结算存款
2228001002应交境外税金-应交增值税-销项税额
2228011001应交境外税金-代扣代缴税-代扣代缴增值税
2228011002应交境外税金-代扣代缴税-代扣企业所得税
2228011998应交境外税金-代扣代缴税-其他
2228023000应交境外税金-预扣税",是指企业在批准筹建之日起，到开始生产、经营(包括试生产、试营业)之日止的期间内发生的费用，包括筹建期人员工资、办公费等，通过填写费用报销单，以立即支付或挂账的方式进行结算,费用报销单,开办费结算汇总表,,西安中心,刘婧,正常,,
252,采购至应付,费用报销,A1_03_0001,费用报销,A02242,结算临时设施费,"5048100000临时设施费
2221001003应交税费-应交税金-应交增值税-进项税额-进项税额
2228001004应交境外税金-应交增值税-进项税额","2221001009应交税费-应交税金-应交增值税-进项税额转出-集体福利、个人消费
2221001995应交税费-应交税金-应交增值税-进项税额转出-其他
2202001000应付账款-应付账款
2221001080应交税费-应交税金-个人所得税
2241下所有明细科目
1012011000其他货币资金-加油（气）站资金
1013001000内部存款-内部结算存款
2228001002应交境外税金-应交增值税-销项税额
2228011001应交境外税金-代扣代缴税-代扣代缴增值税
2228011002应交境外税金-代扣代缴税-代扣企业所得税
2228011998应交境外税金-代扣代缴税-其他
2228023000应交境外税金-预扣税",是指企业为满足施工建设需要而提供到场地界区的未列入工程费用的临时水、电、路、讯、气等工程和临时仓库、办公、生活等建（构）筑物的建设、维修、拆除、摊销费用或租赁费用，以及铁路租赁等费用，通过填写费用报销单，以立即支付或挂账的方式进行结算,费用报销单,临时设施费结算汇总表,,西安中心,刘婧,正常,,
253,采购至应付,费用报销,A1_03_0001,费用报销,A02243,结算现场清理费,"5048120000现场清理费
2221001003应交税费-应交税金-应交增值税-进项税额-进项税额
2228001004应交境外税金-应交增值税-进项税额","2221001009应交税费-应交税金-应交增值税-进项税额转出-集体福利、个人消费
2221001995应交税费-应交税金-应交增值税-进项税额转出-其他
2202001000应付账款-应付账款
2221001080应交税费-应交税金-个人所得税
2241下所有明细科目
1012011000其他货币资金-加油（气）站资金
1013001000内部存款-内部结算存款
2228001002应交境外税金-应交增值税-销项税额
2228011001应交境外税金-代扣代缴税-代扣代缴增值税
2228011002应交境外税金-代扣代缴税-代扣企业所得税
2228011998应交境外税金-代扣代缴税-其他
2228023000应交境外税金-预扣税",是指企业因清理、整理和恢复工程现场秩序和环境发生的相关费用，通过填写费用报销单，以立即支付或挂账的方式进行结算,费用报销单,现场清理费结算汇总表,,西安中心,刘婧,正常,,
254,采购至应付,费用报销,A1_03_0001,费用报销,A02244,结算查新费,"5047470000查新费
2221001003应交税费-应交税金-应交增值税-进项税额-进项税额
2228001004应交境外税金-应交增值税-进项税额","2221001009应交税费-应交税金-应交增值税-进项税额转出-集体福利、个人消费
2221001995应交税费-应交税金-应交增值税-进项税额转出-其他
2202001000应付账款-应付账款
2221001080应交税费-应交税金-个人所得税
2241下所有明细科目
1012011000其他货币资金-加油（气）站资金
1013001000内部存款-内部结算存款
2228001002应交境外税金-应交增值税-销项税额
2228011001应交境外税金-代扣代缴税-代扣代缴增值税
2228011002应交境外税金-代扣代缴税-代扣企业所得税
2228011998应交境外税金-代扣代缴税-其他
2228023000应交境外税金-预扣税",是指企业因查新课题、制定检索策略、并根据检索策略检索相关数据库等资源、撰写及审核查新报告所支付的费用，包括科技查新、立项查新、论文查新等，通过填写费用报销单，以立即支付或挂账的方式进行结算,费用报销单,查新费结算汇总表,,大庆中心,吴月明,正常,,
255,采购至应付,费用报销,A1_03_0001,费用报销,A02245,结算一线食堂费用,"5047630000一线伙食费用
2221001003应交税费-应交税金-应交增值税-进项税额-进项税额
2228001004应交境外税金-应交增值税-进项税额","2221001009应交税费-应交税金-应交增值税-进项税额转出-集体福利、个人消费
2221001995应交税费-应交税金-应交增值税-进项税额转出-其他
2202001000应付账款-应付账款
2221001080应交税费-应交税金-个人所得税
2241下所有明细科目
1012011000其他货币资金-加油（气）站资金
1013001000内部存款-内部结算存款
2228001002应交境外税金-应交增值税-销项税额
2228011001应交境外税金-代扣代缴税-代扣代缴增值税
2228011002应交境外税金-代扣代缴税-代扣企业所得税
2228011998应交境外税金-代扣代缴税-其他
2228023000应交境外税金-预扣税",是指工建板块企业没有自办食堂发生的伙食补助，通过填写费用报销单，以立即支付或挂账的方式进行结算,费用报销单,一线食堂费用结算汇总表,,大庆中心,李巍巍,正常,,
256,采购至应付,费用报销,A1_03_0001,费用报销,A02246,结算土壤和地下水监督费,"5047260000土壤和地下水监督费
2221001003应交税费-应交税金-应交增值税-进项税额-进项税额
2228001004应交境外税金-应交增值税-进项税额","2221001009应交税费-应交税金-应交增值税-进项税额转出-集体福利、个人消费
2221001995应交税费-应交税金-应交增值税-进项税额转出-其他
2202001000应付账款-应付账款
2221001080应交税费-应交税金-个人所得税
2241下所有明细科目
1012011000其他货币资金-加油（气）站资金
1013001000内部存款-内部结算存款
2228001002应交境外税金-应交增值税-销项税额
2228011001应交境外税金-代扣代缴税-代扣代缴增值税
2228011002应交境外税金-代扣代缴税-代扣企业所得税
2228011998应交境外税金-代扣代缴税-其他
2228023000应交境外税金-预扣税",是指企业针对土壤和地下水监测发生的相关费用，通过填写费用报销单，以立即支付或挂账的方式进行结算,费用报销单,土壤和地下水监督费结算汇总表,,西安中心,刘静,正常,,
257,采购至应付,费用报销,A1_03_0001,费用报销,A02247,结算排污许可监测费,"5047310000排污许可监测费
2221001003应交税费-应交税金-应交增值税-进项税额-进项税额
2228001004应交境外税金-应交增值税-进项税额","2221001009应交税费-应交税金-应交增值税-进项税额转出-集体福利、个人消费
2221001995应交税费-应交税金-应交增值税-进项税额转出-其他
2202001000应付账款-应付账款
2221001080应交税费-应交税金-个人所得税
2241下所有明细科目
1012011000其他货币资金-加油（气）站资金
1013001000内部存款-内部结算存款
2228001002应交境外税金-应交增值税-销项税额
2228011001应交境外税金-代扣代缴税-代扣代缴增值税
2228011002应交境外税金-代扣代缴税-代扣企业所得税
2228011998应交境外税金-代扣代缴税-其他
2228023000应交境外税金-预扣税",是指企业在排污过程中发生的相关监测费用，通过填写费用报销单，以立即支付或挂账的方式进行结算,费用报销单,排污许可监测费结算汇总表,,西安中心,刘静,正常,,
258,采购至应付,费用报销,A1_03_0001,费用报销,A02248,结算清罐费,"5047620000清罐费
2221001003应交税费-应交税金-应交增值税-进项税额-进项税额
2228001004应交境外税金-应交增值税-进项税额","2221001009应交税费-应交税金-应交增值税-进项税额转出-集体福利、个人消费
2221001995应交税费-应交税金-应交增值税-进项税额转出-其他
2202001000应付账款-应付账款
2221001080应交税费-应交税金-个人所得税
2241下所有明细科目
1012011000其他货币资金-加油（气）站资金
1013001000内部存款-内部结算存款
2228001002应交境外税金-应交增值税-销项税额
2228011001应交境外税金-代扣代缴税-代扣代缴增值税
2228011002应交境外税金-代扣代缴税-代扣企业所得税
2228011998应交境外税金-代扣代缴税-其他
2228023000应交境外税金-预扣税",是指企业发生储罐清洗的相关费用，通过填写费用报销单，以立即支付或挂账的方式结算,费用报销单,清罐费结算汇总表,,成都中心,唐漩,正常,,
259,采购至应付,费用报销,A1_03_0001,费用报销,A02249,结算贸易费,"5018010000贸易费-商检费
5018020000贸易费-报关费
5018030000贸易费-口岸费
5018040000贸易费-单证费
5018050000贸易费-包干费
5018060000贸易费-滞期费
2221001003应交税费-应交税金-应交增值税-进项税额-进项税额
2228001004应交境外税金-应交增值税-进项税额","2221001009应交税费-应交税金-应交增值税-进项税额转出-集体福利、个人消费
2221001995应交税费-应交税金-应交增值税-进项税额转出-其他
2202001000应付账款-应付账款
2221001080应交税费-应交税金-个人所得税
2241下所有明细科目
1012011000其他货币资金-加油（气）站资金
1013001000内部存款-内部结算存款
2228001002应交境外税金-应交增值税-销项税额
2228011001应交境外税金-代扣代缴税-代扣代缴增值税
2228011002应交境外税金-代扣代缴税-代扣企业所得税
2228011998应交境外税金-代扣代缴税-其他
2228023000应交境外税金-预扣税",是指企业核算在国际贸易中发生的相关费用，包括商检费、报关费、口岸费等，通过填写费用报销单，以立即支付或挂账的方式结算,费用报销单,贸易费结算汇总表,,成都中心,唐漩,正常,,
260,采购至应付,费用报销,A1_03_0001,费用报销,A02250,结算海外人员借聘费用,"5047640000海外人员借聘费用
2221001003应交税费-应交税金-应交增值税-进项税额-进项税额
2228001004应交境外税金-应交增值税-进项税额","2221001009应交税费-应交税金-应交增值税-进项税额转出-集体福利、个人消费
2221001995应交税费-应交税金-应交增值税-进项税额转出-其他
2202001000应付账款-应付账款
2221001080应交税费-应交税金-个人所得税
2241下所有明细科目
1012011000其他货币资金-加油（气）站资金
1013001000内部存款-内部结算存款
2228001002应交境外税金-应交增值税-销项税额
2228011001应交境外税金-代扣代缴税-代扣代缴增值税
2228011002应交境外税金-代扣代缴税-代扣企业所得税
2228011998应交境外税金-代扣代缴税-其他
2228023000应交境外税金-预扣税",是指企业发生在海外的人员借聘相关费用，通过填写费用报销单，以立即支付或挂账的方式结算,费用报销单,海外人员借聘费用结算汇总表,,成都中心,唐漩,正常,,
261,采购至应付,费用报销,A1_03_0001,费用报销,A02252,结算消费者权益保护专项经费（金融专用）,"5047150000消费者权益保护专项经费
2221001003应交税费-应交税金-应交增值税-进项税额-进项税额
2228001004应交境外税金-应交增值税-进项税额","2221001009应交税费-应交税金-应交增值税-进项税额转出-集体福利、个人消费
2221001995应交税费-应交税金-应交增值税-进项税额转出-其他
2202001000应付账款-应付账款
2221001080应交税费-应交税金-个人所得税
2241下所有明细科目
1012011000其他货币资金-加油（气）站资金
1013001000内部存款-内部结算存款
2228001002应交境外税金-应交增值税-销项税额
2228011001应交境外税金-代扣代缴税-代扣代缴增值税
2228011002应交境外税金-代扣代缴税-代扣企业所得税
2228011998应交境外税金-代扣代缴税-其他
2228023000应交境外税金-预扣税",是指金融板块企业为保护消费者权益而发生的专项经费，通过填写费用报销单，以立即支付或挂账的方式结算,费用报销单,消费者权益保护专项经费结算汇总表,,成都中心,唐漩,正常,,
262,采购至应付,费用报销,A1_03_0001,费用报销,A02253,结算生物资产购置费,"1621000000生产性生物资产
2221001003应交税费-应交税金-应交增值税-进项税额-进项税额
2228001004应交境外税金-应交增值税-进项税额","2221001009应交税费-应交税金-应交增值税-进项税额转出-集体福利、个人消费
2221001995应交税费-应交税金-应交增值税-进项税额转出-其他
2202001000应付账款-应付账款
2221001080应交税费-应交税金-个人所得税
2241下所有明细科目
1012011000其他货币资金-加油（气）站资金
1013001000内部存款-内部结算存款
2228001002应交境外税金-应交增值税-销项税额
2228011001应交境外税金-代扣代缴税-代扣代缴增值税
2228011002应交境外税金-代扣代缴税-代扣企业所得税
2228011998应交境外税金-代扣代缴税-其他
2228023000应交境外税金-预扣税",是指企业因持有的消耗性、生产性、公益性等生物资产的发生的相关购置费用，通过填写费用报销单，以立即支付或挂账的方式结算,费用报销单,生物资产购置费验收汇总表,,成都中心,唐漩,正常,,
263,采购至应付,费用报销,A1_03_0001,费用报销,A02254,结算公益生物资产管理费用,"1630000000公益性生物资产
2221001003应交税费-应交税金-应交增值税-进项税额-进项税额
2228001004应交境外税金-应交增值税-进项税额","2221001009应交税费-应交税金-应交增值税-进项税额转出-集体福利、个人消费
2221001995应交税费-应交税金-应交增值税-进项税额转出-其他
2202001000应付账款-应付账款
2221001080应交税费-应交税金-个人所得税
2241下所有明细科目
1012011000其他货币资金-加油（气）站资金
1013001000内部存款-内部结算存款
2228001002应交境外税金-应交增值税-销项税额
2228011001应交境外税金-代扣代缴税-代扣代缴增值税
2228011002应交境外税金-代扣代缴税-代扣企业所得税
2228011998应交境外税金-代扣代缴税-其他
2228023000应交境外税金-预扣税",是指企业因管理公益性生物资产发生的相关支出，通过填写费用报销单，以立即支付或挂账的方式结算,费用报销单,公益生物资产管理费用验收汇总表,,成都中心,唐漩,正常,,
264,采购至应付,费用报销,A1_03_0001,费用报销,A02255,发放清欠费,"5047370000清欠费用
2221001003应交税费-应交税金-应交增值税-进项税额-进项税额
2228001004应交境外税金-应交增值税-进项税额","2221001009应交税费-应交税金-应交增值税-进项税额转出-集体福利、个人消费
2221001995应交税费-应交税金-应交增值税-进项税额转出-其他
2202001000应付账款-应付账款
2221001080应交税费-应交税金-个人所得税
2241下所有明细科目
1012011000其他货币资金-加油（气）站资金
1013001000内部存款-内部结算存款
2228001002应交境外税金-应交增值税-销项税额
2228011001应交境外税金-代扣代缴税-代扣代缴增值税
2228011002应交境外税金-代扣代缴税-代扣企业所得税
2228011998应交境外税金-代扣代缴税-其他
2228023000应交境外税金-预扣税",是指企业为清理应收账款实施一系列工作而发放给员工个人的费用，包括清欠过程中发生的日常经费、奖励清欠有功人员等相关费用，通过填写费用报销单，以立即支付方式或挂账方式结算,费用报销单,清欠费用发放汇总表,,西安中心,刘静,正常,,
265,采购至应付,费用报销,A1_03_0001,费用报销,A02256,结算自用产品费用,"5008040000自用产品-柴油
5008010000自用产品-原油
5008020000自用产品-重油
5008030000自用产品-汽油
5008050000自用产品-煤油
5008060000自用产品-润滑油
5008070000自用产品-天然气
5008080000自用产品-其他燃料气
5008090000自用产品-其他燃料油
2221001003应交税费-应交税金-应交增值税-进项税额-进项税额
2228001004应交境外税金-应交增值税-进项税额","2221001009应交税费-应交税金-应交增值税-进项税额转出-集体福利、个人消费
2221001995应交税费-应交税金-应交增值税-进项税额转出-其他
2202001000应付账款-应付账款
2221001080应交税费-应交税金-个人所得税
2241下所有明细科目
1012011000其他货币资金-加油（气）站资金
1013001000内部存款-内部结算存款
2228001002应交境外税金-应交增值税-销项税额
2228011001应交境外税金-代扣代缴税-代扣代缴增值税
2228011002应交境外税金-代扣代缴税-代扣企业所得税
2228011998应交境外税金-代扣代缴税-其他
2228023000应交境外税金-预扣税",是指企业各部门日常发生用于自制成品使用的相关费用，通过填写费用报销单，以立即支付或挂账的方式结算,费用报销单,自用产品费用结算汇总表,自用成品油明细表,成都中心,唐漩,正常,,
266,采购至应付,费用报销,A1_03_0001,费用报销,A02257,结算银行上门收款服务费,"5044150000银行服务费
2221001003应交税费-应交税金-应交增值税-进项税额-进项税额
2228001004应交境外税金-应交增值税-进项税额","2221001009应交税费-应交税金-应交增值税-进项税额转出-集体福利、个人消费
2221001995应交税费-应交税金-应交增值税-进项税额转出-其他
2202001000应付账款-应付账款
2221001080应交税费-应交税金-个人所得税
2241下所有明细科目
1012011000其他货币资金-加油（气）站资金
1013001000内部存款-内部结算存款
2228001002应交境外税金-应交增值税-销项税额
2228011001应交境外税金-代扣代缴税-代扣代缴增值税
2228011002应交境外税金-代扣代缴税-代扣企业所得税
2228011998应交境外税金-代扣代缴税-其他
2228023000应交境外税金-预扣税",是指企业日常发生的银行上门收款服务费，通过填写费用报销单，以立即支付或挂账的方式结算,费用报销单,银行上门收款服务费结算汇总表,,成都中心,叶田,正常,,
267,采购至应付,费用报销,A1_03_0001,费用报销,A02258,结算施工协调费,"5048140000施工调遣费
2221001003应交税费-应交税金-应交增值税-进项税额-进项税额
2228001004应交境外税金-应交增值税-进项税额","2221001009应交税费-应交税金-应交增值税-进项税额转出-集体福利、个人消费
2221001995应交税费-应交税金-应交增值税-进项税额转出-其他
2202001000应付账款-应付账款
2221001080应交税费-应交税金-个人所得税
2241下所有明细科目
1012011000其他货币资金-加油（气）站资金
1013001000内部存款-内部结算存款
2228001002应交境外税金-应交增值税-销项税额
2228011001应交境外税金-代扣代缴税-代扣代缴增值税
2228011002应交境外税金-代扣代缴税-代扣企业所得税
2228011998应交境外税金-代扣代缴税-其他
2228023000应交境外税金-预扣税",是指企业因项目征地协调人员为维持与施工所在地有关部门的关系发生的各项协调费用，通过填写费用报销单，以立即支付或挂账的方式进行结算,费用报销单,施工协调费结算汇总表,业务协调费执行单,西安中心,刘婧,正常,,
268,采购至应付,费用报销,A1_03_0001,费用报销,A02259,结算材料、产品试验检验费,"5047040000试验检验费
2221001003应交税费-应交税金-应交增值税-进项税额-进项税额
2228001004应交境外税金-应交增值税-进项税额","2221001009应交税费-应交税金-应交增值税-进项税额转出-集体福利、个人消费
2221001995应交税费-应交税金-应交增值税-进项税额转出-其他
2202001000应付账款-应付账款
2221001080应交税费-应交税金-个人所得税
2241下所有明细科目
1012011000其他货币资金-加油（气）站资金
1013001000内部存款-内部结算存款
2228001002应交境外税金-应交增值税-销项税额
2228011001应交境外税金-代扣代缴税-代扣代缴增值税
2228011002应交境外税金-代扣代缴税-代扣企业所得税
2228011998应交境外税金-代扣代缴税-其他
2228023000应交境外税金-预扣税",是指企业生产部门对材料、产品进行的分析、实验、化验、检验、探伤、压力容器试验检验等所发生的相关费用，通过填写费用报销单，以立即支付或挂账的方式进行结算,费用报销单,试验检验费结算汇总表,,大庆中心,吴月明,正常,,
269,采购至应付,费用报销,A1_03_0001,费用报销,A02260,结算其他试验检验费,"5047040000试验检验费
2221001003应交税费-应交税金-应交增值税-进项税额-进项税额
2228001004应交境外税金-应交增值税-进项税额","2221001009应交税费-应交税金-应交增值税-进项税额转出-集体福利、个人消费
2221001995应交税费-应交税金-应交增值税-进项税额转出-其他
2202001000应付账款-应付账款
2221001080应交税费-应交税金-个人所得税
2241下所有明细科目
1012011000其他货币资金-加油（气）站资金
1013001000内部存款-内部结算存款
2228001002应交境外税金-应交增值税-销项税额
2228011001应交境外税金-代扣代缴税-代扣代缴增值税
2228011002应交境外税金-代扣代缴税-代扣企业所得税
2228011998应交境外税金-代扣代缴税-其他
2228023000应交境外税金-预扣税",是指企业生产部门对材料、产品进行其他类型的试验检验等所发生的相关费用，通过填写费用报销单，以立即支付或挂账的方式进行结算,费用报销单,其他试验检验费结算汇总表,,大庆中心,吴月明,正常,,
270,采购至应付,费用报销,A1_03_0001,费用报销,A02261,结算诉讼费,"5047450000诉讼费
2221001003应交税费-应交税金-应交增值税-进项税额-进项税额
2228001004应交境外税金-应交增值税-进项税额","2221001009应交税费-应交税金-应交增值税-进项税额转出-集体福利、个人消费
2221001995应交税费-应交税金-应交增值税-进项税额转出-其他
2202001000应付账款-应付账款
2221001080应交税费-应交税金-个人所得税
2241下所有明细科目
1012011000其他货币资金-加油（气）站资金
1013001000内部存款-内部结算存款
2228001002应交境外税金-应交增值税-销项税额
2228011001应交境外税金-代扣代缴税-代扣代缴增值税
2228011002应交境外税金-代扣代缴税-代扣企业所得税
2228011998应交境外税金-代扣代缴税-其他
2228023000应交境外税金-预扣税",是指企业因起诉或者应诉而发生的各项费用，通过填写费用报销单，以立即支付或挂账的方式进行结算,费用报销单,诉讼费结算汇总表,,西安中心,刘婧,正常,,
271,采购至应付,费用报销,A1_03_0001,费用报销,A02262,结算诉讼代理费,"5047450000诉讼费
2221001003应交税费-应交税金-应交增值税-进项税额-进项税额
2228001004应交境外税金-应交增值税-进项税额","2221001009应交税费-应交税金-应交增值税-进项税额转出-集体福利、个人消费
2221001995应交税费-应交税金-应交增值税-进项税额转出-其他
2202001000应付账款-应付账款
2221001080应交税费-应交税金-个人所得税
2241下所有明细科目
1012011000其他货币资金-加油（气）站资金
1013001000内部存款-内部结算存款
2228001002应交境外税金-应交增值税-销项税额
2228011001应交境外税金-代扣代缴税-代扣代缴增值税
2228011002应交境外税金-代扣代缴税-代扣企业所得税
2228011998应交境外税金-代扣代缴税-其他
2228023000应交境外税金-预扣税",是指企业委托诉讼代理人代理其进行诉讼活动发生的相关费用，通过填写费用报销单，以立即支付或挂账的方式进行结算,费用报销单,诉讼代理费结算汇总表,,西安中心,刘婧,正常,,
272,采购至应付,费用报销,A1_03_0001,费用报销,A02263,结算报刊订阅费,"5046060000图书资料费
2221001003应交税费-应交税金-应交增值税-进项税额-进项税额
2228001004应交境外税金-应交增值税-进项税额","2221001009应交税费-应交税金-应交增值税-进项税额转出-集体福利、个人消费
2221001995应交税费-应交税金-应交增值税-进项税额转出-其他
2202001000应付账款-应付账款
2221001080应交税费-应交税金-个人所得税
2241下所有明细科目
1012011000其他货币资金-加油（气）站资金
1013001000内部存款-内部结算存款
2228001002应交境外税金-应交增值税-销项税额
2228011001应交境外税金-代扣代缴税-代扣代缴增值税
2228011002应交境外税金-代扣代缴税-代扣企业所得税
2228011998应交境外税金-代扣代缴税-其他
2228023000应交境外税金-预扣税",是指企业各部门日常发生的报刊资料订阅费，通过填写费用报销单，以立即支付或挂账的方式进行结算,费用报销单,书刊资料采购结算汇总表,,西安中心,徐意,正常,,
273,采购至应付,费用报销,A1_03_0001,费用报销,A02264,结算图书资料费,"5046060000图书资料费
2221001003应交税费-应交税金-应交增值税-进项税额-进项税额
2228001004应交境外税金-应交增值税-进项税额","2221001009应交税费-应交税金-应交增值税-进项税额转出-集体福利、个人消费
2221001995应交税费-应交税金-应交增值税-进项税额转出-其他
2202001000应付账款-应付账款
2221001080应交税费-应交税金-个人所得税
2241下所有明细科目
1012011000其他货币资金-加油（气）站资金
1013001000内部存款-内部结算存款
2228001002应交境外税金-应交增值税-销项税额
2228011001应交境外税金-代扣代缴税-代扣代缴增值税
2228011002应交境外税金-代扣代缴税-代扣企业所得税
2228011998应交境外税金-代扣代缴税-其他
2228023000应交境外税金-预扣税",是指企业因购买技术图书、报刊杂志资料所发生的图书资料费，通过填写费用报销单，以立即支付或挂账的方式进行结算,费用报销单,书刊资料采购验收汇总表,,西安中心,徐意,正常,,
274,采购至应付,费用报销,A1_03_0001,费用报销,A02265,结算海域使用费,"5028010000土地(海域)使用费及损失补偿费-海域使用费
2221001003应交税费-应交税金-应交增值税-进项税额-进项税额
2228001004应交境外税金-应交增值税-进项税额","2221001009应交税费-应交税金-应交增值税-进项税额转出-集体福利、个人消费
2221001995应交税费-应交税金-应交增值税-进项税额转出-其他
2202001000应付账款-应付账款
2221001080应交税费-应交税金-个人所得税
2241下所有明细科目
1012011000其他货币资金-加油（气）站资金
1013001000内部存款-内部结算存款
2228001002应交境外税金-应交增值税-销项税额
2228011001应交境外税金-代扣代缴税-代扣代缴增值税
2228011002应交境外税金-代扣代缴税-代扣企业所得税
2228011998应交境外税金-代扣代缴税-其他
2228023000应交境外税金-预扣税",是指企业取得海域使用权所支付海域出让金、海域补偿费等费用，通过填写费用报销单，以立即支付或挂账的方式进行结算,费用报销单,海域使用（污染）及损失补偿结算汇总表,,西安中心,王娟,正常,,
275,采购至应付,费用报销,A1_03_0001,费用报销,A02266,结算临时征地补偿费,"5028020000土地(海域)使用费及损失补偿费-临时征地补偿费
2221001003应交税费-应交税金-应交增值税-进项税额-进项税额
2228001004应交境外税金-应交增值税-进项税额","2221001009应交税费-应交税金-应交增值税-进项税额转出-集体福利、个人消费
2221001995应交税费-应交税金-应交增值税-进项税额转出-其他
2202001000应付账款-应付账款
2221001080应交税费-应交税金-个人所得税
2241下所有明细科目
1012011000其他货币资金-加油（气）站资金
1013001000内部存款-内部结算存款
2228001002应交境外税金-应交增值税-销项税额
2228011001应交境外税金-代扣代缴税-代扣代缴增值税
2228011002应交境外税金-代扣代缴税-代扣企业所得税
2228011998应交境外税金-代扣代缴税-其他
2228023000应交境外税金-预扣税",是指企业取得临时土地（海域）使用权所支付土地（海域）补偿费、安置补偿费等费用，通过填写费用报销单，以立即支付或挂账的方式进行结算,费用报销单,土地使用费及损失补偿费结算汇总表,,西安中心,王娟,正常,,
276,采购至应付,费用报销,A1_03_0001,费用报销,A02267,结算青苗补偿费,"5028030000土地(海域)使用费及损失补偿费-青苗补偿费
2221001003应交税费-应交税金-应交增值税-进项税额-进项税额
2228001004应交境外税金-应交增值税-进项税额","2221001009应交税费-应交税金-应交增值税-进项税额转出-集体福利、个人消费
2221001995应交税费-应交税金-应交增值税-进项税额转出-其他
2202001000应付账款-应付账款
2221001080应交税费-应交税金-个人所得税
2241下所有明细科目
1012011000其他货币资金-加油（气）站资金
1013001000内部存款-内部结算存款
2228001002应交境外税金-应交增值税-销项税额
2228011001应交境外税金-代扣代缴税-代扣代缴增值税
2228011002应交境外税金-代扣代缴税-代扣企业所得税
2228011998应交境外税金-代扣代缴税-其他
2228023000应交境外税金-预扣税",是指企业取得土地使用权所支付青苗补偿费等费用，通过填写费用报销单，以立即支付或挂账的方式进行结算,费用报销单,土地使用费及损失补偿费结算汇总表,,西安中心,王娟,正常,,
277,采购至应付,费用报销,A1_03_0001,费用报销,A02268,结算土地使用费,"5028040000土地(海域)使用费及损失补偿费-土地使用费
2221001003应交税费-应交税金-应交增值税-进项税额-进项税额
2228001004应交境外税金-应交增值税-进项税额","2221001009应交税费-应交税金-应交增值税-进项税额转出-集体福利、个人消费
2221001995应交税费-应交税金-应交增值税-进项税额转出-其他
2202001000应付账款-应付账款
2221001080应交税费-应交税金-个人所得税
2241下所有明细科目
1012011000其他货币资金-加油（气）站资金
1013001000内部存款-内部结算存款
2228001002应交境外税金-应交增值税-销项税额
2228011001应交境外税金-代扣代缴税-代扣代缴增值税
2228011002应交境外税金-代扣代缴税-代扣企业所得税
2228011998应交境外税金-代扣代缴税-其他
2228023000应交境外税金-预扣税",是指企业取得土地使用权所支付土地出让金、土地补偿费、安置补偿费、搬迁补偿费等费用，通过填写费用报销单，以立即支付或挂账的方式进行结算,费用报销单,土地使用费及损失补偿费结算汇总表,,西安中心,王娟,正常,,
278,采购至应付,费用报销,A1_03_0001,费用报销,A02269,结算污染补偿费,"5028050000土地(海域)使用费及损失补偿费-污染补偿费
2221001003应交税费-应交税金-应交增值税-进项税额-进项税额
2228001004应交境外税金-应交增值税-进项税额","2221001009应交税费-应交税金-应交增值税-进项税额转出-集体福利、个人消费
2221001995应交税费-应交税金-应交增值税-进项税额转出-其他
2202001000应付账款-应付账款
2221001080应交税费-应交税金-个人所得税
2241下所有明细科目
1012011000其他货币资金-加油（气）站资金
1013001000内部存款-内部结算存款
2228001002应交境外税金-应交增值税-销项税额
2228011001应交境外税金-代扣代缴税-代扣代缴增值税
2228011002应交境外税金-代扣代缴税-代扣企业所得税
2228011998应交境外税金-代扣代缴税-其他
2228023000应交境外税金-预扣税",是指企业取得土地（海域）使用权所支付污染补偿费用，通过填写费用报销单，以立即支付或挂账的方式进行结算,费用报销单,土地使用费及损失补偿费结算汇总表,,西安中心,王娟,正常,,
279,采购至应付,费用报销,A1_03_0001,费用报销,A02270,结算团体会费,"5047140000团体会费
2221001003应交税费-应交税金-应交增值税-进项税额-进项税额
2228001004应交境外税金-应交增值税-进项税额","2221001009应交税费-应交税金-应交增值税-进项税额转出-集体福利、个人消费
2221001995应交税费-应交税金-应交增值税-进项税额转出-其他
2202001000应付账款-应付账款
2221001080应交税费-应交税金-个人所得税
2241下所有明细科目
1012011000其他货币资金-加油（气）站资金
1013001000内部存款-内部结算存款
2228001002应交境外税金-应交增值税-销项税额
2228011001应交境外税金-代扣代缴税-代扣代缴增值税
2228011002应交境外税金-代扣代缴税-代扣企业所得税
2228011998应交境外税金-代扣代缴税-其他
2228023000应交境外税金-预扣税",是指企业交纳的各种学会、协会会费，通过填写费用报销单，以立即支付或挂账的方式进行结算,费用报销单,团体会费结算汇总表,,西安中心,徐意,正常,,
280,采购至应付,费用报销,A1_03_0001,费用报销,A02271,结算外部加工费,"5043000000外包劳务支出
2221001003应交税费-应交税金-应交增值税-进项税额-进项税额
2228001004应交境外税金-应交增值税-进项税额","2221001009应交税费-应交税金-应交增值税-进项税额转出-集体福利、个人消费
2221001995应交税费-应交税金-应交增值税-进项税额转出-其他
2202001000应付账款-应付账款
2221001080应交税费-应交税金-个人所得税
2241下所有明细科目
1012011000其他货币资金-加油（气）站资金
1013001000内部存款-内部结算存款
2228001002应交境外税金-应交增值税-销项税额
2228011001应交境外税金-代扣代缴税-代扣代缴增值税
2228011002应交境外税金-代扣代缴税-代扣企业所得税
2228011998应交境外税金-代扣代缴税-其他
2228023000应交境外税金-预扣税",是指企业让外部进行加工而发生的相关费用，通过填写费用报销单，以立即支付或挂账的方式进行结算,费用报销单,外部加工费结算汇总表,,大庆中心,吴月明,正常,,
281,采购至应付,费用报销,A1_03_0001,费用报销,A02272,结算保运费,"5098000000其他费用
2221001003应交税费-应交税金-应交增值税-进项税额-进项税额
2228001004应交境外税金-应交增值税-进项税额","2221001009应交税费-应交税金-应交增值税-进项税额转出-集体福利、个人消费
2221001995应交税费-应交税金-应交增值税-进项税额转出-其他
2202001000应付账款-应付账款
2221001080应交税费-应交税金-个人所得税
2241下所有明细科目
1012011000其他货币资金-加油（气）站资金
1013001000内部存款-内部结算存款
2228001002应交境外税金-应交增值税-销项税额
2228011001应交境外税金-代扣代缴税-代扣代缴增值税
2228011002应交境外税金-代扣代缴税-代扣企业所得税
2228011998应交境外税金-代扣代缴税-其他
2228023000应交境外税金-预扣税",是指企业为运输过程中保证货物的安全性以及完整性发生的相关费用，通过填写费用报销单，以立即支付或挂账的方式进行结算,费用报销单,保运费结算汇总表,,西安中心,刘玉宽,正常,,
282,采购至应付,费用报销,A1_03_0001,费用报销,A02273,结算房屋建筑物维修费,"5019010000维护及修理费-检修材料费
5019020000维护及修理费-外委修理费
2221001003应交税费-应交税金-应交增值税-进项税额-进项税额
2228001004应交境外税金-应交增值税-进项税额","2221001009应交税费-应交税金-应交增值税-进项税额转出-集体福利、个人消费
2221001995应交税费-应交税金-应交增值税-进项税额转出-其他
2202001000应付账款-应付账款
2221001080应交税费-应交税金-个人所得税
2241下所有明细科目
1012011000其他货币资金-加油（气）站资金
1013001000内部存款-内部结算存款
2228001002应交境外税金-应交增值税-销项税额
2228011001应交境外税金-代扣代缴税-代扣代缴增值税
2228011002应交境外税金-代扣代缴税-代扣企业所得税
2228011998应交境外税金-代扣代缴税-其他
2228023000应交境外税金-预扣税",是指企业发生的房屋建筑物理修理相关费用，通过填写费用报销单，以立即支付或挂账的方式进行结算,费用报销单,日常修理费结算汇总表,维修验收单,西安中心,石启凡,正常,,
283,采购至应付,费用报销,A1_03_0001,费用报销,A02274,结算井站设施维修费,"5019010000维护及修理费-检修材料费
5019020000维护及修理费-外委修理费
2221001003应交税费-应交税金-应交增值税-进项税额-进项税额
2228001004应交境外税金-应交增值税-进项税额","2221001009应交税费-应交税金-应交增值税-进项税额转出-集体福利、个人消费
2221001995应交税费-应交税金-应交增值税-进项税额转出-其他
2202001000应付账款-应付账款
2221001080应交税费-应交税金-个人所得税
2241下所有明细科目
1012011000其他货币资金-加油（气）站资金
1013001000内部存款-内部结算存款
2228001002应交境外税金-应交增值税-销项税额
2228011001应交境外税金-代扣代缴税-代扣代缴增值税
2228011002应交境外税金-代扣代缴税-代扣企业所得税
2228011998应交境外税金-代扣代缴税-其他
2228023000应交境外税金-预扣税",是指企业发生的井站设施修理相关费用，通过填写费用报销单，以立即支付或挂账的方式进行结算,费用报销单,日常修理费结算汇总表,维修验收单,西安中心,石启凡,正常,,
284,采购至应付,费用报销,A1_03_0001,费用报销,A02275,结算管网维修费,"5019010000维护及修理费-检修材料费
5019020000维护及修理费-外委修理费
2221001003应交税费-应交税金-应交增值税-进项税额-进项税额
2228001004应交境外税金-应交增值税-进项税额","2221001009应交税费-应交税金-应交增值税-进项税额转出-集体福利、个人消费
2221001995应交税费-应交税金-应交增值税-进项税额转出-其他
2202001000应付账款-应付账款
2221001080应交税费-应交税金-个人所得税
2241下所有明细科目
1012011000其他货币资金-加油（气）站资金
1013001000内部存款-内部结算存款
2228001002应交境外税金-应交增值税-销项税额
2228011001应交境外税金-代扣代缴税-代扣代缴增值税
2228011002应交境外税金-代扣代缴税-代扣企业所得税
2228011998应交境外税金-代扣代缴税-其他
2228023000应交境外税金-预扣税",是指企业发生的管网维修相关费用，通过填写费用报销单，以立即支付或挂账的方式进行结算,费用报销单,日常修理费结算汇总表,维修验收单,西安中心,石启凡,正常,,
285,采购至应付,费用报销,A1_03_0001,费用报销,A02276,结算热力设施维修费,"5019010000维护及修理费-检修材料费
5019020000维护及修理费-外委修理费
2221001003应交税费-应交税金-应交增值税-进项税额-进项税额
2228001004应交境外税金-应交增值税-进项税额","2221001009应交税费-应交税金-应交增值税-进项税额转出-集体福利、个人消费
2221001995应交税费-应交税金-应交增值税-进项税额转出-其他
2202001000应付账款-应付账款
2221001080应交税费-应交税金-个人所得税
2241下所有明细科目
1012011000其他货币资金-加油（气）站资金
1013001000内部存款-内部结算存款
2228001002应交境外税金-应交增值税-销项税额
2228011001应交境外税金-代扣代缴税-代扣代缴增值税
2228011002应交境外税金-代扣代缴税-代扣企业所得税
2228011998应交境外税金-代扣代缴税-其他
2228023000应交境外税金-预扣税",是指企业发生的热力设施维修相关费用，通过填写费用报销单，以立即支付或挂账的方式进行结算,费用报销单,日常修理费结算汇总表,维修验收单,西安中心,石启凡,正常,,
286,采购至应付,费用报销,A1_03_0001,费用报销,A02285,结算道路维修费,"5019010000维护及修理费-检修材料费
5019020000维护及修理费-外委修理费
2221001003应交税费-应交税金-应交增值税-进项税额-进项税额
2228001004应交境外税金-应交增值税-进项税额","2221001009应交税费-应交税金-应交增值税-进项税额转出-集体福利、个人消费
2221001995应交税费-应交税金-应交增值税-进项税额转出-其他
2202001000应付账款-应付账款
2221001080应交税费-应交税金-个人所得税
2241下所有明细科目
1012011000其他货币资金-加油（气）站资金
1013001000内部存款-内部结算存款
2228001002应交境外税金-应交增值税-销项税额
2228011001应交境外税金-代扣代缴税-代扣代缴增值税
2228011002应交境外税金-代扣代缴税-代扣企业所得税
2228011998应交境外税金-代扣代缴税-其他
2228023000应交境外税金-预扣税",是指企业发生的道路维修相关费用，通过填写费用报销单，以立即支付或挂账的方式进行结算,费用报销单,日常修理费结算汇总表,维修验收单,西安中心,石启凡,正常,,
287,采购至应付,费用报销,A1_03_0001,费用报销,A02278,结算办公设备维修费,"5019010000维护及修理费-检修材料费
5019020000维护及修理费-外委修理费
2221001003应交税费-应交税金-应交增值税-进项税额-进项税额
2228001004应交境外税金-应交增值税-进项税额","2221001009应交税费-应交税金-应交增值税-进项税额转出-集体福利、个人消费
2221001995应交税费-应交税金-应交增值税-进项税额转出-其他
2202001000应付账款-应付账款
2221001080应交税费-应交税金-个人所得税
2241下所有明细科目
1012011000其他货币资金-加油（气）站资金
1013001000内部存款-内部结算存款
2228001002应交境外税金-应交增值税-销项税额
2228011001应交境外税金-代扣代缴税-代扣代缴增值税
2228011002应交境外税金-代扣代缴税-代扣企业所得税
2228011998应交境外税金-代扣代缴税-其他
2228023000应交境外税金-预扣税",是指企业发生单的办公设备修理相关费用，通过填写费用报销单，以立即支付或挂账的方式进行结算,费用报销单,日常修理费结算汇总表,维修验收单,西安中心,石启凡,正常,,
288,采购至应付,费用报销,A1_03_0001,费用报销,A02279,结算机电设备维修费,"5019010000维护及修理费-检修材料费
5019020000维护及修理费-外委修理费
2221001003应交税费-应交税金-应交增值税-进项税额-进项税额
2228001004应交境外税金-应交增值税-进项税额","2221001009应交税费-应交税金-应交增值税-进项税额转出-集体福利、个人消费
2221001995应交税费-应交税金-应交增值税-进项税额转出-其他
2202001000应付账款-应付账款
2221001080应交税费-应交税金-个人所得税
2241下所有明细科目
1012011000其他货币资金-加油（气）站资金
1013001000内部存款-内部结算存款
2228001002应交境外税金-应交增值税-销项税额
2228011001应交境外税金-代扣代缴税-代扣代缴增值税
2228011002应交境外税金-代扣代缴税-代扣企业所得税
2228011998应交境外税金-代扣代缴税-其他
2228023000应交境外税金-预扣税",是指企业发生的机电设备修理相关费用，通过填写费用报销单，以立即支付或挂账的方式进行结算,费用报销单,日常修理费结算汇总表,维修验收单,西安中心,石启凡,正常,,
289,采购至应付,费用报销,A1_03_0001,费用报销,A02280,结算储油(气)设施维修费,"5019010000维护及修理费-检修材料费
5019020000维护及修理费-外委修理费
2221001003应交税费-应交税金-应交增值税-进项税额-进项税额
2228001004应交境外税金-应交增值税-进项税额","2221001009应交税费-应交税金-应交增值税-进项税额转出-集体福利、个人消费
2221001995应交税费-应交税金-应交增值税-进项税额转出-其他
2202001000应付账款-应付账款
2221001080应交税费-应交税金-个人所得税
2241下所有明细科目
1012011000其他货币资金-加油（气）站资金
1013001000内部存款-内部结算存款
2228001002应交境外税金-应交增值税-销项税额
2228011001应交境外税金-代扣代缴税-代扣代缴增值税
2228011002应交境外税金-代扣代缴税-代扣企业所得税
2228011998应交境外税金-代扣代缴税-其他
2228023000应交境外税金-预扣税",是指企业发生的储油（气）设施修理相关费用，通过填写费用报销单，以立即支付或挂账的方式进行结算,费用报销单,日常修理费结算汇总表,维修验收单,西安中心,石启凡,正常,,
290,采购至应付,费用报销,A1_03_0001,费用报销,A02281,结算加油(气)机维修费,"5019010000维护及修理费-检修材料费
5019020000维护及修理费-外委修理费
2221001003应交税费-应交税金-应交增值税-进项税额-进项税额
2228001004应交境外税金-应交增值税-进项税额","2221001009应交税费-应交税金-应交增值税-进项税额转出-集体福利、个人消费
2221001995应交税费-应交税金-应交增值税-进项税额转出-其他
2202001000应付账款-应付账款
2221001080应交税费-应交税金-个人所得税
2241下所有明细科目
1012011000其他货币资金-加油（气）站资金
1013001000内部存款-内部结算存款
2228001002应交境外税金-应交增值税-销项税额
2228011001应交境外税金-代扣代缴税-代扣代缴增值税
2228011002应交境外税金-代扣代缴税-代扣企业所得税
2228011998应交境外税金-代扣代缴税-其他
2228023000应交境外税金-预扣税",是指企业发生的加油（气）机修理相关费用，通过填写费用报销单，以立即支付或挂账的方式进行结算,费用报销单,日常修理费结算汇总表,维修验收单,西安中心,石启凡,正常,,
291,采购至应付,费用报销,A1_03_0001,费用报销,A02282,结算铁路专用线维修费,"5019010000维护及修理费-检修材料费
5019020000维护及修理费-外委修理费
2221001003应交税费-应交税金-应交增值税-进项税额-进项税额
2228001004应交境外税金-应交增值税-进项税额","2221001009应交税费-应交税金-应交增值税-进项税额转出-集体福利、个人消费
2221001995应交税费-应交税金-应交增值税-进项税额转出-其他
2202001000应付账款-应付账款
2221001080应交税费-应交税金-个人所得税
2241下所有明细科目
1012011000其他货币资金-加油（气）站资金
1013001000内部存款-内部结算存款
2228001002应交境外税金-应交增值税-销项税额
2228011001应交境外税金-代扣代缴税-代扣代缴增值税
2228011002应交境外税金-代扣代缴税-代扣企业所得税
2228011998应交境外税金-代扣代缴税-其他
2228023000应交境外税金-预扣税",是指企业发生的铁路专用线修理相关费用，通过填写费用报销单，以立即支付或挂账的方式进行结算,费用报销单,日常修理费结算汇总表,维修验收单,西安中心,石启凡,正常,,
292,采购至应付,费用报销,A1_03_0001,费用报销,A02283,结算电力设施维修费,"5019010000维护及修理费-检修材料费
5019020000维护及修理费-外委修理费
2221001003应交税费-应交税金-应交增值税-进项税额-进项税额
2228001004应交境外税金-应交增值税-进项税额","2221001009应交税费-应交税金-应交增值税-进项税额转出-集体福利、个人消费
2221001995应交税费-应交税金-应交增值税-进项税额转出-其他
2202001000应付账款-应付账款
2221001080应交税费-应交税金-个人所得税
2241下所有明细科目
1012011000其他货币资金-加油（气）站资金
1013001000内部存款-内部结算存款
2228001002应交境外税金-应交增值税-销项税额
2228011001应交境外税金-代扣代缴税-代扣代缴增值税
2228011002应交境外税金-代扣代缴税-代扣企业所得税
2228011998应交境外税金-代扣代缴税-其他
2228023000应交境外税金-预扣税",是指企业发生的电力设施维修相关费用，通过填写费用报销单，以立即支付或挂账的方式进行结算,费用报销单,日常修理费结算汇总表,维修验收单,西安中心,石启凡,正常,,
293,采购至应付,费用报销,A1_03_0001,费用报销,A02284,结算管杆泵维修费,"5019010000维护及修理费-检修材料费
5019020000维护及修理费-外委修理费
2221001003应交税费-应交税金-应交增值税-进项税额-进项税额
2228001004应交境外税金-应交增值税-进项税额","2221001009应交税费-应交税金-应交增值税-进项税额转出-集体福利、个人消费
2221001995应交税费-应交税金-应交增值税-进项税额转出-其他
2202001000应付账款-应付账款
2221001080应交税费-应交税金-个人所得税
2241下所有明细科目
1012011000其他货币资金-加油（气）站资金
1013001000内部存款-内部结算存款
2228001002应交境外税金-应交增值税-销项税额
2228011001应交境外税金-代扣代缴税-代扣代缴增值税
2228011002应交境外税金-代扣代缴税-代扣企业所得税
2228011998应交境外税金-代扣代缴税-其他
2228023000应交境外税金-预扣税",是指企业发生的管杆泵维修相关费用，通过填写费用报销单，以立即支付或挂账的方式进行结算,费用报销单,日常修理费结算汇总表,维修验收单,西安中心,石启凡,正常,,
294,采购至应付,费用报销,A1_03_0001,费用报销,A02277,结算车辆维修费,"5019010000维护及修理费-检修材料费
5019020000维护及修理费-外委修理费
2221001003应交税费-应交税金-应交增值税-进项税额-进项税额
2228001004应交境外税金-应交增值税-进项税额","2221001009应交税费-应交税金-应交增值税-进项税额转出-集体福利、个人消费
2221001995应交税费-应交税金-应交增值税-进项税额转出-其他
2202001000应付账款-应付账款
2221001080应交税费-应交税金-个人所得税
2241下所有明细科目
1012011000其他货币资金-加油（气）站资金
1013001000内部存款-内部结算存款
2228001002应交境外税金-应交增值税-销项税额
2228011001应交境外税金-代扣代缴税-代扣代缴增值税
2228011002应交境外税金-代扣代缴税-代扣企业所得税
2228011998应交境外税金-代扣代缴税-其他
2228023000应交境外税金-预扣税",是指企业发生的车辆修理相关费用，通过填写费用报销单，以立即支付或挂账的方式进行结算,费用报销单,车辆修理费结算汇总表,维修验收单,西安中心,石启凡,正常,,
295,采购至应付,费用报销,A1_03_0001,费用报销,A02286,结算购买维修材料费用,"5019010000维护及修理费-检修材料费
5019020000维护及修理费-外委修理费
2221001003应交税费-应交税金-应交增值税-进项税额-进项税额
2228001004应交境外税金-应交增值税-进项税额","2221001009应交税费-应交税金-应交增值税-进项税额转出-集体福利、个人消费
2221001995应交税费-应交税金-应交增值税-进项税额转出-其他
2202001000应付账款-应付账款
2221001080应交税费-应交税金-个人所得税
2241下所有明细科目
1012011000其他货币资金-加油（气）站资金
1013001000内部存款-内部结算存款
2228001002应交境外税金-应交增值税-销项税额
2228011001应交境外税金-代扣代缴税-代扣代缴增值税
2228011002应交境外税金-代扣代缴税-代扣企业所得税
2228011998应交境外税金-代扣代缴税-其他
2228023000应交境外税金-预扣税",是指企业因维修购买材料发生的相关费用，通过填写费用报销单，以立即支付或挂账的方式进行结算,费用报销单,购买维修材料验收汇总表,,西安中心,石启凡,正常,,
296,采购至应付,费用报销,A1_03_0001,费用报销,A02287,结算委托代销手续费,"5047380000委托代销手续费
2221001003应交税费-应交税金-应交增值税-进项税额-进项税额
2228001004应交境外税金-应交增值税-进项税额","2221001009应交税费-应交税金-应交增值税-进项税额转出-集体福利、个人消费
2221001995应交税费-应交税金-应交增值税-进项税额转出-其他
2202001000应付账款-应付账款
2221001080应交税费-应交税金-个人所得税
2241下所有明细科目
1012011000其他货币资金-加油（气）站资金
1013001000内部存款-内部结算存款
2228001002应交境外税金-应交增值税-销项税额
2228011001应交境外税金-代扣代缴税-代扣代缴增值税
2228011002应交境外税金-代扣代缴税-代扣企业所得税
2228011998应交境外税金-代扣代缴税-其他
2228023000应交境外税金-预扣税",是指企业委托外部单位代销商品发生的代销手续费，通过填写费用报销单，以立即支付或挂账的方式进行结算,费用报销单,委托代销手续费结算汇总表,,西安中心,徐意,正常,,
297,采购至应付,费用报销,A1_03_0001,费用报销,A02288,结算购入碳排放权资产,"1489000000碳排放权资产
2221001003应交税费-应交税金-应交增值税-进项税额-进项税额
2228001004应交境外税金-应交增值税-进项税额","2221001009应交税费-应交税金-应交增值税-进项税额转出-集体福利、个人消费
2221001995应交税费-应交税金-应交增值税-进项税额转出-其他
2202001000应付账款-应付账款
2221001080应交税费-应交税金-个人所得税
2241下所有明细科目
1012011000其他货币资金-加油（气）站资金
1013001000内部存款-内部结算存款
2228001002应交境外税金-应交增值税-销项税额
2228011001应交境外税金-代扣代缴税-代扣代缴增值税
2228011002应交境外税金-代扣代缴税-代扣企业所得税
2228011998应交境外税金-代扣代缴税-其他
2228023000应交境外税金-预扣税",是指企业通过购入方式取得的碳排放配额，通过填写费用报销单，以立即支付或挂账的方式进行结算,费用报销单,购入碳排放权资产结算汇总表,,大庆中心,李巍巍,正常,,
298,采购至应付,费用报销,A1_03_0001,费用报销,A02289,结算温室气体排放权管理费,"5047320000温室气体排放权管理费
2221001003应交税费-应交税金-应交增值税-进项税额-进项税额
2228001004应交境外税金-应交增值税-进项税额","2221001009应交税费-应交税金-应交增值税-进项税额转出-集体福利、个人消费
2221001995应交税费-应交税金-应交增值税-进项税额转出-其他
2202001000应付账款-应付账款
2221001080应交税费-应交税金-个人所得税
2241下所有明细科目
1012011000其他货币资金-加油（气）站资金
1013001000内部存款-内部结算存款
2228001002应交境外税金-应交增值税-销项税额
2228011001应交境外税金-代扣代缴税-代扣代缴增值税
2228011002应交境外税金-代扣代缴税-代扣企业所得税
2228011998应交境外税金-代扣代缴税-其他
2228023000应交境外税金-预扣税",是指企业获取、管理温室气体排放权所发生的相关费用，通过填写费用报销单，以立即支付或挂账的方式进行结算,费用报销单,温室气体排放权管理费结算汇总表,,西安中心,徐意,正常,,
299,采购至应付,费用报销,A1_03_0001,费用报销,A02290,结算零星材料采购费用,"5005050000物料消耗
2221001003应交税费-应交税金-应交增值税-进项税额-进项税额
2228001004应交境外税金-应交增值税-进项税额","2221001009应交税费-应交税金-应交增值税-进项税额转出-集体福利、个人消费
2221001995应交税费-应交税金-应交增值税-进项税额转出-其他
2202001000应付账款-应付账款
2221001080应交税费-应交税金-个人所得税
2241下所有明细科目
1012011000其他货币资金-加油（气）站资金
1013001000内部存款-内部结算存款
2228001002应交境外税金-应交增值税-销项税额
2228011001应交境外税金-代扣代缴税-代扣代缴增值税
2228011002应交境外税金-代扣代缴税-代扣企业所得税
2228011998应交境外税金-代扣代缴税-其他
2228023000应交境外税金-预扣税",是指企业发生的零星材料采购相关费用，通过填写费用报销单，以立即支付或挂账的方式进行结算,费用报销单,零星材料采购验收汇总表,,西安中心,徐意,正常,,
300,采购至应付,费用报销,A1_03_0001,费用报销,A02291,结算燃料油费用,"5006020100燃料-燃料油-原油
5006020200燃料-燃料油-重油
5006020300燃料-燃料油-柴油
5006020400燃料-燃料油-煤油
5006020500燃料-燃料油-汽油
5006020600燃料-燃料油-其他燃料油
5006020700燃料-燃料油-渣油
2221001003应交税费-应交税金-应交增值税-进项税额-进项税额
2228001004应交境外税金-应交增值税-进项税额","2221001009应交税费-应交税金-应交增值税-进项税额转出-集体福利、个人消费
2221001995应交税费-应交税金-应交增值税-进项税额转出-其他
2202001000应付账款-应付账款
2221001080应交税费-应交税金-个人所得税
2241下所有明细科目
1012011000其他货币资金-加油（气）站资金
1013001000内部存款-内部结算存款
2228001002应交境外税金-应交增值税-销项税额
2228011001应交境外税金-代扣代缴税-代扣代缴增值税
2228011002应交境外税金-代扣代缴税-代扣企业所得税
2228011998应交境外税金-代扣代缴税-其他
2228023000应交境外税金-预扣税",是指企业为满足生产耗用的各种燃料油而通过外购或自用发生的相关费用，通过填写费用报销单，以立即支付或挂账的方式进行结算,费用报销单,燃料消耗验收汇总表,,西安中心,徐意,正常,,
301,采购至应付,费用报销,A1_03_0001,费用报销,A02292,结算燃料气费用,"5006010100燃料-燃料气-天然气
5006010200燃料-燃料气-其他燃料气
2221001003应交税费-应交税金-应交增值税-进项税额-进项税额
2228001004应交境外税金-应交增值税-进项税额","2221001009应交税费-应交税金-应交增值税-进项税额转出-集体福利、个人消费
2221001995应交税费-应交税金-应交增值税-进项税额转出-其他
2202001000应付账款-应付账款
2221001080应交税费-应交税金-个人所得税
2241下所有明细科目
1012011000其他货币资金-加油（气）站资金
1013001000内部存款-内部结算存款
2228001002应交境外税金-应交增值税-销项税额
2228011001应交境外税金-代扣代缴税-代扣代缴增值税
2228011002应交境外税金-代扣代缴税-代扣企业所得税
2228011998应交境外税金-代扣代缴税-其他
2228023000应交境外税金-预扣税",是指企业为满足生产耗用的各种燃料气而通过外购或自用发生的相关费用，通过填写费用报销单，以立即支付或挂账的方式进行结算,费用报销单,燃料消耗验收汇总表,,西安中心,徐意,正常,,
302,采购至应付,费用报销,A1_03_0001,费用报销,A02293,结算燃料煤费用,"5006030100燃料-其他燃料-煤炭
5006030298燃料-其他燃料-其他
2221001003应交税费-应交税金-应交增值税-进项税额-进项税额
2228001004应交境外税金-应交增值税-进项税额","2221001009应交税费-应交税金-应交增值税-进项税额转出-集体福利、个人消费
2221001995应交税费-应交税金-应交增值税-进项税额转出-其他
2202001000应付账款-应付账款
2221001080应交税费-应交税金-个人所得税
2241下所有明细科目
1012011000其他货币资金-加油（气）站资金
1013001000内部存款-内部结算存款
2228001002应交境外税金-应交增值税-销项税额
2228011001应交境外税金-代扣代缴税-代扣代缴增值税
2228011002应交境外税金-代扣代缴税-代扣企业所得税
2228011998应交境外税金-代扣代缴税-其他
2228023000应交境外税金-预扣税",是指企业为满足生产耗用的各种燃料煤而通过外购或自用发生的相关费用，通过填写费用报销单，以立即支付或挂账的方式进行结算,费用报销单,燃料消耗验收汇总表,,西安中心,徐意,正常,,
303,采购至应付,费用报销,A1_03_0001,费用报销,A02294,结算公用取暖费,"5031010000取暖费-工业用
5031020000取暖费-生活用
2221001003应交税费-应交税金-应交增值税-进项税额-进项税额
2228001004应交境外税金-应交增值税-进项税额","2221001009应交税费-应交税金-应交增值税-进项税额转出-集体福利、个人消费
2221001995应交税费-应交税金-应交增值税-进项税额转出-其他
2202001000应付账款-应付账款
2221001080应交税费-应交税金-个人所得税
2241下所有明细科目
1012011000其他货币资金-加油（气）站资金
1013001000内部存款-内部结算存款
2228001002应交境外税金-应交增值税-销项税额
2228011001应交境外税金-代扣代缴税-代扣代缴增值税
2228011002应交境外税金-代扣代缴税-代扣企业所得税
2228011998应交境外税金-代扣代缴税-其他
2228023000应交境外税金-预扣税",是指企业生产等部门发生的取暖费及为生产产品和提供劳务而发生的取暖间接费用，通过填写费用报销单，以立即支付或挂账的方式进行结算,费用报销单,公用物业取暖费结算汇总表,,西安中心,徐意,正常,,
304,采购至应付,费用报销,A1_03_0001,费用报销,A02295,结算公用物业费,"5032010000物业管理费-工业用
5032020000物业管理费-生活用
2221001003应交税费-应交税金-应交增值税-进项税额-进项税额
2228001004应交境外税金-应交增值税-进项税额","2221001009应交税费-应交税金-应交增值税-进项税额转出-集体福利、个人消费
2221001995应交税费-应交税金-应交增值税-进项税额转出-其他
2202001000应付账款-应付账款
2221001080应交税费-应交税金-个人所得税
2241下所有明细科目
1012011000其他货币资金-加油（气）站资金
1013001000内部存款-内部结算存款
2228001002应交境外税金-应交增值税-销项税额
2228011001应交境外税金-代扣代缴税-代扣代缴增值税
2228011002应交境外税金-代扣代缴税-代扣企业所得税
2228011998应交境外税金-代扣代缴税-其他
2228023000应交境外税金-预扣税",是指企业生产等部门发生的物业费及为生产产品和提供劳务而发生的物业间接费用，通过填写费用报销单，以立即支付或挂账的方式进行结算,费用报销单,公用物业取暖费结算汇总表,,西安中心,徐意,正常,,
305,采购至应付,费用报销,A1_03_0001,费用报销,A02296,结算信息系统维护硬件设备采购费用,"5027010000信息系统维护费-硬件设备维护费
5027030000信息系统维护费-软件维护及升级费
5027040000信息系统维护费-安全运维服务
5027050098信息系统维护费-其他
2221001003应交税费-应交税金-应交增值税-进项税额-进项税额
2228001004应交境外税金-应交增值税-进项税额","2221001009应交税费-应交税金-应交增值税-进项税额转出-集体福利、个人消费
2221001995应交税费-应交税金-应交增值税-进项税额转出-其他
2202001000应付账款-应付账款
2221001080应交税费-应交税金-个人所得税
2241下所有明细科目
1012011000其他货币资金-加油（气）站资金
1013001000内部存款-内部结算存款
2228001002应交境外税金-应交增值税-销项税额
2228011001应交境外税金-代扣代缴税-代扣代缴增值税
2228011002应交境外税金-代扣代缴税-代扣企业所得税
2228011998应交境外税金-代扣代缴税-其他
2228023000应交境外税金-预扣税",是指企业各部门日常发生用于信息系统服务器和存储设备、网络和安全设备、音视频系统等硬件设备采购支出，通过填写费用报销单，以立即支付或挂账的方式结算,费用报销单,信息系统维护硬件设备采购费用结算汇总表,,成都中心,郭东阳,正常,,
306,采购至应付,费用报销,A1_03_0001,费用报销,A02297,结算信息系统维护硬件设备维护费用,"5027010000信息系统维护费-硬件设备维护费
5027040000信息系统维护费-安全运维服务
5027050098信息系统维护费-其他
2221001003应交税费-应交税金-应交增值税-进项税额-进项税额
2228001004应交境外税金-应交增值税-进项税额","2221001009应交税费-应交税金-应交增值税-进项税额转出-集体福利、个人消费
2221001995应交税费-应交税金-应交增值税-进项税额转出-其他
2202001000应付账款-应付账款
2221001080应交税费-应交税金-个人所得税
2241下所有明细科目
1012011000其他货币资金-加油（气）站资金
1013001000内部存款-内部结算存款
2228001002应交境外税金-应交增值税-销项税额
2228011001应交境外税金-代扣代缴税-代扣代缴增值税
2228011002应交境外税金-代扣代缴税-代扣企业所得税
2228011998应交境外税金-代扣代缴税-其他
2228023000应交境外税金-预扣税",是指企业各部门日常发生用于信息系统服务器和存储设备、网络和安全设备、音视频系统等硬件设维护修理支出，通过填写费用报销单，以立即支付或挂账的方式结算,费用报销单,信息系统维护费用结算汇总表,,成都中心,郭东阳,正常,,
307,采购至应付,费用报销,A1_03_0001,费用报销,A02298,结算信息系统软件维护及升级费,"5027030000信息系统维护费-软件维护及升级费
5027040000信息系统维护费-安全运维服务
5027050098信息系统维护费-其他
2221001003应交税费-应交税金-应交增值税-进项税额-进项税额
2228001004应交境外税金-应交增值税-进项税额","2221001009应交税费-应交税金-应交增值税-进项税额转出-集体福利、个人消费
2221001995应交税费-应交税金-应交增值税-进项税额转出-其他
2202001000应付账款-应付账款
2221001080应交税费-应交税金-个人所得税
2241下所有明细科目
1012011000其他货币资金-加油（气）站资金
1013001000内部存款-内部结算存款
2228001002应交境外税金-应交增值税-销项税额
2228011001应交境外税金-代扣代缴税-代扣代缴增值税
2228011002应交境外税金-代扣代缴税-代扣企业所得税
2228011998应交境外税金-代扣代缴税-其他
2228023000应交境外税金-预扣税",是指企业各部门日常发生用于信息系统软件安装、升级和修复bug、日常运维支持、获取新版本的功能和性能优化等费用支持，通过填写费用报销单，以立即支付或挂账的方式结算,费用报销单,信息系统维护费用结算汇总表,,成都中心,郭东阳,正常,,
308,采购至应付,费用报销,A1_03_0001,费用报销,A02299,结算税控系统技术服务费,"5027040000信息系统维护费-安全运维服务
5027050098信息系统维护费-其他
2221001003应交税费-应交税金-应交增值税-进项税额-进项税额
2228001004应交境外税金-应交增值税-进项税额","2221001009应交税费-应交税金-应交增值税-进项税额转出-集体福利、个人消费
2221001995应交税费-应交税金-应交增值税-进项税额转出-其他
2202001000应付账款-应付账款
2221001080应交税费-应交税金-个人所得税
2241下所有明细科目
1012011000其他货币资金-加油（气）站资金
1013001000内部存款-内部结算存款
2228001002应交境外税金-应交增值税-销项税额
2228011001应交境外税金-代扣代缴税-代扣代缴增值税
2228011002应交境外税金-代扣代缴税-代扣企业所得税
2228011998应交境外税金-代扣代缴税-其他
2228023000应交境外税金-预扣税",指企业为了使用增值税税控系统所必须支付的费用，主要包括技术服务费和设备购置费等，通过填写费用报销单，以立即支付或挂账的方式结算,费用报销单,信息系统维护费用结算汇总表,,成都中心,郭东阳,正常,,
309,采购至应付,费用报销,A1_03_0001,费用报销,A02300,结算专用网络租用费,"5027020000信息系统维护费-专用网络租用费
2221001003应交税费-应交税金-应交增值税-进项税额-进项税额
2228001004应交境外税金-应交增值税-进项税额","2221001009应交税费-应交税金-应交增值税-进项税额转出-集体福利、个人消费
2221001995应交税费-应交税金-应交增值税-进项税额转出-其他
2202001000应付账款-应付账款
2221001080应交税费-应交税金-个人所得税
2241下所有明细科目
1012011000其他货币资金-加油（气）站资金
1013001000内部存款-内部结算存款
2228001002应交境外税金-应交增值税-销项税额
2228011001应交境外税金-代扣代缴税-代扣代缴增值税
2228011002应交境外税金-代扣代缴税-代扣企业所得税
2228011998应交境外税金-代扣代缴税-其他
2228023000应交境外税金-预扣税",是指企业各部门日常发生用于租用专用网络支出的费用，通过填写费用报销单，以立即支付或挂账的方式结算,费用报销单,专用网络租用费结算汇总表,,成都中心,郭东阳,正常,,
310,采购至应付,费用报销,A1_03_0001,费用报销,A02301,结算购买宣传用品,"5024030098公司宣传费-其他宣传费
2221001003应交税费-应交税金-应交增值税-进项税额-进项税额
2228001004应交境外税金-应交增值税-进项税额","2221001009应交税费-应交税金-应交增值税-进项税额转出-集体福利、个人消费
2221001995应交税费-应交税金-应交增值税-进项税额转出-其他
2202001000应付账款-应付账款
2221001080应交税费-应交税金-个人所得税
2241下所有明细科目
1012011000其他货币资金-加油（气）站资金
1013001000内部存款-内部结算存款
2228001002应交境外税金-应交增值税-销项税额
2228011001应交境外税金-代扣代缴税-代扣代缴增值税
2228011002应交境外税金-代扣代缴税-代扣企业所得税
2228011998应交境外税金-代扣代缴税-其他
2228023000应交境外税金-预扣税",是指企业各部门日常发生用于业务交往、日常管理中宣传公司形象而购买物品费用，通过填写费用报销单，以立即支付或挂账的方式结算,费用报销单,宣传用品验收汇总表,,成都中心,郭东阳,正常,,
311,采购至应付,费用报销,A1_03_0001,费用报销,A02302,结算宣传服务费,"5024030098公司宣传费-其他宣传费
2221001003应交税费-应交税金-应交增值税-进项税额-进项税额
2228001004应交境外税金-应交增值税-进项税额","2221001009应交税费-应交税金-应交增值税-进项税额转出-集体福利、个人消费
2221001995应交税费-应交税金-应交增值税-进项税额转出-其他
2202001000应付账款-应付账款
2221001080应交税费-应交税金-个人所得税
2241下所有明细科目
1012011000其他货币资金-加油（气）站资金
1013001000内部存款-内部结算存款
2228001002应交境外税金-应交增值税-销项税额
2228011001应交境外税金-代扣代缴税-代扣代缴增值税
2228011002应交境外税金-代扣代缴税-代扣企业所得税
2228011998应交境外税金-代扣代缴税-其他
2228023000应交境外税金-预扣税",公司因业务交往、日常管理中宣传公司形象而发生的服务类支出，通过填写费用报销单，以立即支付或挂账的方式进行结算,费用报销单,宣传服务费结算汇总表,,成都中心,郭东阳,正常,,
312,采购至应付,费用报销,A1_03_0001,费用报销,A02303,结算展览费,"5024020000公司宣传费-展览费
2221001003应交税费-应交税金-应交增值税-进项税额-进项税额
2228001004应交境外税金-应交增值税-进项税额","2221001009应交税费-应交税金-应交增值税-进项税额转出-集体福利、个人消费
2221001995应交税费-应交税金-应交增值税-进项税额转出-其他
2202001000应付账款-应付账款
2221001080应交税费-应交税金-个人所得税
2241下所有明细科目
1012011000其他货币资金-加油（气）站资金
1013001000内部存款-内部结算存款
2228001002应交境外税金-应交增值税-销项税额
2228011001应交境外税金-代扣代缴税-代扣代缴增值税
2228011002应交境外税金-代扣代缴税-代扣企业所得税
2228011998应交境外税金-代扣代缴税-其他
2228023000应交境外税金-预扣税",是指企业各部门日常举办或者参加展览而发生的展位、装修等费用，通过填写费用报销单，以立即支付或挂账的方式结算,费用报销单,展览费结算汇总表,,成都中心,郭东阳,正常,,
313,采购至应付,费用报销,A1_03_0001,费用报销,A02304,结算促销费-服务费,"5024010000公司宣传费-促销费
2221001003应交税费-应交税金-应交增值税-进项税额-进项税额
2228001004应交境外税金-应交增值税-进项税额","2221001009应交税费-应交税金-应交增值税-进项税额转出-集体福利、个人消费
2221001995应交税费-应交税金-应交增值税-进项税额转出-其他
2202001000应付账款-应付账款
2221001080应交税费-应交税金-个人所得税
2241下所有明细科目
1012011000其他货币资金-加油（气）站资金
1013001000内部存款-内部结算存款
2228001002应交境外税金-应交增值税-销项税额
2228011001应交境外税金-代扣代缴税-代扣代缴增值税
2228011002应交境外税金-代扣代缴税-代扣企业所得税
2228011998应交境外税金-代扣代缴税-其他
2228023000应交境外税金-预扣税",是指企业各部门日常发生促销宣传和布置促销现场支出以及与能直接实现企业销量的销售行为，包括电台等媒体的促销宣传费（含促销策划支出）、布置促销现场支出以及展台租赁费等相关支出，通过填写费用报销单，以立即支付或挂账的方式结算,费用报销单,促销费-服务费结算汇总表,,成都中心,郭东阳,正常,,
314,采购至应付,费用报销,A1_03_0001,费用报销,A02305,结算促销费-促销赠品,"5024010000公司宣传费-促销费
2221001003应交税费-应交税金-应交增值税-进项税额-进项税额
2228001004应交境外税金-应交增值税-进项税额","2221001009应交税费-应交税金-应交增值税-进项税额转出-集体福利、个人消费
2221001995应交税费-应交税金-应交增值税-进项税额转出-其他
2202001000应付账款-应付账款
2221001080应交税费-应交税金-个人所得税
2241下所有明细科目
1012011000其他货币资金-加油（气）站资金
1013001000内部存款-内部结算存款
2228001002应交境外税金-应交增值税-销项税额
2228011001应交境外税金-代扣代缴税-代扣代缴增值税
2228011002应交境外税金-代扣代缴税-代扣企业所得税
2228011998应交境外税金-代扣代缴税-其他
2228023000应交境外税金-预扣税",是指企业各部门日常发生促销宣传而向客户本身兑付的促销赠品等支出，通过填写费用报销单，以立即支付或挂账的方式结算,费用报销单,促销费-促销赠品结算汇总表,,成都中心,郭东阳,正常,,
315,采购至应付,费用报销,A1_03_0001,费用报销,A02308,结算测井试井费,"5043000000外包劳务支出
2221001003应交税费-应交税金-应交增值税-进项税额-进项税额
2228001004应交境外税金-应交增值税-进项税额","2221001009应交税费-应交税金-应交增值税-进项税额转出-集体福利、个人消费
2221001995应交税费-应交税金-应交增值税-进项税额转出-其他
2202001000应付账款-应付账款
2221001080应交税费-应交税金-个人所得税
2241下所有明细科目
1012011000其他货币资金-加油（气）站资金
1013001000内部存款-内部结算存款
2228001002应交境外税金-应交增值税-销项税额
2228011001应交境外税金-代扣代缴税-代扣代缴增值税
2228011002应交境外税金-代扣代缴税-代扣企业所得税
2228011998应交境外税金-代扣代缴税-其他
2228023000应交境外税金-预扣税",是指企业日常发生的各项与测井试井相关费用，通过填写费用报销单，以立即支付或挂账的方式进行结算,费用报销单,作业施工服务结算汇总表,,大庆中心,吴月明,正常,,
316,采购至应付,费用报销,A1_03_0001,费用报销,A02310,结算措施作业费,"5043000000外包劳务支出
2221001003应交税费-应交税金-应交增值税-进项税额-进项税额
2228001004应交境外税金-应交增值税-进项税额","2221001009应交税费-应交税金-应交增值税-进项税额转出-集体福利、个人消费
2221001995应交税费-应交税金-应交增值税-进项税额转出-其他
2202001000应付账款-应付账款
2221001080应交税费-应交税金-个人所得税
2241下所有明细科目
1012011000其他货币资金-加油（气）站资金
1013001000内部存款-内部结算存款
2228001002应交境外税金-应交增值税-销项税额
2228011001应交境外税金-代扣代缴税-代扣代缴增值税
2228011002应交境外税金-代扣代缴税-代扣企业所得税
2228011998应交境外税金-代扣代缴税-其他
2228023000应交境外税金-预扣税",是指企业日常发生的各项与措施作业相关费用，通过填写费用报销单，以立即支付或挂账的方式进行结算,费用报销单,作业施工服务结算汇总表,,大庆中心,吴月明,正常,,
317,采购至应付,费用报销,A1_03_0001,费用报销,A02311,结算固井作业费,"5043000000外包劳务支出
2221001003应交税费-应交税金-应交增值税-进项税额-进项税额
2228001004应交境外税金-应交增值税-进项税额","2221001009应交税费-应交税金-应交增值税-进项税额转出-集体福利、个人消费
2221001995应交税费-应交税金-应交增值税-进项税额转出-其他
2202001000应付账款-应付账款
2221001080应交税费-应交税金-个人所得税
2241下所有明细科目
1012011000其他货币资金-加油（气）站资金
1013001000内部存款-内部结算存款
2228001002应交境外税金-应交增值税-销项税额
2228011001应交境外税金-代扣代缴税-代扣代缴增值税
2228011002应交境外税金-代扣代缴税-代扣企业所得税
2228011998应交境外税金-代扣代缴税-其他
2228023000应交境外税金-预扣税",是指企业日常发生的各项与固井作业相关费用，通过填写费用报销单，以立即支付或挂账的方式进行结算,费用报销单,作业施工服务结算汇总表,,大庆中心,吴月明,正常,,
318,采购至应付,费用报销,A1_03_0001,费用报销,A02312,结算井下作业费,"5043000000外包劳务支出
2221001003应交税费-应交税金-应交增值税-进项税额-进项税额
2228001004应交境外税金-应交增值税-进项税额","2221001009应交税费-应交税金-应交增值税-进项税额转出-集体福利、个人消费
2221001995应交税费-应交税金-应交增值税-进项税额转出-其他
2202001000应付账款-应付账款
2221001080应交税费-应交税金-个人所得税
2241下所有明细科目
1012011000其他货币资金-加油（气）站资金
1013001000内部存款-内部结算存款
2228001002应交境外税金-应交增值税-销项税额
2228011001应交境外税金-代扣代缴税-代扣代缴增值税
2228011002应交境外税金-代扣代缴税-代扣企业所得税
2228011998应交境外税金-代扣代缴税-其他
2228023000应交境外税金-预扣税",是指企业日常发生无订单的各项与井下作业相关费用，通过填写费用报销单，以立即支付或挂账的方式进行结算,费用报销单,作业施工服务结算汇总表,,大庆中心,吴月明,正常,,
319,采购至应付,费用报销,A1_03_0001,费用报销,A02314,结算录井作业费,"5043000000外包劳务支出
2221001003应交税费-应交税金-应交增值税-进项税额-进项税额
2228001004应交境外税金-应交增值税-进项税额","2221001009应交税费-应交税金-应交增值税-进项税额转出-集体福利、个人消费
2221001995应交税费-应交税金-应交增值税-进项税额转出-其他
2202001000应付账款-应付账款
2221001080应交税费-应交税金-个人所得税
2241下所有明细科目
1012011000其他货币资金-加油（气）站资金
1013001000内部存款-内部结算存款
2228001002应交境外税金-应交增值税-销项税额
2228011001应交境外税金-代扣代缴税-代扣代缴增值税
2228011002应交境外税金-代扣代缴税-代扣企业所得税
2228011998应交境外税金-代扣代缴税-其他
2228023000应交境外税金-预扣税",是指企业日常发生的各项与录井作业相关费用，通过填写费用报销单，以立即支付或挂账的方式进行结算,费用报销单,作业施工服务结算汇总表,,大庆中心,吴月明,正常,,
320,采购至应付,费用报销,A1_03_0001,费用报销,A02315,结算试油作业费,"5043000000外包劳务支出
2221001003应交税费-应交税金-应交增值税-进项税额-进项税额
2228001004应交境外税金-应交增值税-进项税额","2221001009应交税费-应交税金-应交增值税-进项税额转出-集体福利、个人消费
2221001995应交税费-应交税金-应交增值税-进项税额转出-其他
2202001000应付账款-应付账款
2221001080应交税费-应交税金-个人所得税
2241下所有明细科目
1012011000其他货币资金-加油（气）站资金
1013001000内部存款-内部结算存款
2228001002应交境外税金-应交增值税-销项税额
2228011001应交境外税金-代扣代缴税-代扣代缴增值税
2228011002应交境外税金-代扣代缴税-代扣企业所得税
2228011998应交境外税金-代扣代缴税-其他
2228023000应交境外税金-预扣税",是指企业日常发生的各项与试油作业相关费用，通过填写费用报销单，以立即支付或挂账的方式进行结算,费用报销单,作业施工服务结算汇总表,,大庆中心,吴月明,正常,,
321,采购至应付,费用报销,A1_03_0001,费用报销,A02316,结算试井作业费,"5043000000外包劳务支出
2221001003应交税费-应交税金-应交增值税-进项税额-进项税额
2228001004应交境外税金-应交增值税-进项税额","2221001009应交税费-应交税金-应交增值税-进项税额转出-集体福利、个人消费
2221001995应交税费-应交税金-应交增值税-进项税额转出-其他
2202001000应付账款-应付账款
2221001080应交税费-应交税金-个人所得税
2241下所有明细科目
1012011000其他货币资金-加油（气）站资金
1013001000内部存款-内部结算存款
2228001002应交境外税金-应交增值税-销项税额
2228011001应交境外税金-代扣代缴税-代扣代缴增值税
2228011002应交境外税金-代扣代缴税-代扣企业所得税
2228011998应交境外税金-代扣代缴税-其他
2228023000应交境外税金-预扣税",是指企业日常发生的各项与试井作业相关费用，通过填写费用报销单，以立即支付或挂账的方式进行结算,费用报销单,作业施工服务结算汇总表,,大庆中心,吴月明,正常,,
322,采购至应付,费用报销,A1_03_0001,费用报销,A02317,结算维护作业费,"5043000000外包劳务支出
2221001003应交税费-应交税金-应交增值税-进项税额-进项税额
2228001004应交境外税金-应交增值税-进项税额","2221001009应交税费-应交税金-应交增值税-进项税额转出-集体福利、个人消费
2221001995应交税费-应交税金-应交增值税-进项税额转出-其他
2202001000应付账款-应付账款
2221001080应交税费-应交税金-个人所得税
2241下所有明细科目
1012011000其他货币资金-加油（气）站资金
1013001000内部存款-内部结算存款
2228001002应交境外税金-应交增值税-销项税额
2228011001应交境外税金-代扣代缴税-代扣代缴增值税
2228011002应交境外税金-代扣代缴税-代扣企业所得税
2228011998应交境外税金-代扣代缴税-其他
2228023000应交境外税金-预扣税",是指企业日常发生的各项与维护作业相关费用，通过填写费用报销单，以立即支付或挂账的方式进行结算,费用报销单,作业施工服务结算汇总表,,大庆中心,吴月明,正常,,
323,采购至应付,费用报销,A1_03_0001,费用报销,A02318,结算井口及辅助业务外包费,"5043000000外包劳务支出
2221001003应交税费-应交税金-应交增值税-进项税额-进项税额
2228001004应交境外税金-应交增值税-进项税额","2221001009应交税费-应交税金-应交增值税-进项税额转出-集体福利、个人消费
2221001995应交税费-应交税金-应交增值税-进项税额转出-其他
2202001000应付账款-应付账款
2221001080应交税费-应交税金-个人所得税
2241下所有明细科目
1012011000其他货币资金-加油（气）站资金
1013001000内部存款-内部结算存款
2228001002应交境外税金-应交增值税-销项税额
2228011001应交境外税金-代扣代缴税-代扣代缴增值税
2228011002应交境外税金-代扣代缴税-代扣企业所得税
2228011998应交境外税金-代扣代缴税-其他
2228023000应交境外税金-预扣税",是指企业日常发生的各项与井口及辅助业务外包相关费用，通过填写费用报销单，以立即支付或挂账的方式进行结算,费用报销单,作业施工服务结算汇总表,,大庆中心,吴月明,正常,,
324,采购至应付,费用报销,A1_03_0001,费用报销,A02309,结算资料解释费,"5046080000资料处理解释费
2221001003应交税费-应交税金-应交增值税-进项税额-进项税额
2228001004应交境外税金-应交增值税-进项税额","2221001009应交税费-应交税金-应交增值税-进项税额转出-集体福利、个人消费
2221001995应交税费-应交税金-应交增值税-进项税额转出-其他
2202001000应付账款-应付账款
2221001080应交税费-应交税金-个人所得税
2241下所有明细科目
1012011000其他货币资金-加油（气）站资金
1013001000内部存款-内部结算存款
2228001002应交境外税金-应交增值税-销项税额
2228011001应交境外税金-代扣代缴税-代扣代缴增值税
2228011002应交境外税金-代扣代缴税-代扣企业所得税
2228011998应交境外税金-代扣代缴税-其他
2228023000应交境外税金-预扣税",是指企业因测井业务提供图纸、曲线等资料解释服务而发生的费用，通过填写费用报销单，以立即支付或挂账的方式进行结算,费用报销单,资料处理解释费结算汇总表,,西安中心,徐意,正常,,
325,采购至应付,费用报销,A1_03_0001,费用报销,A02313,结算矿区服务费,"5043000000外包劳务支出
2221001003应交税费-应交税金-应交增值税-进项税额-进项税额
2228001004应交境外税金-应交增值税-进项税额","2221001009应交税费-应交税金-应交增值税-进项税额转出-集体福利、个人消费
2221001995应交税费-应交税金-应交增值税-进项税额转出-其他
2202001000应付账款-应付账款
2221001080应交税费-应交税金-个人所得税
2241下所有明细科目
1012011000其他货币资金-加油（气）站资金
1013001000内部存款-内部结算存款
2228001002应交境外税金-应交增值税-销项税额
2228011001应交境外税金-代扣代缴税-代扣代缴增值税
2228011002应交境外税金-代扣代缴税-代扣企业所得税
2228011998应交境外税金-代扣代缴税-其他
2228023000应交境外税金-预扣税",是指企业为矿区服务发生的相关费用，包括后勤基地园林绿化、保安服务等，通过填写费用报销单，以立即支付或挂账的方式进行结算,费用报销单,矿区服务费结算汇总表,,大庆中心,李巍巍,正常,,
326,采购至应付,费用报销,A1_03_0001,费用报销,A02319,结算加油(气)站作业费,"5043000000外包劳务支出
2221001003应交税费-应交税金-应交增值税-进项税额-进项税额
2228001004应交境外税金-应交增值税-进项税额","2221001009应交税费-应交税金-应交增值税-进项税额转出-集体福利、个人消费
2221001995应交税费-应交税金-应交增值税-进项税额转出-其他
2202001000应付账款-应付账款
2221001080应交税费-应交税金-个人所得税
2241下所有明细科目
1012011000其他货币资金-加油（气）站资金
1013001000内部存款-内部结算存款
2228001002应交境外税金-应交增值税-销项税额
2228011001应交境外税金-代扣代缴税-代扣代缴增值税
2228011002应交境外税金-代扣代缴税-代扣企业所得税
2228011998应交境外税金-代扣代缴税-其他
2228023000应交境外税金-预扣税",是指企业日常发生的各项与加油(气)站作业相关费用，通过填写费用报销单，以立即支付或挂账的方式进行结算,费用报销单,加油(气)站作业费结算汇总表,,大庆中心,李巍巍,正常,,
327,采购至应付,费用报销,A1_03_0001,费用报销,A02320,结算油库作业费,"5043000000外包劳务支出
2221001003应交税费-应交税金-应交增值税-进项税额-进项税额
2228001004应交境外税金-应交增值税-进项税额","2221001009应交税费-应交税金-应交增值税-进项税额转出-集体福利、个人消费
2221001995应交税费-应交税金-应交增值税-进项税额转出-其他
2202001000应付账款-应付账款
2221001080应交税费-应交税金-个人所得税
2241下所有明细科目
1012011000其他货币资金-加油（气）站资金
1013001000内部存款-内部结算存款
2228001002应交境外税金-应交增值税-销项税额
2228011001应交境外税金-代扣代缴税-代扣代缴增值税
2228011002应交境外税金-代扣代缴税-代扣企业所得税
2228011998应交境外税金-代扣代缴税-其他
2228023000应交境外税金-预扣税",是指企业日常发生的各项与油库作业相关费用，通过填写费用报销单，以立即支付或挂账的方式进行结算,费用报销单,油库作业费结算汇总表,,大庆中心,李巍巍,正常,,
328,采购至应付,费用报销,A1_03_0001,费用报销,A02321,结算设计制图费,"5046100000设计制图费
2221001003应交税费-应交税金-应交增值税-进项税额-进项税额
2228001004应交境外税金-应交增值税-进项税额","2221001009应交税费-应交税金-应交增值税-进项税额转出-集体福利、个人消费
2221001995应交税费-应交税金-应交增值税-进项税额转出-其他
2202001000应付账款-应付账款
2221001080应交税费-应交税金-个人所得税
2241下所有明细科目
1012011000其他货币资金-加油（气）站资金
1013001000内部存款-内部结算存款
2228001002应交境外税金-应交增值税-销项税额
2228011001应交境外税金-代扣代缴税-代扣代缴增值税
2228011002应交境外税金-代扣代缴税-代扣企业所得税
2228011998应交境外税金-代扣代缴税-其他
2228023000应交境外税金-预扣税",是指企业生产部门支付的设计费、技术资料费、图纸及有关用品的费用，通过填写费用报销单，以立即支付或挂账的方式进行结算,费用报销单,设计制图费结算汇总表,,大庆中心,李巍巍,正常,,
329,采购至应付,费用报销,A1_03_0001,费用报销,A02322,结算业务招待费,"5039000000业务招待费
5040000000外宾招待费
2221001003应交税费-应交税金-应交增值税-进项税额-进项税额
2228001004应交境外税金-应交增值税-进项税额","2221001009应交税费-应交税金-应交增值税-进项税额转出-集体福利、个人消费
2221001995应交税费-应交税金-应交增值税-进项税额转出-其他
2202001000应付账款-应付账款
2221001080应交税费-应交税金-个人所得税
2241下所有明细科目
1012011000其他货币资金-加油（气）站资金
1013001000内部存款-内部结算存款
2228001002应交境外税金-应交增值税-销项税额
2228011001应交境外税金-代扣代缴税-代扣代缴增值税
2228011002应交境外税金-代扣代缴税-代扣企业所得税
2228011998应交境外税金-代扣代缴税-其他
2228023000应交境外税金-预扣税",是指企业因经营业务需要而发生的招待费，通过填写费用报销单，以立即支付或挂账的方式进行结算,费用报销单,业务招待费结算汇总表,,西安中心,徐意,正常,,
330,采购至应付,费用报销,A1_03_0001,费用报销,A02323,结算购买业务招待用品,"5039000000业务招待费
5040000000外宾招待费
2221001003应交税费-应交税金-应交增值税-进项税额-进项税额
2228001004应交境外税金-应交增值税-进项税额","2221001009应交税费-应交税金-应交增值税-进项税额转出-集体福利、个人消费
2221001995应交税费-应交税金-应交增值税-进项税额转出-其他
2202001000应付账款-应付账款
2221001080应交税费-应交税金-个人所得税
2241下所有明细科目
1012011000其他货币资金-加油（气）站资金
1013001000内部存款-内部结算存款
2228001002应交境外税金-应交增值税-销项税额
2228011001应交境外税金-代扣代缴税-代扣代缴增值税
2228011002应交境外税金-代扣代缴税-代扣企业所得税
2228011998应交境外税金-代扣代缴税-其他
2228023000应交境外税金-预扣税",是指企业各部门因经营业务需要而发生采购业务招待用品的费用，通过填写费用报销单，以立即支付或挂账的方式进行结算,费用报销单,业务招待用品费验收汇总表,物资采购申请表,西安中心,徐意,正常,,
331,采购至应付,费用报销,A1_03_0001,费用报销,A02324,结算营地建设费,"5048130000营地建设费
2221001003应交税费-应交税金-应交增值税-进项税额-进项税额
2228001004应交境外税金-应交增值税-进项税额","2221001009应交税费-应交税金-应交增值税-进项税额转出-集体福利、个人消费
2221001995应交税费-应交税金-应交增值税-进项税额转出-其他
2202001000应付账款-应付账款
2221001080应交税费-应交税金-个人所得税
2241下所有明细科目
1012011000其他货币资金-加油（气）站资金
1013001000内部存款-内部结算存款
2228001002应交境外税金-应交增值税-销项税额
2228011001应交境外税金-代扣代缴税-代扣代缴增值税
2228011002应交境外税金-代扣代缴税-代扣企业所得税
2228011998应交境外税金-代扣代缴税-其他
2228023000应交境外税金-预扣税",是指企业施工过程中施工机组或作业处营地临时水、电、路、讯、气等其他工程安装费用，以及购置的餐具、卫具和其他即买即用的营地建设零星材料等费用，通过填写费用报销单，以立即支付或挂账的方式进行结算,费用报销单,营地建设费结算汇总表,物资采购明细表,西安中心,徐意,正常,,
332,采购至应付,费用报销,A1_03_0001,费用报销,A02325,结算公路运费,"5017000000运输费
2221001003应交税费-应交税金-应交增值税-进项税额-进项税额
2228001004应交境外税金-应交增值税-进项税额","2221001009应交税费-应交税金-应交增值税-进项税额转出-集体福利、个人消费
2221001995应交税费-应交税金-应交增值税-进项税额转出-其他
2202001000应付账款-应付账款
2221001080应交税费-应交税金-个人所得税
2241下所有明细科目
1012011000其他货币资金-加油（气）站资金
1013001000内部存款-内部结算存款
2228001002应交境外税金-应交增值税-销项税额
2228011001应交境外税金-代扣代缴税-代扣代缴增值税
2228011002应交境外税金-代扣代缴税-代扣企业所得税
2228011998应交境外税金-代扣代缴税-其他
2228023000应交境外税金-预扣税",是指企业为销售产品和提供劳务而发生的公路运输费用，通过填写费用报销单，以立即支付或挂账的方式进行结算,费用报销单,公路运费结算汇总表,,西安中心,刘玉宽,正常,,
333,采购至应付,费用报销,A1_03_0001,费用报销,A02326,结算管道运费,"5017000000运输费
2221001003应交税费-应交税金-应交增值税-进项税额-进项税额
2228001004应交境外税金-应交增值税-进项税额","2221001009应交税费-应交税金-应交增值税-进项税额转出-集体福利、个人消费
2221001995应交税费-应交税金-应交增值税-进项税额转出-其他
2202001000应付账款-应付账款
2221001080应交税费-应交税金-个人所得税
2241下所有明细科目
1012011000其他货币资金-加油（气）站资金
1013001000内部存款-内部结算存款
2228001002应交境外税金-应交增值税-销项税额
2228011001应交境外税金-代扣代缴税-代扣代缴增值税
2228011002应交境外税金-代扣代缴税-代扣企业所得税
2228011998应交境外税金-代扣代缴税-其他
2228023000应交境外税金-预扣税",是指企业为销售产品和提供劳务而发生的管道运输费用，通过填写费用报销单，以立即支付或挂账的方式进行结算,费用报销单,管道运费结算汇总表,,西安中心,刘玉宽,正常,,
334,采购至应付,费用报销,A1_03_0001,费用报销,A02327,结算海上运费,"5017000000运输费
2221001003应交税费-应交税金-应交增值税-进项税额-进项税额
2228001004应交境外税金-应交增值税-进项税额","2221001009应交税费-应交税金-应交增值税-进项税额转出-集体福利、个人消费
2221001995应交税费-应交税金-应交增值税-进项税额转出-其他
2202001000应付账款-应付账款
2221001080应交税费-应交税金-个人所得税
2241下所有明细科目
1012011000其他货币资金-加油（气）站资金
1013001000内部存款-内部结算存款
2228001002应交境外税金-应交增值税-销项税额
2228011001应交境外税金-代扣代缴税-代扣代缴增值税
2228011002应交境外税金-代扣代缴税-代扣企业所得税
2228011998应交境外税金-代扣代缴税-其他
2228023000应交境外税金-预扣税",是指企业为销售产品和提供劳务而发生的海上运输费用，通过填写费用报销单，以立即支付或挂账的方式进行结算,费用报销单,海上运费结算汇总表,,西安中心,刘玉宽,正常,,
335,采购至应付,费用报销,A1_03_0001,费用报销,A02328,结算内河运费,"5017000000运输费
2221001003应交税费-应交税金-应交增值税-进项税额-进项税额
2228001004应交境外税金-应交增值税-进项税额","2221001009应交税费-应交税金-应交增值税-进项税额转出-集体福利、个人消费
2221001995应交税费-应交税金-应交增值税-进项税额转出-其他
2202001000应付账款-应付账款
2221001080应交税费-应交税金-个人所得税
2241下所有明细科目
1012011000其他货币资金-加油（气）站资金
1013001000内部存款-内部结算存款
2228001002应交境外税金-应交增值税-销项税额
2228011001应交境外税金-代扣代缴税-代扣代缴增值税
2228011002应交境外税金-代扣代缴税-代扣企业所得税
2228011998应交境外税金-代扣代缴税-其他
2228023000应交境外税金-预扣税",是指企业各部门通过内河运输发生的费用，通过填写费用报销单，以立即支付或挂账的方式进行结算,费用报销单,内河运费结算汇总表,,西安中心,刘玉宽,正常,,
336,采购至应付,费用报销,A1_03_0001,费用报销,A02329,结算铁路运费,"5017000000运输费
2221001003应交税费-应交税金-应交增值税-进项税额-进项税额
2228001004应交境外税金-应交增值税-进项税额","2221001009应交税费-应交税金-应交增值税-进项税额转出-集体福利、个人消费
2221001995应交税费-应交税金-应交增值税-进项税额转出-其他
2202001000应付账款-应付账款
2221001080应交税费-应交税金-个人所得税
2241下所有明细科目
1012011000其他货币资金-加油（气）站资金
1013001000内部存款-内部结算存款
2228001002应交境外税金-应交增值税-销项税额
2228011001应交境外税金-代扣代缴税-代扣代缴增值税
2228011002应交境外税金-代扣代缴税-代扣企业所得税
2228011998应交境外税金-代扣代缴税-其他
2228023000应交境外税金-预扣税",是指企业各部门通过铁路运输方式销售产品和提供劳务时，发生的铁路运输费用，通过填写费用报销单，以立即支付或挂账的方式进行结算,费用报销单,铁路运费结算汇总表,,西安中心,刘玉宽,正常,,
337,采购至应付,费用报销,A1_03_0001,费用报销,A02330,结算自备车返空费,"5017000000运输费
2221001003应交税费-应交税金-应交增值税-进项税额-进项税额
2228001004应交境外税金-应交增值税-进项税额","2221001009应交税费-应交税金-应交增值税-进项税额转出-集体福利、个人消费
2221001995应交税费-应交税金-应交增值税-进项税额转出-其他
2202001000应付账款-应付账款
2221001080应交税费-应交税金-个人所得税
2241下所有明细科目
1012011000其他货币资金-加油（气）站资金
1013001000内部存款-内部结算存款
2228001002应交境外税金-应交增值税-销项税额
2228011001应交境外税金-代扣代缴税-代扣代缴增值税
2228011002应交境外税金-代扣代缴税-代扣企业所得税
2228011998应交境外税金-代扣代缴税-其他
2228023000应交境外税金-预扣税",是指企业各部门通过铁路运输方式销售产品和提供劳务时，发生的自备车返空费用，通过填写费用报销单，以立即支付或挂账的方式进行结算,费用报销单,自备车返空费结算汇总表,,西安中心,刘玉宽,正常,,
338,采购至应付,费用报销,A1_03_0001,费用报销,A02331,结算加油站送货费,"5017000000运输费
2221001003应交税费-应交税金-应交增值税-进项税额-进项税额
2228001004应交境外税金-应交增值税-进项税额","2221001009应交税费-应交税金-应交增值税-进项税额转出-集体福利、个人消费
2221001995应交税费-应交税金-应交增值税-进项税额转出-其他
2202001000应付账款-应付账款
2221001080应交税费-应交税金-个人所得税
2241下所有明细科目
1012011000其他货币资金-加油（气）站资金
1013001000内部存款-内部结算存款
2228001002应交境外税金-应交增值税-销项税额
2228011001应交境外税金-代扣代缴税-代扣代缴增值税
2228011002应交境外税金-代扣代缴税-代扣企业所得税
2228011998应交境外税金-代扣代缴税-其他
2228023000应交境外税金-预扣税",是指省区销售公司向加油站配送产品发生的运输费用，通过填写费用报销单，以立即支付或挂账的方式进行结算,费用报销单,加油站送货费结算汇总表,,西安中心,刘玉宽,正常,,
339,采购至应付,费用报销,A1_03_0001,费用报销,A02332,结算铁路到站后杂费,"5017000000运输费
2221001003应交税费-应交税金-应交增值税-进项税额-进项税额
2228001004应交境外税金-应交增值税-进项税额","2221001009应交税费-应交税金-应交增值税-进项税额转出-集体福利、个人消费
2221001995应交税费-应交税金-应交增值税-进项税额转出-其他
2202001000应付账款-应付账款
2221001080应交税费-应交税金-个人所得税
2241下所有明细科目
1012011000其他货币资金-加油（气）站资金
1013001000内部存款-内部结算存款
2228001002应交境外税金-应交增值税-销项税额
2228011001应交境外税金-代扣代缴税-代扣代缴增值税
2228011002应交境外税金-代扣代缴税-代扣企业所得税
2228011998应交境外税金-代扣代缴税-其他
2228023000应交境外税金-预扣税",是指企业通过铁路运输方式销售产品和提供劳务时，发生的到站后各项杂费，通过填写费用报销单，以立即支付或挂账的方式进行结算,费用报销单,铁路到站后杂费结算汇总表,,西安中心,刘玉宽,正常,,
340,采购至应付,费用报销,A1_03_0001,费用报销,A02333,结算过路过桥费,"5017000000运输费
2221001003应交税费-应交税金-应交增值税-进项税额-进项税额
2228001004应交境外税金-应交增值税-进项税额","2221001009应交税费-应交税金-应交增值税-进项税额转出-集体福利、个人消费
2221001995应交税费-应交税金-应交增值税-进项税额转出-其他
2202001000应付账款-应付账款
2221001080应交税费-应交税金-个人所得税
2241下所有明细科目
1012011000其他货币资金-加油（气）站资金
1013001000内部存款-内部结算存款
2228001002应交境外税金-应交增值税-销项税额
2228011001应交境外税金-代扣代缴税-代扣代缴增值税
2228011002应交境外税金-代扣代缴税-代扣企业所得税
2228011998应交境外税金-代扣代缴税-其他
2228023000应交境外税金-预扣税",是指企业各部门通过公路运输方式销售产品和提供劳务时，发生的过路、过桥费用，通过填写费用报销单，以立即支付或挂账的方式进行结算,费用报销单,过路过桥费结算汇总表,,西安中心,刘玉宽,正常,,
341,采购至应付,费用报销,A1_03_0001,费用报销,A02334,报销个人通勤费,"5098000000其他费用
2221001003应交税费-应交税金-应交增值税-进项税额-进项税额
2228001004应交境外税金-应交增值税-进项税额","2221001009应交税费-应交税金-应交增值税-进项税额转出-集体福利、个人消费
2221001995应交税费-应交税金-应交增值税-进项税额转出-其他
2202001000应付账款-应付账款
2221001080应交税费-应交税金-个人所得税
2241下所有明细科目
1012011000其他货币资金-加油（气）站资金
1013001000内部存款-内部结算存款
2228001002应交境外税金-应交增值税-销项税额
2228011001应交境外税金-代扣代缴税-代扣代缴增值税
2228011002应交境外税金-代扣代缴税-代扣企业所得税
2228011998应交境外税金-代扣代缴税-其他
2228023000应交境外税金-预扣税",是企业相关人员往返于地点与工作地点之间个人发生的费用，通过填写费用报销单，以立即支付方式进行报销,费用报销单,个人通勤费报销汇总表,"职工通勤车费报销明细表、
职工通勤按标准报销明细表",西安中心,宋蒙蒙,正常,,
342,采购至应付,费用报销,A1_03_0001,费用报销,A02335,结算通勤车费,"5098000000其他费用
2221001003应交税费-应交税金-应交增值税-进项税额-进项税额
2228001004应交境外税金-应交增值税-进项税额","2221001009应交税费-应交税金-应交增值税-进项税额转出-集体福利、个人消费
2221001995应交税费-应交税金-应交增值税-进项税额转出-其他
2202001000应付账款-应付账款
2221001080应交税费-应交税金-个人所得税
2241下所有明细科目
1012011000其他货币资金-加油（气）站资金
1013001000内部存款-内部结算存款
2228001002应交境外税金-应交增值税-销项税额
2228011001应交境外税金-代扣代缴税-代扣代缴增值税
2228011002应交境外税金-代扣代缴税-代扣企业所得税
2228011998应交境外税金-代扣代缴税-其他
2228023000应交境外税金-预扣税",是企业为相关人员往返于地点与工作地点之间提供通勤车辆而发生的费用，通过填写费用报销单，以立即支付或挂账的方式进行结算,费用报销单,通勤车费结算汇总表,"通勤运输费用明细表、
通勤运输费用（包干）明细表",西安中心,宋蒙蒙,正常,,
343,采购至应付,费用报销,A1_03_0001,费用报销,A02336,结算滞纳金,"6711007001营业外支出-滞纳金-税收滞纳金
6711007002营业外支出-滞纳金-其他滞纳金
2221001003应交税费-应交税金-应交增值税-进项税额-进项税额
2228001004应交境外税金-应交增值税-进项税额","2221001009应交税费-应交税金-应交增值税-进项税额转出-集体福利、个人消费
2221001995应交税费-应交税金-应交增值税-进项税额转出-其他
2202001000应付账款-应付账款
2221001080应交税费-应交税金-个人所得税
2241下所有明细科目
1012011000其他货币资金-加油（气）站资金
1013001000内部存款-内部结算存款
2228001002应交境外税金-应交增值税-销项税额
2228011001应交境外税金-代扣代缴税-代扣代缴增值税
2228011002应交境外税金-代扣代缴税-代扣企业所得税
2228011998应交境外税金-代扣代缴税-其他
2228023000应交境外税金-预扣税",指因企业未按纳税期限缴纳税款，税务机关按照按滞纳天数加收滞纳税款，通过填写费用报销单，以立即支付或挂账的方式进行结算,费用报销单,滞纳金结算汇总表,,西安中心,宋蒙蒙,正常,,
344,采购至应付,费用报销,A1_03_0001,费用报销,A02337,结算赞助支出,"6711008000营业外支出-赞助支出
2221001003应交税费-应交税金-应交增值税-进项税额-进项税额
2228001004应交境外税金-应交增值税-进项税额","2221001009应交税费-应交税金-应交增值税-进项税额转出-集体福利、个人消费
2221001995应交税费-应交税金-应交增值税-进项税额转出-其他
2202001000应付账款-应付账款
2221001080应交税费-应交税金-个人所得税
2241下所有明细科目
1012011000其他货币资金-加油（气）站资金
1013001000内部存款-内部结算存款
2228001002应交境外税金-应交增值税-销项税额
2228011001应交境外税金-代扣代缴税-代扣代缴增值税
2228011002应交境外税金-代扣代缴税-代扣企业所得税
2228011998应交境外税金-代扣代缴税-其他
2228023000应交境外税金-预扣税",指企业发生的与生产经营活动无关的各种广告性质支出，通过填写费用报销单，以立即支付或挂账的方式进行结算,费用报销单,赞助支出结算汇总表,赞助物品明细表,西安中心,宋蒙蒙,正常,,
345,采购至应付,费用报销,A1_03_0001,费用报销,A02338,结算罚款支出,"6711010001营业外支出-罚款支出-商业性罚款
6711010002营业外支出-罚款支出-行政性罚款-税收罚款
6711010997营业外支出-罚款支出-行政性罚款-其他
6711010998营业外支出-罚款支出-其他
2221001003应交税费-应交税金-应交增值税-进项税额-进项税额
2228001004应交境外税金-应交增值税-进项税额","2221001009应交税费-应交税金-应交增值税-进项税额转出-集体福利、个人消费
2221001995应交税费-应交税金-应交增值税-进项税额转出-其他
2202001000应付账款-应付账款
2221001080应交税费-应交税金-个人所得税
2241下所有明细科目
1012011000其他货币资金-加油（气）站资金
1013001000内部存款-内部结算存款
2228001002应交境外税金-应交增值税-销项税额
2228011001应交境外税金-代扣代缴税-代扣代缴增值税
2228011002应交境外税金-代扣代缴税-代扣企业所得税
2228011998应交境外税金-代扣代缴税-其他
2228023000应交境外税金-预扣税",指企业由于违反经济合同、税收法规等规定而支付的各种罚款，通过填写费用报销单，以立即支付或挂账的方式进行结算,费用报销单,罚款支出结算汇总表,,西安中心,宋蒙蒙,正常,,
346,采购至应付,费用报销,A1_03_0001,费用报销,A02339,结算捐赠支出,"6711011001营业外支出-捐赠支出-非公益性捐赠
6711011002营业外支出-捐赠支出-公益性捐赠
2221001003应交税费-应交税金-应交增值税-进项税额-进项税额
2228001004应交境外税金-应交增值税-进项税额","2221001009应交税费-应交税金-应交增值税-进项税额转出-集体福利、个人消费
2221001995应交税费-应交税金-应交增值税-进项税额转出-其他
2202001000应付账款-应付账款
2221001080应交税费-应交税金-个人所得税
2241下所有明细科目
1012011000其他货币资金-加油（气）站资金
1013001000内部存款-内部结算存款
2228001002应交境外税金-应交增值税-销项税额
2228011001应交境外税金-代扣代缴税-代扣代缴增值税
2228011002应交境外税金-代扣代缴税-代扣企业所得税
2228011998应交境外税金-代扣代缴税-其他
2228023000应交境外税金-预扣税",指企业企业对外进行捐赠发生的支，可分为公益性和非公益性捐赠支出，通过填写费用报销单，以立即支付或挂账的方式进行结算,费用报销单,捐赠支出结算汇总表,捐赠物品明细表,西安中心,宋蒙蒙,正常,,
347,采购至应付,费用报销,A1_03_0001,费用报销,A02340,结算赔偿支出,"6711014000营业外支出-赔偿金
2221001003应交税费-应交税金-应交增值税-进项税额-进项税额
2228001004应交境外税金-应交增值税-进项税额","2221001009应交税费-应交税金-应交增值税-进项税额转出-集体福利、个人消费
2221001995应交税费-应交税金-应交增值税-进项税额转出-其他
2202001000应付账款-应付账款
2221001080应交税费-应交税金-个人所得税
2241下所有明细科目
1012011000其他货币资金-加油（气）站资金
1013001000内部存款-内部结算存款
2228001002应交境外税金-应交增值税-销项税额
2228011001应交境外税金-代扣代缴税-代扣代缴增值税
2228011002应交境外税金-代扣代缴税-代扣企业所得税
2228011998应交境外税金-代扣代缴税-其他
2228023000应交境外税金-预扣税",指企业支付的企业赔偿款支出，通过填写费用报销单，以立即支付或挂账的方式进行结算,费用报销单,赔偿支出结算汇总表,,西安中心,宋蒙蒙,正常,,
348,采购至应付,费用报销,A1_03_0001,费用报销,A02341,结算违约支出,"6711015000营业外支出-违约金
2221001003应交税费-应交税金-应交增值税-进项税额-进项税额
2228001004应交境外税金-应交增值税-进项税额","2221001009应交税费-应交税金-应交增值税-进项税额转出-集体福利、个人消费
2221001995应交税费-应交税金-应交增值税-进项税额转出-其他
2202001000应付账款-应付账款
2221001080应交税费-应交税金-个人所得税
2241下所有明细科目
1012011000其他货币资金-加油（气）站资金
1013001000内部存款-内部结算存款
2228001002应交境外税金-应交增值税-销项税额
2228011001应交境外税金-代扣代缴税-代扣代缴增值税
2228011002应交境外税金-代扣代缴税-代扣企业所得税
2228011998应交境外税金-代扣代缴税-其他
2228023000应交境外税金-预扣税",指企业支付的企业违约金支出，通过填写费用报销单，以立即支付或挂账的方式进行结算,费用报销单,违约支出结算汇总表,,西安中心,宋蒙蒙,正常,,
349,采购至应付,费用报销,A1_03_0001,费用报销,A02342,结算自然灾害及客观因素造成的损失费用,"6711004001营业外支出-非常损失-因不可抗力因素而产生的非常损失
6711004998营业外支出-非常损失-其他
2221001003应交税费-应交税金-应交增值税-进项税额-进项税额
2228001004应交境外税金-应交增值税-进项税额","2221001009应交税费-应交税金-应交增值税-进项税额转出-集体福利、个人消费
2221001995应交税费-应交税金-应交增值税-进项税额转出-其他
2202001000应付账款-应付账款
2221001080应交税费-应交税金-个人所得税
2241下所有明细科目
1012011000其他货币资金-加油（气）站资金
1013001000内部存款-内部结算存款
2228001002应交境外税金-应交增值税-销项税额
2228011001应交境外税金-代扣代缴税-代扣代缴增值税
2228011002应交境外税金-代扣代缴税-代扣企业所得税
2228011998应交境外税金-代扣代缴税-其他
2228023000应交境外税金-预扣税",指由于意外损失或地震等自然灾害造成的损失及各项相关支出，通过填写费用报销单，以立即支付或挂账的方式进行结算,费用报销单,自然灾害及客观因素造成的损失结算汇总表,,西安中心,宋蒙蒙,正常,,
350,采购至应付,费用报销,A1_03_0001,费用报销,A02343,结算招标投标费,"5047440000招标投标费
2221001003应交税费-应交税金-应交增值税-进项税额-进项税额
2228001004应交境外税金-应交增值税-进项税额","2221001009应交税费-应交税金-应交增值税-进项税额转出-集体福利、个人消费
2221001995应交税费-应交税金-应交增值税-进项税额转出-其他
2202001000应付账款-应付账款
2221001080应交税费-应交税金-个人所得税
2241下所有明细科目
1012011000其他货币资金-加油（气）站资金
1013001000内部存款-内部结算存款
2228001002应交境外税金-应交增值税-销项税额
2228011001应交境外税金-代扣代缴税-代扣代缴增值税
2228011002应交境外税金-代扣代缴税-代扣企业所得税
2228011998应交境外税金-代扣代缴税-其他
2228023000应交境外税金-预扣税",指企业按照标书内容对设计、施工、设备采购、工程监理、调试等承包项目进行招标所发生的费用，通过填写费用报销单，以立即支付或挂账的方式进行结算,费用报销单,招标投标结算汇总表,,西安中心,宋蒙蒙,正常,,
351,采购至应付,费用报销,A1_03_0001,费用报销,A02344,结算招聘费,"5047390000招聘费
2228001004应交境外税金-应交增值税-进项税额","2221001009应交税费-应交税金-应交增值税-进项税额转出-集体福利、个人消费
2221001995应交税费-应交税金-应交增值税-进项税额转出-其他
2202001000应付账款-应付账款
2221001080应交税费-应交税金-个人所得税
2241下所有明细科目
1012011000其他货币资金-加油（气）站资金
1013001000内部存款-内部结算存款
2228001002应交境外税金-应交增值税-销项税额
2228011001应交境外税金-代扣代缴税-代扣代缴增值税
2228011002应交境外税金-代扣代缴税-代扣企业所得税
2228011998应交境外税金-代扣代缴税-其他
2228023000应交境外税金-预扣税",指企业人力资源部门在员工招聘过程中发生的各项费用，通过填写费用报销单，以立即支付或挂账的方式进行结算,费用报销单,招聘费结算汇总表,,西安中心,刘婧,正常,,
352,采购至应付,费用报销,A1_03_0001,费用报销,A02345,结算整理挑选费,"5047410000整理挑选费
2221001003应交税费-应交税金-应交增值税-进项税额-进项税额
2228001004应交境外税金-应交增值税-进项税额","2221001009应交税费-应交税金-应交增值税-进项税额转出-集体福利、个人消费
2221001995应交税费-应交税金-应交增值税-进项税额转出-其他
2202001000应付账款-应付账款
2221001080应交税费-应交税金-个人所得税
2241下所有明细科目
1012011000其他货币资金-加油（气）站资金
1013001000内部存款-内部结算存款
2228001002应交境外税金-应交增值税-销项税额
2228011001应交境外税金-代扣代缴税-代扣代缴增值税
2228011002应交境外税金-代扣代缴税-代扣企业所得税
2228011998应交境外税金-代扣代缴税-其他
2228023000应交境外税金-预扣税",是指企业各部门日常发生的整理挑选费，通过填写费用报销单，以立即支付或挂账的方式进行结算,费用报销单,整理挑选费结算汇总表,,西安中心,宋蒙蒙,正常,,
353,采购至应付,费用报销,A1_03_0001,费用报销,A02346,结算企业搬迁费,"6711012000营业外支出-企业搬迁费
2221001003应交税费-应交税金-应交增值税-进项税额-进项税额
2228001004应交境外税金-应交增值税-进项税额","2221001009应交税费-应交税金-应交增值税-进项税额转出-集体福利、个人消费
2221001995应交税费-应交税金-应交增值税-进项税额转出-其他
2202001000应付账款-应付账款
2221001080应交税费-应交税金-个人所得税
2241下所有明细科目
1012011000其他货币资金-加油（气）站资金
1013001000内部存款-内部结算存款
2228001002应交境外税金-应交增值税-销项税额
2228011001应交境外税金-代扣代缴税-代扣代缴增值税
2228011002应交境外税金-代扣代缴税-代扣企业所得税
2228011998应交境外税金-代扣代缴税-其他
2228023000应交境外税金-预扣税",是指企业搬迁期间所发生的各项费用，包括安置职工实际发生的费用、停工期间支付给职工的工资及福利费、临时存放搬迁资产而发生的费用、各类资产搬迁安装费用以及其他与搬迁相关的费用，通过填写费用报销单，以立即支付或挂账的方式进行结算,费用报销单,企业搬迁费结算汇总表,,西安中心,刘婧,正常,,
354,采购至应付,费用报销,A1_03_0001,费用报销,A02347,结算政府返还补助支出,"6711017000营业外支出-返还的政府补助支出
2221001003应交税费-应交税金-应交增值税-进项税额-进项税额
2228001004应交境外税金-应交增值税-进项税额","2221001009应交税费-应交税金-应交增值税-进项税额转出-集体福利、个人消费
2221001995应交税费-应交税金-应交增值税-进项税额转出-其他
2202001000应付账款-应付账款
2221001080应交税费-应交税金-个人所得税
2241下所有明细科目
1012011000其他货币资金-加油（气）站资金
1013001000内部存款-内部结算存款
2228001002应交境外税金-应交增值税-销项税额
2228011001应交境外税金-代扣代缴税-代扣代缴增值税
2228011002应交境外税金-代扣代缴税-代扣企业所得税
2228011998应交境外税金-代扣代缴税-其他
2228023000应交境外税金-预扣税",是指企业收到政府返还税款或者补贴等款项后，发生的转款支出，通过填写费用报销单，以立即支付或挂账的方式进行结算,费用报销单,政府返还补助支出结算汇总表,,西安中心,宋蒙蒙,正常,,
355,采购至应付,费用报销,A1_03_0001,费用报销,A02348,结算维稳费用,"6711022998营业外支出-维稳支出-其他
2221001003应交税费-应交税金-应交增值税-进项税额-进项税额
2228001004应交境外税金-应交增值税-进项税额","2221001009应交税费-应交税金-应交增值税-进项税额转出-集体福利、个人消费
2221001995应交税费-应交税金-应交增值税-进项税额转出-其他
2202001000应付账款-应付账款
2221001080应交税费-应交税金-个人所得税
2241下所有明细科目
1012011000其他货币资金-加油（气）站资金
1013001000内部存款-内部结算存款
2228001002应交境外税金-应交增值税-销项税额
2228011001应交境外税金-代扣代缴税-代扣代缴增值税
2228011002应交境外税金-代扣代缴税-代扣企业所得税
2228011998应交境外税金-代扣代缴税-其他
2228023000应交境外税金-预扣税",是指企业由于维护社会稳定而发生的各项支出，通过填写费用报销单，以立即支付或挂账的方式进行结算,费用报销单,维稳支出结算汇总表,,西安中心,宋蒙蒙,正常,,
356,采购至应付,费用报销,A1_03_0001,费用报销,A02349,发放未向企业提供服务的有偿解除劳动合同的人员费用,"6711022001营业外支出-维稳支出-未向企业提供服务的有偿解除劳动合同的人员费用
2221001003应交税费-应交税金-应交增值税-进项税额-进项税额
2228001004应交境外税金-应交增值税-进项税额","2221001009应交税费-应交税金-应交增值税-进项税额转出-集体福利、个人消费
2221001995应交税费-应交税金-应交增值税-进项税额转出-其他
2202001000应付账款-应付账款
2221001080应交税费-应交税金-个人所得税
2241下所有明细科目
1012011000其他货币资金-加油（气）站资金
1013001000内部存款-内部结算存款
2228001002应交境外税金-应交增值税-销项税额
2228011001应交境外税金-代扣代缴税-代扣代缴增值税
2228011002应交境外税金-代扣代缴税-代扣企业所得税
2228011998应交境外税金-代扣代缴税-其他
2228023000应交境外税金-预扣税",是指未向企业提供服务的有偿解除劳动合同的人员发生的各项费用，通过填写费用报销单，以立即支付或挂账的方式进行结算,费用报销单,未向企业提供服务的有偿解除劳动合同的人员费用结算汇总表,未向企业提供服务的有偿解除劳动合同的人员支出发放明细表,西安中心,宋蒙蒙,正常,,
357,采购至应付,费用报销,A1_03_0001,费用报销,A02350,结算有偿解除劳动合同人员支出,"6711023000营业外支出-其他有偿解除劳动合同人员支出
2221001003应交税费-应交税金-应交增值税-进项税额-进项税额
2228001004应交境外税金-应交增值税-进项税额","2221001009应交税费-应交税金-应交增值税-进项税额转出-集体福利、个人消费
2221001995应交税费-应交税金-应交增值税-进项税额转出-其他
2202001000应付账款-应付账款
2221001080应交税费-应交税金-个人所得税
2241下所有明细科目
1012011000其他货币资金-加油（气）站资金
1013001000内部存款-内部结算存款
2228001002应交境外税金-应交增值税-销项税额
2228011001应交境外税金-代扣代缴税-代扣代缴增值税
2228011002应交境外税金-代扣代缴税-代扣企业所得税
2228011998应交境外税金-代扣代缴税-其他
2228023000应交境外税金-预扣税",是指企业承担的有偿解除劳动合同人员、退养家属等人群的各项支出，通过填写费用报销单，以立即支付或挂账的方式进行结算,费用报销单,有偿解除劳动合同人员支出结算汇总表,有偿解除劳动合同人员支出发放明细表,西安中心,宋蒙蒙,正常,,
358,采购至应付,费用报销,A1_03_0001,费用报销,A02351,结算遗属生活补助,"6711024000营业外支出-支付给非本公司员工的支出
2221001003应交税费-应交税金-应交增值税-进项税额-进项税额
2228001004应交境外税金-应交增值税-进项税额","2221001009应交税费-应交税金-应交增值税-进项税额转出-集体福利、个人消费
2221001995应交税费-应交税金-应交增值税-进项税额转出-其他
2202001000应付账款-应付账款
2221001080应交税费-应交税金-个人所得税
2241下所有明细科目
1012011000其他货币资金-加油（气）站资金
1013001000内部存款-内部结算存款
2228001002应交境外税金-应交增值税-销项税额
2228011001应交境外税金-代扣代缴税-代扣代缴增值税
2228011002应交境外税金-代扣代缴税-代扣企业所得税
2228011998应交境外税金-代扣代缴税-其他
2228023000应交境外税金-预扣税",是指企业提供给已故员工遗属的生活补助等支出，通过填写费用报销单，以立即支付或挂账的方式进行结算,费用报销单,遗属生活补助结算汇总表,遗属费用明细表,西安中心,宋蒙蒙,正常,,
359,采购至应付,费用报销,A1_03_0001,费用报销,A02352,结算支付给非本公司员工的支出,"1221998000其他应收款-其他
6711024000营业外支出-支付给非本公司员工的支出
2221001003应交税费-应交税金-应交增值税-进项税额-进项税额
2228001004应交境外税金-应交增值税-进项税额","2221001009应交税费-应交税金-应交增值税-进项税额转出-集体福利、个人消费
2221001995应交税费-应交税金-应交增值税-进项税额转出-其他
2202001000应付账款-应付账款
2221001080应交税费-应交税金-个人所得税
2241下所有明细科目
1012011000其他货币资金-加油（气）站资金
1013001000内部存款-内部结算存款
2228001002应交境外税金-应交增值税-销项税额
2228011001应交境外税金-代扣代缴税-代扣代缴增值税
2228011002应交境外税金-代扣代缴税-代扣企业所得税
2228011998应交境外税金-代扣代缴税-其他
2228023000应交境外税金-预扣税",是指企业承担的非本企业员工费用而发生的各项支出，通过填写费用报销单，以立即支付或挂账的方式进行结算,费用报销单,支付给非本公司员工的支出结算汇总表,支付给非本公司员工的支出明细表,西安中心,宋蒙蒙,正常,,
360,采购至应付,费用报销,A1_03_0001,费用报销,A02353,结算社会再就业补助金,"6711025000营业外支出-社会再就业补助金
2221001003应交税费-应交税金-应交增值税-进项税额-进项税额
2228001004应交境外税金-应交增值税-进项税额","2221001009应交税费-应交税金-应交增值税-进项税额转出-集体福利、个人消费
2221001995应交税费-应交税金-应交增值税-进项税额转出-其他
2202001000应付账款-应付账款
2221001080应交税费-应交税金-个人所得税
2241下所有明细科目
1012011000其他货币资金-加油（气）站资金
1013001000内部存款-内部结算存款
2228001002应交境外税金-应交增值税-销项税额
2228011001应交境外税金-代扣代缴税-代扣代缴增值税
2228011002应交境外税金-代扣代缴税-代扣企业所得税
2228011998应交境外税金-代扣代缴税-其他
2228023000应交境外税金-预扣税",是指企业承担的用于员工促进再次就业创业的补助金支出，通过填写费用报销单，以立即支付或挂账的方式进行结算,费用报销单,社会再就业补助金结算汇总表,社会再就业人员明细表,西安中心,宋蒙蒙,正常,,
361,采购至应付,费用报销,A1_03_0001,费用报销,A02354,结算专利申请费,"5046020000专利申请费
6711007002营业外支出-滞纳金-其他滞纳金
2221001003应交税费-应交税金-应交增值税-进项税额-进项税额
2228001004应交境外税金-应交增值税-进项税额","2221001009应交税费-应交税金-应交增值税-进项税额转出-集体福利、个人消费
2221001995应交税费-应交税金-应交增值税-进项税额转出-其他
2202001000应付账款-应付账款
2221001080应交税费-应交税金-个人所得税
2241下所有明细科目
1012011000其他货币资金-加油（气）站资金
1013001000内部存款-内部结算存款
2228001002应交境外税金-应交增值税-销项税额
2228011001应交境外税金-代扣代缴税-代扣代缴增值税
2228011002应交境外税金-代扣代缴税-代扣企业所得税
2228011998应交境外税金-代扣代缴税-其他
2228023000应交境外税金-预扣税",是指企业各部门日常发生的专利申请费，通过填写费用报销单，以立即支付或挂账的方式进行结算,费用报销单,专利申请费结算汇总表,,西安中心,宋蒙蒙,正常,,
362,采购至应付,费用报销,A1_03_0001,费用报销,A02355,结算专利维护费,"5046010000专利维护费
2221001003应交税费-应交税金-应交增值税-进项税额-进项税额
2228001004应交境外税金-应交增值税-进项税额","2221001009应交税费-应交税金-应交增值税-进项税额转出-集体福利、个人消费
2221001995应交税费-应交税金-应交增值税-进项税额转出-其他
2202001000应付账款-应付账款
2221001080应交税费-应交税金-个人所得税
2241下所有明细科目
1012011000其他货币资金-加油（气）站资金
1013001000内部存款-内部结算存款
2228001002应交境外税金-应交增值税-销项税额
2228011001应交境外税金-代扣代缴税-代扣代缴增值税
2228011002应交境外税金-代扣代缴税-代扣企业所得税
2228011998应交境外税金-代扣代缴税-其他
2228023000应交境外税金-预扣税",是指企业各部门日常发生的专利维护费，通过填写费用报销单，以立即支付或挂账的方式进行结算,费用报销单,专利维护费结算汇总表,,西安中心,宋蒙蒙,正常,,
363,采购至应付,费用报销,A1_03_0001,费用报销,A02356,结算装卸费,"5044030000装卸费
2221001003应交税费-应交税金-应交增值税-进项税额-进项税额
2228001004应交境外税金-应交增值税-进项税额","2221001009应交税费-应交税金-应交增值税-进项税额转出-集体福利、个人消费
2221001995应交税费-应交税金-应交增值税-进项税额转出-其他
2202001000应付账款-应付账款
2221001080应交税费-应交税金-个人所得税
2241下所有明细科目
1012011000其他货币资金-加油（气）站资金
1013001000内部存款-内部结算存款
2228001002应交境外税金-应交增值税-销项税额
2228011001应交境外税金-代扣代缴税-代扣代缴增值税
2228011002应交境外税金-代扣代缴税-代扣企业所得税
2228011998应交境外税金-代扣代缴税-其他
2228023000应交境外税金-预扣税",是指企业各部门日常发生的装卸费，通过填写费用报销单，以立即支付或挂账的方式进行结算。,费用报销单,装卸费结算汇总表,,大庆中心,吴月明,正常,,
364,采购至应付,费用报销,A1_03_0001,费用报销,A02357,结算法律费用,"5026010100咨询审计费-法律费-聘请中介机构费
5026010298咨询审计费-法律费-其他
2221001003应交税费-应交税金-应交增值税-进项税额-进项税额
2228001004应交境外税金-应交增值税-进项税额","2221001009应交税费-应交税金-应交增值税-进项税额转出-集体福利、个人消费
2221001995应交税费-应交税金-应交增值税-进项税额转出-其他
2202001000应付账款-应付账款
2221001080应交税费-应交税金-个人所得税
2241下所有明细科目
1012011000其他货币资金-加油（气）站资金
1013001000内部存款-内部结算存款
2228001002应交境外税金-应交增值税-销项税额
2228011001应交境外税金-代扣代缴税-代扣代缴增值税
2228011002应交境外税金-代扣代缴税-代扣企业所得税
2228011998应交境外税金-代扣代缴税-其他
2228023000应交境外税金-预扣税",是指企业各部门日常发生的法律费用，通过填写费用报销单，以立即支付或挂账的方式进行结算,费用报销单,法律费用结算汇总表,,西安中心,宋蒙蒙,正常,,
365,采购至应付,费用报销,A1_03_0001,费用报销,A02358,结算评估费,"5026020100咨询审计费-评估费-聘请中介机构费
5026020298咨询审计费-评估费-其他
2221001003应交税费-应交税金-应交增值税-进项税额-进项税额
2228001004应交境外税金-应交增值税-进项税额","2221001009应交税费-应交税金-应交增值税-进项税额转出-集体福利、个人消费
2221001995应交税费-应交税金-应交增值税-进项税额转出-其他
2202001000应付账款-应付账款
2221001080应交税费-应交税金-个人所得税
2241下所有明细科目
1012011000其他货币资金-加油（气）站资金
1013001000内部存款-内部结算存款
2228001002应交境外税金-应交增值税-销项税额
2228011001应交境外税金-代扣代缴税-代扣代缴增值税
2228011002应交境外税金-代扣代缴税-代扣企业所得税
2228011998应交境外税金-代扣代缴税-其他
2228023000应交境外税金-预扣税",是指企业各部门日常发生的咨询评估费，通过填写费用报销单，以立即支付或挂账的方式进行结算,费用报销单,评估费结算汇总表,,西安中心,宋蒙蒙,正常,,
366,采购至应付,费用报销,A1_03_0001,费用报销,A02359,结算审计费,"5026030101咨询审计费-审计费-聘请中介机构费-年度决算审计费用
5026030102咨询审计费-审计费-聘请中介机构费-专项审计费
5026030198咨询审计费-审计费-聘请中介机构费-其他
5026030298咨询审计费-审计费-其他
2221001003应交税费-应交税金-应交增值税-进项税额-进项税额
2228001004应交境外税金-应交增值税-进项税额","2221001009应交税费-应交税金-应交增值税-进项税额转出-集体福利、个人消费
2221001995应交税费-应交税金-应交增值税-进项税额转出-其他
2202001000应付账款-应付账款
2221001080应交税费-应交税金-个人所得税
2241下所有明细科目
1012011000其他货币资金-加油（气）站资金
1013001000内部存款-内部结算存款
2228001002应交境外税金-应交增值税-销项税额
2228011001应交境外税金-代扣代缴税-代扣代缴增值税
2228011002应交境外税金-代扣代缴税-代扣企业所得税
2228011998应交境外税金-代扣代缴税-其他
2228023000应交境外税金-预扣税",是指企业各部门日常发生的咨询审计费，通过填写费用报销单，以立即支付或挂账的方式进行结算,费用报销单,审计费结算汇总表,,西安中心,宋蒙蒙,正常,,
367,采购至应付,费用报销,A1_03_0001,费用报销,A02360,结算市场调查费,"5026050100 咨询审计费-市场调查费-聘请中介机构费 
5026050298 咨询审计费-市场调查费-其他
2221001003应交税费-应交税金-应交增值税-进项税额-进项税额
2228001004应交境外税金-应交增值税-进项税额","2221001009应交税费-应交税金-应交增值税-进项税额转出-集体福利、个人消费
2221001995应交税费-应交税金-应交增值税-进项税额转出-其他
2202001000应付账款-应付账款
2221001080应交税费-应交税金-个人所得税
2241下所有明细科目
1012011000其他货币资金-加油（气）站资金
1013001000内部存款-内部结算存款
2228001002应交境外税金-应交增值税-销项税额
2228011001应交境外税金-代扣代缴税-代扣代缴增值税
2228011002应交境外税金-代扣代缴税-代扣企业所得税
2228011998应交境外税金-代扣代缴税-其他
2228023000应交境外税金-预扣税",是指企业各部门日常发生的市场调查费，通过填写费用报销单，以立即支付或挂账的方式进行结算,费用报销单,市场调查结算汇总表,,西安中心,宋蒙蒙,正常,,
368,采购至应付,费用报销,A1_03_0001,费用报销,A02361,结算咨询费,"5026060100咨询审计费-咨询费-专家咨询费
5026060200咨询审计费-咨询费-聘请中介机构费
5026060398咨询审计费-咨询费-其他
2221001003应交税费-应交税金-应交增值税-进项税额-进项税额
2228001004应交境外税金-应交增值税-进项税额","2221001009应交税费-应交税金-应交增值税-进项税额转出-集体福利、个人消费
2221001995应交税费-应交税金-应交增值税-进项税额转出-其他
2202001000应付账款-应付账款
2221001080应交税费-应交税金-个人所得税
2241下所有明细科目
1012011000其他货币资金-加油（气）站资金
1013001000内部存款-内部结算存款
2228001002应交境外税金-应交增值税-销项税额
2228011001应交境外税金-代扣代缴税-代扣代缴增值税
2228011002应交境外税金-代扣代缴税-代扣企业所得税
2228011998应交境外税金-代扣代缴税-其他
2228023000应交境外税金-预扣税",是指企业各部门日常发生的市场咨询费，通过填写费用报销单，以立即支付或挂账的方式进行结算,费用报销单,咨询费结算汇总表,咨询专家明细表,西安中心,宋蒙蒙,正常,,
369,采购至应付,费用报销,A1_03_0001,费用报销,A02362,结算公证认证费,"5047500000公证认证费
2221001003应交税费-应交税金-应交增值税-进项税额-进项税额
2228001004应交境外税金-应交增值税-进项税额","2221001009应交税费-应交税金-应交增值税-进项税额转出-集体福利、个人消费
2221001995应交税费-应交税金-应交增值税-进项税额转出-其他
2202001000应付账款-应付账款
2221001080应交税费-应交税金-个人所得税
2241下所有明细科目
1012011000其他货币资金-加油（气）站资金
1013001000内部存款-内部结算存款
2228001002应交境外税金-应交增值税-销项税额
2228011001应交境外税金-代扣代缴税-代扣代缴增值税
2228011002应交境外税金-代扣代缴税-代扣企业所得税
2228011998应交境外税金-代扣代缴税-其他
2228023000应交境外税金-预扣税",是指企业各部门日常发生的公证认证费，通过填写费用报销单，以立即支付或挂账的方式进行结算,费用报销单,公证认证费结算汇总表,,西安中心,宋蒙蒙,正常,,
370,采购至应付,费用报销,A1_03_0001,费用报销,A02363,结算论证费,"5044080000论证费
2221001003应交税费-应交税金-应交增值税-进项税额-进项税额
2228001004应交境外税金-应交增值税-进项税额","2221001009应交税费-应交税金-应交增值税-进项税额转出-集体福利、个人消费
2221001995应交税费-应交税金-应交增值税-进项税额转出-其他
2202001000应付账款-应付账款
2221001080应交税费-应交税金-个人所得税
2241下所有明细科目
1012011000其他货币资金-加油（气）站资金
1013001000内部存款-内部结算存款
2228001002应交境外税金-应交增值税-销项税额
2228011001应交境外税金-代扣代缴税-代扣代缴增值税
2228011002应交境外税金-代扣代缴税-代扣企业所得税
2228011998应交境外税金-代扣代缴税-其他
2228023000应交境外税金-预扣税",是指企业各部门日常发生的论证费，通过填写费用报销单，以立即支付或挂账的方式进行结算,费用报销单,论证费结算汇总表,科技成果费用明细表,西安中心,宋蒙蒙,正常,,
371,采购至应付,费用报销,A1_03_0001,费用报销,A02364,结算验收费,"5047460000验收费
2221001003应交税费-应交税金-应交增值税-进项税额-进项税额
2228001004应交境外税金-应交增值税-进项税额","2221001009应交税费-应交税金-应交增值税-进项税额转出-集体福利、个人消费
2221001995应交税费-应交税金-应交增值税-进项税额转出-其他
2202001000应付账款-应付账款
2221001080应交税费-应交税金-个人所得税
2241下所有明细科目
1012011000其他货币资金-加油（气）站资金
1013001000内部存款-内部结算存款
2228001002应交境外税金-应交增值税-销项税额
2228011001应交境外税金-代扣代缴税-代扣代缴增值税
2228011002应交境外税金-代扣代缴税-代扣企业所得税
2228011998应交境外税金-代扣代缴税-其他
2228023000应交境外税金-预扣税",是指企业各部门日常发生的验收费，通过填写费用报销单，以立即支付或挂账的方式进行结算,费用报销单,验收费结算汇总表,科技成果费用明细表,西安中心,宋蒙蒙,正常,,
372,采购至应付,费用报销,A1_03_0001,费用报销,A02365,结算尽职调查费（金融专用）,"5026070100咨询审计费-尽职调查费-财务尽调费
5026070200咨询审计费-尽职调查费-法律尽调费
5026070300咨询审计费-尽职调查费-商业尽调费
5026070498咨询审计费-尽职调查费-其他尽调费
2221001003应交税费-应交税金-应交增值税-进项税额-进项税额
2228001004应交境外税金-应交增值税-进项税额","2221001009应交税费-应交税金-应交增值税-进项税额转出-集体福利、个人消费
2221001995应交税费-应交税金-应交增值税-进项税额转出-其他
2202001000应付账款-应付账款
2221001080应交税费-应交税金-个人所得税
2241下所有明细科目
1012011000其他货币资金-加油（气）站资金
1013001000内部存款-内部结算存款
2228001002应交境外税金-应交增值税-销项税额
2228011001应交境外税金-代扣代缴税-代扣代缴增值税
2228011002应交境外税金-代扣代缴税-代扣企业所得税
2228011998应交境外税金-代扣代缴税-其他
2228023000应交境外税金-预扣税",是指金融板块企业委托第三方有资质机构进行尽职调查发生的费用，通过填写费用报销单，以立即支付或挂账的方式进行结算,费用报销单,尽职调查费结算汇总表,,西安中心,宋蒙蒙,正常,,
373,采购至应付,费用报销,A1_03_0001,费用报销,A02366,结算处理产成品损失支出,"6711002000营业外支出-处理产成品损失
2221001003应交税费-应交税金-应交增值税-进项税额-进项税额
2228001004应交境外税金-应交增值税-进项税额","2221001009应交税费-应交税金-应交增值税-进项税额转出-集体福利、个人消费
2221001995应交税费-应交税金-应交增值税-进项税额转出-其他
2202001000应付账款-应付账款
2221001080应交税费-应交税金-个人所得税
2241下所有明细科目
1012011000其他货币资金-加油（气）站资金
1013001000内部存款-内部结算存款
2228001002应交境外税金-应交增值税-销项税额
2228011001应交境外税金-代扣代缴税-代扣代缴增值税
2228011002应交境外税金-代扣代缴税-代扣企业所得税
2228011998应交境外税金-代扣代缴税-其他
2228023000应交境外税金-预扣税",是指产成品是由于意外或是自然灾害等原因损毁而发生的相关支出，通过填写费用报销单，以立即支付或挂账的方式进行结算,费用报销单,处理产成品损失结算汇总表,,西安中心,刘婧,正常,,
374,采购至应付,费用报销,A1_03_0001,费用报销,A02391,报销驾驶员运行费,"5047680000车辆服务费
2221001003应交税费-应交税金-应交增值税-进项税额-进项税额
2228001004应交境外税金-应交增值税-进项税额","2221001009应交税费-应交税金-应交增值税-进项税额转出-集体福利、个人消费
2221001995应交税费-应交税金-应交增值税-进项税额转出-其他
2202001000应付账款-应付账款
2221001080应交税费-应交税金-个人所得税
2241下所有明细科目
1012011000其他货币资金-加油（气）站资金
1013001000内部存款-内部结算存款
2228001002应交境外税金-应交增值税-销项税额
2228011001应交境外税金-代扣代缴税-代扣代缴增值税
2228011002应交境外税金-代扣代缴税-代扣企业所得税
2228011998应交境外税金-代扣代缴税-其他
2228023000应交境外税金-预扣税",是指公务车辆使用过程中发生的停车费、洗车费，通过填写费用报销单，以立即支付或挂账的方式进行结算,费用报销单,驾驶员运行费结算汇总表,,大庆中心,夏天,正常,,
375,采购至应付,费用报销,A1_03_0001,费用报销,A02401,结算制作装订费,"5023090098办公费-其他办公费用
2221001003应交税费-应交税金-应交增值税-进项税额-进项税额
2228001004应交境外税金-应交增值税-进项税额","2221001009应交税费-应交税金-应交增值税-进项税额转出-集体福利、个人消费
2221001995应交税费-应交税金-应交增值税-进项税额转出-其他
2202001000应付账款-应付账款
2221001080应交税费-应交税金-个人所得税
2241下所有明细科目
1012011000其他货币资金-加油（气）站资金
1013001000内部存款-内部结算存款
2228001002应交境外税金-应交增值税-销项税额
2228011001应交境外税金-代扣代缴税-代扣代缴增值税
2228011002应交境外税金-代扣代缴税-代扣企业所得税
2228011998应交境外税金-代扣代缴税-其他
2228023000应交境外税金-预扣税",是指企业委托第三方单位提供退休人员档案社会化移交服务发生的各项服务费用支出，通过填写费用报销单，以立即支付或挂账的方式进行结算,费用报销单,制作装订费结算汇总表,,大庆中心,夏天,正常,,
376,采购至应付,费用报销,A1_03_0001,费用报销,A02395,结算代管企业离退人员代管费,"5048180000离退休人员费用
2221001003应交税费-应交税金-应交增值税-进项税额-进项税额
2228001004应交境外税金-应交增值税-进项税额","2221001009应交税费-应交税金-应交增值税-进项税额转出-集体福利、个人消费
2221001995应交税费-应交税金-应交增值税-进项税额转出-其他
2202001000应付账款-应付账款
2221001080应交税费-应交税金-个人所得税
2241下所有明细科目
1012011000其他货币资金-加油（气）站资金
1013001000内部存款-内部结算存款
2228001002应交境外税金-应交增值税-销项税额
2228011001应交境外税金-代扣代缴税-代扣代缴增值税
2228011002应交境外税金-代扣代缴税-代扣企业所得税
2228011998应交境外税金-代扣代缴税-其他
2228023000应交境外税金-预扣税",是指企业根据委托协议代管的离退休人员相关的费用支出，通过填写费用报销单，以立即支付或挂账的方式进行结算,费用报销单,代管企业离退人员代管费结算汇总表,,大庆中心,夏天,正常,,
377,采购至应付,费用报销,A1_03_0001,费用报销,A02370,结算固定资产清理支出,"1606000000固定资产清理
2221001003应交税费-应交税金-应交增值税-进项税额-进项税额
2228001004应交境外税金-应交增值税-进项税额","2221001009应交税费-应交税金-应交增值税-进项税额转出-集体福利、个人消费
2221001995应交税费-应交税金-应交增值税-进项税额转出-其他
2202001000应付账款-应付账款
2221001080应交税费-应交税金-个人所得税
2241下所有明细科目
1012011000其他货币资金-加油（气）站资金
1013001000内部存款-内部结算存款
2228001002应交境外税金-应交增值税-销项税额
2228011001应交境外税金-代扣代缴税-代扣代缴增值税
2228011002应交境外税金-代扣代缴税-代扣企业所得税
2228011998应交境外税金-代扣代缴税-其他
2228023000应交境外税金-预扣税",是指企业发生的与固定资产清理相关的支出，通过填写费用报销单，以立即支付或挂账的方式进行结算,费用报销单,固定资产清理支出结算汇总表,"固定资产报废鉴定表、
复合型资产报废明细表",西安中心,宋蒙蒙,正常,,
378,采购至应付,费用报销,A1_03_0001,费用报销,A02371,结算总部支持服务费,"5044120000总部支持服务费
2221001003应交税费-应交税金-应交增值税-进项税额-进项税额
2228001004应交境外税金-应交增值税-进项税额","2221001009应交税费-应交税金-应交增值税-进项税额转出-集体福利、个人消费
2221001995应交税费-应交税金-应交增值税-进项税额转出-其他
2202001000应付账款-应付账款
2221001080应交税费-应交税金-个人所得税
2241下所有明细科目
1012011000其他货币资金-加油（气）站资金
1013001000内部存款-内部结算存款
2228001002应交境外税金-应交增值税-销项税额
2228011001应交境外税金-代扣代缴税-代扣代缴增值税
2228011002应交境外税金-代扣代缴税-代扣企业所得税
2228011998应交境外税金-代扣代缴税-其他
2228023000应交境外税金-预扣税",是指集团公司总部为所属企业提供支持服务、协助所属企业开展生产经营工作，定期收取总部支持服务费，通过填写费用报销单，以立即支付或挂账的方式进行结算,费用报销单,总部支持服务费结算汇总表,,西安中心,刘静,正常,,
379,采购至应付,费用报销,A1_03_0001,费用报销,A02384,结算年金账户管理费,"5098000000其他费用
2221001003应交税费-应交税金-应交增值税-进项税额-进项税额
2228001004应交境外税金-应交增值税-进项税额","2221001009应交税费-应交税金-应交增值税-进项税额转出-集体福利、个人消费
2221001995应交税费-应交税金-应交增值税-进项税额转出-其他
2202001000应付账款-应付账款
2221001080应交税费-应交税金-个人所得税
2241下所有明细科目
1012011000其他货币资金-加油（气）站资金
1013001000内部存款-内部结算存款
2228001002应交境外税金-应交增值税-销项税额
2228011001应交境外税金-代扣代缴税-代扣代缴增值税
2228011002应交境外税金-代扣代缴税-代扣企业所得税
2228011998应交境外税金-代扣代缴税-其他
2228023000应交境外税金-预扣税",是指企业结算年金账户管理费，通过填写费用报销单，以立即支付或挂账的方式进行结算,费用报销单,年金账户管理费结算汇总表,,成都中心,叶田,正常,,
380,采购至应付,费用报销,A1_03_0001,费用报销,A02386,结算无损检测费,"5047030000检测费
2221001003应交税费-应交税金-应交增值税-进项税额-进项税额
2228001004应交境外税金-应交增值税-进项税额","2221001009应交税费-应交税金-应交增值税-进项税额转出-集体福利、个人消费
2221001995应交税费-应交税金-应交增值税-进项税额转出-其他
2202001000应付账款-应付账款
2221001080应交税费-应交税金-个人所得税
2241下所有明细科目
1012011000其他货币资金-加油（气）站资金
1013001000内部存款-内部结算存款
2228001002应交境外税金-应交增值税-销项税额
2228011001应交境外税金-代扣代缴税-代扣代缴增值税
2228011002应交境外税金-代扣代缴税-代扣企业所得税
2228011998应交境外税金-代扣代缴税-其他
2228023000应交境外税金-预扣税",是指企业为满足生产发生的机器设备无损检测相关费用，通过填写费用报销单，以立即支付或挂账的方式进行结算,费用报销单,无损检测费结算汇总表,,大庆中心,马天宏,正常,,
381,采购至应付,费用报销,A1_03_0001,费用报销,A02385,结算基建检测费,"5047030000检测费
2221001003应交税费-应交税金-应交增值税-进项税额-进项税额
2228001004应交境外税金-应交增值税-进项税额","2221001009应交税费-应交税金-应交增值税-进项税额转出-集体福利、个人消费
2221001995应交税费-应交税金-应交增值税-进项税额转出-其他
2202001000应付账款-应付账款
2221001080应交税费-应交税金-个人所得税
2241下所有明细科目
1012011000其他货币资金-加油（气）站资金
1013001000内部存款-内部结算存款
2228001002应交境外税金-应交增值税-销项税额
2228011001应交境外税金-代扣代缴税-代扣代缴增值税
2228011002应交境外税金-代扣代缴税-代扣企业所得税
2228011998应交境外税金-代扣代缴税-其他
2228023000应交境外税金-预扣税",是指企业为保障施工安全，在设备设施安装前，对承载基础是否满足设备设施承载力要求进行的检测，通过填写费用报销单，以立即支付或挂账的方式进行结算,费用报销单,基建检测费结算汇总表,,大庆中心,马天宏,正常,,
382,采购至应付,费用报销,A1_03_0001,费用报销,A02387,结算心理评估费,"5098000000其他费用
2221001003应交税费-应交税金-应交增值税-进项税额-进项税额
2228001004应交境外税金-应交增值税-进项税额","2221001009应交税费-应交税金-应交增值税-进项税额转出-集体福利、个人消费
2221001995应交税费-应交税金-应交增值税-进项税额转出-其他
2202001000应付账款-应付账款
2221001080应交税费-应交税金-个人所得税
2241下所有明细科目
1012011000其他货币资金-加油（气）站资金
1013001000内部存款-内部结算存款
2228001002应交境外税金-应交增值税-销项税额
2228011001应交境外税金-代扣代缴税-代扣代缴增值税
2228011002应交境外税金-代扣代缴税-代扣企业所得税
2228011998应交境外税金-代扣代缴税-其他
2228023000应交境外税金-预扣税",是结算员工心理评估费，通过填写费用报销单，以立即支付或挂账的方式进行结算,费用报销单,心理评估费结算汇总表,,成都中心,叶田,正常,,
383,采购至应付,费用报销,A1_03_0001,费用报销,A02388,结算焊工技能检测费,"5047030000检测费
2221001003应交税费-应交税金-应交增值税-进项税额-进项税额
2228001004应交境外税金-应交增值税-进项税额","2221001009应交税费-应交税金-应交增值税-进项税额转出-集体福利、个人消费
2221001995应交税费-应交税金-应交增值税-进项税额转出-其他
2202001000应付账款-应付账款
2221001080应交税费-应交税金-个人所得税
2241下所有明细科目
1012011000其他货币资金-加油（气）站资金
1013001000内部存款-内部结算存款
2228001002应交境外税金-应交增值税-销项税额
2228011001应交境外税金-代扣代缴税-代扣代缴增值税
2228011002应交境外税金-代扣代缴税-代扣企业所得税
2228011998应交境外税金-代扣代缴税-其他
2228023000应交境外税金-预扣税",是指乙方单位入场施工前，对入厂的焊工进行技能检测所产生的费用，通过填写费用报销单，以立即支付或挂账的方式结算,费用报销单,焊工技能检测费结算汇总表,,大庆中心,孙海英,正常,,
384,采购至应付,费用报销,A1_03_0001,费用报销,A02390,报销周转房相关费用,"5010120000员工费用-福利费
2211002998应付职工薪酬-应付福利费-福利费支出-其他
2221001003应交税费-应交税金-应交增值税-进项税额-进项税额
2228001004应交境外税金-应交增值税-进项税额","2221001009应交税费-应交税金-应交增值税-进项税额转出-集体福利、个人消费
2221001995应交税费-应交税金-应交增值税-进项税额转出-其他
2202001000应付账款-应付账款
2221001080应交税费-应交税金-个人所得税
2241下所有明细科目
1012011000其他货币资金-加油（气）站资金
1013001000内部存款-内部结算存款
2211002001应付职工薪酬-应付福利费-提取数
2228001002应交境外税金-应交增值税-销项税额
2228011001应交境外税金-代扣代缴税-代扣代缴增值税
2228011002应交境外税金-代扣代缴税-代扣企业所得税
2228011998应交境外税金-代扣代缴税-其他
2228023000应交境外税金-预扣税",报销员工周转用房房租费用，通过填写费用报销单，以立即支付或挂账的方式结算,费用报销单,周转房相关费用报销汇总表,,大庆中心,夏天,正常,新增,
385,采购至应付,费用报销,A1_03_0001,费用报销,A02389,结算公务车零星加油费,"5023090098办公费-其他办公费用
2221001003应交税费-应交税金-应交增值税-进项税额-进项税额
2228001004应交境外税金-应交增值税-进项税额","2221001009应交税费-应交税金-应交增值税-进项税额转出-集体福利、个人消费
2221001995应交税费-应交税金-应交增值税-进项税额转出-其他
2202001000应付账款-应付账款
2221001080应交税费-应交税金-个人所得税
2241下所有明细科目
1012011000其他货币资金-加油（气）站资金
1013001000内部存款-内部结算存款
2228001002应交境外税金-应交增值税-销项税额
2228011001应交境外税金-代扣代缴税-代扣代缴增值税
2228011002应交境外税金-代扣代缴税-代扣企业所得税
2228011998应交境外税金-代扣代缴税-其他
2228023000应交境外税金-预扣税",是指企业为满足公务车耗用的零星用油而通过外购发生的相关费用，通过填写费用报销单，以立即支付或挂账的方式进行结算,费用报销单,公务车零星加油结算汇总表,,大庆中心,夏天,正常,新增,
386,采购至应付,费用报销,A1_03_0001,费用报销,A02394,结算办公车辆审验费,"5023090098办公费-其他办公费用
2221001003应交税费-应交税金-应交增值税-进项税额-进项税额
2228001004应交境外税金-应交增值税-进项税额","2221001009应交税费-应交税金-应交增值税-进项税额转出-集体福利、个人消费
2221001995应交税费-应交税金-应交增值税-进项税额转出-其他
2202001000应付账款-应付账款
2221001080应交税费-应交税金-个人所得税
2241下所有明细科目
1012011000其他货币资金-加油（气）站资金
1013001000内部存款-内部结算存款
2228001002应交境外税金-应交增值税-销项税额
2228011001应交境外税金-代扣代缴税-代扣代缴增值税
2228011002应交境外税金-代扣代缴税-代扣企业所得税
2228011998应交境外税金-代扣代缴税-其他
2228023000应交境外税金-预扣税",是指公务车辆按照国家规定，定期到公安交管部门进行安全技术检验所产生的费用，通过填写费用报销单，以立即支付或挂账的方式进行结算,费用报销单,车辆审验费结算汇总表,,大庆中心,夏天,正常,,
387,采购至应付,费用报销,A1_03_0001,费用报销,A02396,结算购买地图费,"5023090098办公费-其他办公费用
2221001003应交税费-应交税金-应交增值税-进项税额-进项税额
2228001004应交境外税金-应交增值税-进项税额","2221001009应交税费-应交税金-应交增值税-进项税额转出-集体福利、个人消费
2221001995应交税费-应交税金-应交增值税-进项税额转出-其他
2202001000应付账款-应付账款
2221001080应交税费-应交税金-个人所得税
2241下所有明细科目
1012011000其他货币资金-加油（气）站资金
1013001000内部存款-内部结算存款
2228001002应交境外税金-应交增值税-销项税额
2228011001应交境外税金-代扣代缴税-代扣代缴增值税
2228011002应交境外税金-代扣代缴税-代扣企业所得税
2228011998应交境外税金-代扣代缴税-其他
2228023000应交境外税金-预扣税",是指因工作需要，从外部购买地图且不属于文具纸张的办公用品所产生的费用，通过填写费用报销单，以立即支付或挂账的方式进行结算,费用报销单,购买地图费结算汇总表,,大庆中心,夏天,正常,,
388,采购至应付,费用报销,A1_03_0001,费用报销,A02393,结算办公用水费用,"5023090098办公费-其他办公费用
2221001003应交税费-应交税金-应交增值税-进项税额-进项税额
2228001004应交境外税金-应交增值税-进项税额","2221001009应交税费-应交税金-应交增值税-进项税额转出-集体福利、个人消费
2221001995应交税费-应交税金-应交增值税-进项税额转出-其他
2202001000应付账款-应付账款
2221001080应交税费-应交税金-个人所得税
2241下所有明细科目
1012011000其他货币资金-加油（气）站资金
1013001000内部存款-内部结算存款
2228001002应交境外税金-应交增值税-销项税额
2228011001应交境外税金-代扣代缴税-代扣代缴增值税
2228011002应交境外税金-代扣代缴税-代扣企业所得税
2228011998应交境外税金-代扣代缴税-其他
2228023000应交境外税金-预扣税",是指为办公场所配备桶装饮用水或因紧急用水，来不及从电商采购，从外部购买瓶装矿泉水产生的费用，通过填写费用报销单，以立即支付或挂账的方式进行结算,费用报销单,办公饮用水汇总表,,大庆中心,夏天,正常,,
389,采购至应付,费用报销,A1_03_0001,费用报销,A02400,结算员工宿舍费,"
5010120000员工费用-福利费
2211002998应付职工薪酬-应付福利费-福利费支出-其他
2221001003应交税费-应交税金-应交增值税-进项税额-进项税额
2228001004应交境外税金-应交增值税-进项税额","2221001009应交税费-应交税金-应交增值税-进项税额转出-集体福利、个人消费
2221001995应交税费-应交税金-应交增值税-进项税额转出-其他
2202001000应付账款-应付账款
2221001080应交税费-应交税金-个人所得税
2241下所有明细科目
1012011000其他货币资金-加油（气）站资金
1013001000内部存款-内部结算存款
2211002001应付职工薪酬-应付福利费-提取数
2228001002应交境外税金-应交增值税-销项税额
2228011001应交境外税金-代扣代缴税-代扣代缴增值税
2228011002应交境外税金-代扣代缴税-代扣企业所得税
2228011998应交境外税金-代扣代缴税-其他
2228023000应交境外税金-预扣税",是指员工宿舍发生的租赁费、给宿舍配备被褥等基本生活用品产生的费用，通过填写费用报销单，以立即支付或挂账的方式结算,费用报销单,员工宿舍费结算汇总表,,大庆中心,夏天,正常,,
390,采购至应付,费用报销,A1_03_0001,费用报销,A02398,结算食堂零星维修费,"
5010120000员工费用-福利费
2211002998应付职工薪酬-应付福利费-福利费支出-其他
2221001003应交税费-应交税金-应交增值税-进项税额-进项税额
2228001004应交境外税金-应交增值税-进项税额","2221001009应交税费-应交税金-应交增值税-进项税额转出-集体福利、个人消费
2221001995应交税费-应交税金-应交增值税-进项税额转出-其他
2202001000应付账款-应付账款
2221001080应交税费-应交税金-个人所得税
2241下所有明细科目
1012011000其他货币资金-加油（气）站资金
1013001000内部存款-内部结算存款
2211002001应付职工薪酬-应付福利费-提取数
2228001002应交境外税金-应交增值税-销项税额
2228011001应交境外税金-代扣代缴税-代扣代缴增值税
2228011002应交境外税金-代扣代缴税-代扣企业所得税
2228011998应交境外税金-代扣代缴税-其他
2228023000应交境外税金-预扣税",是指员工食堂发生的更换水龙头、处理漏水、食堂灶具小额零星维修等费用，通过填写费用报销单，以立即支付或挂账的方式进行结算,费用报销单,食堂零星维修费结算汇总表,,大庆中心,夏天,正常,,
391,采购至应付,费用报销,A1_03_0001,费用报销,A02392,发放培训班教师讲课费,"5098000000其他费用
2221001003应交税费-应交税金-应交增值税-进项税额-进项税额
2228001004应交境外税金-应交增值税-进项税额","2221001009应交税费-应交税金-应交增值税-进项税额转出-集体福利、个人消费
2221001995应交税费-应交税金-应交增值税-进项税额转出-其他
2202001000应付账款-应付账款
2221001080应交税费-应交税金-个人所得税
2241下所有明细科目
1012011000其他货币资金-加油（气）站资金
1013001000内部存款-内部结算存款
2228001002应交境外税金-应交增值税-销项税额
2228011001应交境外税金-代扣代缴税-代扣代缴增值税
2228011002应交境外税金-代扣代缴税-代扣企业所得税
2228011998应交境外税金-代扣代缴税-其他
2228023000应交境外税金-预扣税",是指培训中心承办集团公司内外部各类培训活动，支付给培训班教师的授课费用，通过填写费用报销单，以立即支付或挂账的方式进行发放,费用报销单,培训班教师讲课费发放汇总表,,大庆中心,夏天,正常,,
392,采购至应付,费用报销,A1_03_0001,费用报销,A02397,结算审减效益提成费,"5026080098咨询审计费-其他
2221001003应交税费-应交税金-应交增值税-进项税额-进项税额
2228001004应交境外税金-应交增值税-进项税额","2221001009应交税费-应交税金-应交增值税-进项税额转出-集体福利、个人消费
2221001995应交税费-应交税金-应交增值税-进项税额转出-其他
2202001000应付账款-应付账款
2221001080应交税费-应交税金-个人所得税
2241下所有明细科目
1012011000其他货币资金-加油（气）站资金
1013001000内部存款-内部结算存款
2228001002应交境外税金-应交增值税-销项税额
2228011001应交境外税金-代扣代缴税-代扣代缴增值税
2228011002应交境外税金-代扣代缴税-代扣企业所得税
2228011998应交境外税金-代扣代缴税-其他
2228023000应交境外税金-预扣税",是指甲方聘请第三方咨询公司审计项目，甲方要求乙方支付给第三方咨询公司的审减费用，通过填写费用报销单，以立即支付或挂账的方式进行报销,费用报销单,审减效益提成费结算汇总表,,大庆中心,夏天,正常,,
393,采购至应付,费用报销,A1_03_0001,费用报销,A02399,结算委托管理人员单位补充保险费,"5043000000外包劳务支出
2221001003应交税费-应交税金-应交增值税-进项税额-进项税额
2228001004应交境外税金-应交增值税-进项税额","2221001009应交税费-应交税金-应交增值税-进项税额转出-集体福利、个人消费
2221001995应交税费-应交税金-应交增值税-进项税额转出-其他
2202001000应付账款-应付账款
2221001080应交税费-应交税金-个人所得税
2241下所有明细科目
1012011000其他货币资金-加油（气）站资金
1013001000内部存款-内部结算存款
2228001002应交境外税金-应交增值税-销项税额
2228011001应交境外税金-代扣代缴税-代扣代缴增值税
2228011002应交境外税金-代扣代缴税-代扣企业所得税
2228011998应交境外税金-代扣代缴税-其他
2228023000应交境外税金-预扣税",是指企业根据委托协议代管的员工保险费计入本单位成本，通过填写费用报销单，以立即支付或挂账的方式进行发放,费用报销单,委托管理人员单位补充保险结算汇总表,,大庆中心,夏天,正常,,
394,采购至应付,费用报销,A1_03_0001,费用报销,A02402,报销补充医疗保险费,"2211004001应付职工薪酬-商业人身险-补充医疗保险
2221001003应交税费-应交税金-应交增值税-进项税额-进项税额
2228001004应交境外税金-应交增值税-进项税额","2221001009应交税费-应交税金-应交增值税-进项税额转出-集体福利、个人消费
2221001995应交税费-应交税金-应交增值税-进项税额转出-其他
2202001000应付账款-应付账款
2221001080应交税费-应交税金-个人所得税
2241下所有明细科目
1012011000其他货币资金-加油（气）站资金
1013001000内部存款-内部结算存款
2228001002应交境外税金-应交增值税-销项税额
2228011001应交境外税金-代扣代缴税-代扣代缴增值税
2228011002应交境外税金-代扣代缴税-代扣企业所得税
2228011998应交境外税金-代扣代缴税-其他
2228023000应交境外税金-预扣税",是指企业各部门报销离退休人员的自费部分的住院费用，通过填写费用报销单，以立即支付或挂账方式进行结算,费用报销单,补充医疗保险报销汇总表,,西安中心,石启凡,正常,,
395,采购至应付,费用报销,A1_03_0001,费用报销,A02166,结算离退人员返聘劳务费,"应付职工薪酬-劳务费-离退休人员返聘劳务费-工资
应付职工薪酬-劳务费-离退休人员返聘劳务费-其他
应交税费-应交税金-应交增值税-进项税额-进项税额","
2221001995应交税费-应交税金-应交增值税-进项税额转出-其他
2202001000应付账款-应付账款
2221001080应交税费-应交税金-个人所得税
2241下所有明细科目
1012011000其他货币资金-加油（气）站资金
1013001000内部存款-内部结算存款
",是指与实际为企业提供了服务的离退休返聘人员发生的用工工资、保险费等各项人工费用，通过填写费用报销单，以立即支付或挂账的方式进行结算。,费用报销单,离退人员返聘劳务费发放明细表,,大庆中心,吴月明,正常,,
396,采购至应付,费用报销,A1_03_0001,费用报销,A02164,结算有偿解除劳动合同人员返聘劳务费,"应付职工薪酬-劳务费-有偿解除劳动合同人员返聘劳务费-工资
应付职工薪酬-劳务费-有偿解除劳动合同人员返聘劳务费-社会保险费-基本养老保险费
应付职工薪酬-劳务费-有偿解除劳动合同人员返聘劳务费-社会保险费-基本医疗保险费
应付职工薪酬-劳务费-有偿解除劳动合同人员返聘劳务费-社会保险费-失业保险费
应付职工薪酬-劳务费-有偿解除劳动合同人员返聘劳务费-社会保险费-工伤保险费
应付职工薪酬-劳务费-有偿解除劳动合同人员返聘劳务费-社会保险费-生育保险费
应付职工薪酬-劳务费-有偿解除劳动合同人员返聘劳务费-社会保险费-其他保险
应付职工薪酬-劳务费-有偿解除劳动合同人员返聘劳务费-其他","
2221001995应交税费-应交税金-应交增值税-进项税额转出-其他
2202001000应付账款-应付账款
2221001080应交税费-应交税金-个人所得税
2241下所有明细科目
1012011000其他货币资金-加油（气）站资金
1013001000内部存款-内部结算存款
",是指与实际为企业提供了服务的有偿解除劳动合同人员发生的用工工资、保险费等各项人工费用，通过填写费用报销单，以立即支付或挂账的方式进行结算。,费用报销单,有偿解除劳动合同人员劳务费发放明细表,,大庆中心,吴月明,正常,,
397,采购至应付,费用报销,A1_03_0001,费用报销,A02407,发放陪护及护理费,"5010120000 员工费用-福利费 
2211002998 应付职工薪酬-应付福利费-福利费支出-其他","2202001000应付账款-应付账款
2241下所有明细科目
1123000000预付账款
1012011000其他货币资金-加油（气）站资金
1013001000内部存款-内部结算存款
2211002001应付职工薪酬-应付福利费-提取数
2228001002应交境外税金-应交增值税-销项税额
2228011001应交境外税金-代扣代缴税-代扣代缴增值税
2228011002应交境外税金-代扣代缴税-代扣企业所得税
2228011998应交境外税金-代扣代缴税-其他
2228023000应交境外税金-预扣税",是指企业职工工伤陪护后续发放的护理费用，通过填写费用报销单，以立即支付或挂账的方式进行结算,费用报销单,陪护及护理费发放汇总表,,大庆中心,夏天,正常,,
398,采购至应付,费用报销,A1_03_0001,费用报销,A02408,结算零星吊装费,其他费用,"2221001995应交税费-应交税金-应交增值税-进项税额转出-其他
2202001000应付账款-应付账款
1123000000预付账款
2241下所有明细科目
1012011000其他货币资金-加油（气）站资金
1013001000内部存款-内部结算存款
2228001002应交境外税金-应交增值税-销项税额
2228011001应交境外税金-代扣代缴税-代扣代缴增值税
2228011002应交境外税金-代扣代缴税-代扣企业所得税
2228011998应交境外税金-代扣代缴税-其他
2228023000应交境外税金-预扣税",是指企业为检定铁路质量流量计等业务而发生的零星吊装费用，通过填写费用报销单，以立即支付或挂账的方式进行结算,费用报销单,零星吊装费用结算汇总表,,大庆中心,夏天,正常,,
399,采购至应付,费用报销,A1_03_0001,费用报销,A02405,发放安全奖励费,专项储备-安全生产费用-使用,"2221001995应交税费-应交税金-应交增值税-进项税额转出-其他
2202001000应付账款-应付账款
2221001080应交税费-应交税金-个人所得税
2241下所有明细科目
1013001000内部存款-内部结算存款",用于处理与安全生产相关的个人奖励发放金额，通过填写费用报销单，以立即支付或挂账的方式结算,费用报销单,安全奖励费发放汇总表,,西安中心,陈璇,正常,,
400,采购至应付,费用报销,A1_03_0001,费用报销,A02409,结算零星搬家费,其他费用,"2221001009应交税费-应交税金-应交增值税-进项税额转出-集体福利、个人消费
2221001995应交税费-应交税金-应交增值税-进项税额转出-其他
2202001000应付账款-应付账款
2221001080应交税费-应交税金-个人所得税
2241下所有明细科目
1012011000其他货币资金-加油（气）站资金
1013001000内部存款-内部结算存款
2228001002应交境外税金-应交增值税-销项税额
2228011001应交境外税金-代扣代缴税-代扣代缴增值税
2228011002应交境外税金-代扣代缴税-代扣企业所得税
2228011998应交境外税金-代扣代缴税-其他
2228023000应交境外税金-预扣税",是指企业发生的搬迁办公室物品及设备发生的零星搬家费，通过填写费用报销单，以立即支付或挂账的方式进行结算,费用报销单,零星搬家费用结算汇总表,,大庆中心,夏天,正常,,
401,采购至应付,费用报销,A1_03_0001,费用报销,A02410,结算志愿服务活动费,其他费用,"2221001009应交税费-应交税金-应交增值税-进项税额转出-集体福利、个人消费
2221001995应交税费-应交税金-应交增值税-进项税额转出-其他
2202001000应付账款-应付账款
2221001080应交税费-应交税金-个人所得税
2241下所有明细科目
1012011000其他货币资金-加油（气）站资金
1013001000内部存款-内部结算存款
2228001002应交境外税金-应交增值税-销项税额
2228011001应交境外税金-代扣代缴税-代扣代缴增值税
2228011002应交境外税金-代扣代缴税-代扣企业所得税
2228011998应交境外税金-代扣代缴税-其他
2228023000应交境外税金-预扣税",是指企业为履行社会责任而发生的志愿服务费用，通过填写费用报销单，以立即支付或挂账的方式进行结算,费用报销单,志愿服务活动费用结算汇总表,,大庆中心,夏天,正常,,
402,采购至应付,费用报销,A1_03_0001,费用报销,A02404,结算签证续签费,"5023090098办公费-其他办公费用
2221001003应交税费-应交税金-应交增值税-进项税额-进项税额","2221001995应交税费-应交税金-应交增值税-进项税额转出-其他
2202001000应付账款-应付账款
2241下所有明细科目
1013001000内部存款-内部结算存款",用于结算签证即将到期时，为了能够在目的地国家继续合法居留，向该国的移民管理机关提交续签申请，并为此支付的费用（此场景不支持大于5万结算）,费用报销单,签证续期费结算汇总表,,成都中心,叶田,正常,,
403,采购至应付,费用报销,A1_03_0001,费用报销,A02411,结算培训耗材费,2211008000应付职工薪酬-职工教育经费,"2221001995应交税费-应交税金-应交增值税-进项税额转出-其他
2202001000应付账款-应付账款
2241下所有明细科目
1013001000内部存款-内部结算存款",是指企业培训中心批量购买的培训材料、器械、教材、课件等与培训相关费用支出，通过填写费用报销单，以立即支付或挂账的方式进行结算,费用报销单,培训耗材费用结算汇总表,,成都中心,叶田,正常,,
404,采购至应付,费用报销,A1_03_0001,费用报销,A02412,结算职业健康体检费,5047070000职业健康体检费,"2221001995应交税费-应交税金-应交增值税-进项税额转出-其他
2202001000应付账款-应付账款
2241下所有明细科目
1013001000内部存款-内部结算存款",是指企业各部门日常发生的因岗位需要发生的非福利性的职业体检费用等相关费用，通过填写费用报销单，以立即支付或挂账的方式结算,费用报销单,职业健康体检结算汇总表,,大庆中心,夏天,正常,,
405,采购至应付,费用报销,A1_03_0001,费用报销,A02416,发放离退休人员费用,5048180000离退休人员费用,"2221001995应交税费-应交税金-应交增值税-进项税额转出-其他
2202001000应付账款-应付账款
2241下所有明细科目
1013001000内部存款-内部结算存款",是指企业为不占工资总额的离退休人员发放的相关的费用支出，通过填写费用报销单，以立即支付或挂账的方式进行结算,费用报销单,离退休人员费用结算汇总表,,成都中心,郭东阳,正常,,
406,采购至应付,费用报销,A1_03_0001,费用报销,A02413,结算购买离退休人员统筹外福利用品,"5010120000 员工费用-福利费 
2211002002 应付职工薪酬-应付福利费-福利费支出-离退休人员统筹外费用
2221001003应交税费-应交税金-应交增值税-进项税额-进项税额","2221001009应交税费-应交税金-应交增值税-进项税额转出-集体福利、个人消费
2202001000应付账款-应付账款
2241下所有明细科目
1013001000内部存款-内部结算存款 ",是指企业购买为离退休人员发放福利用品的费用，通过填写费用报销单，以立即支付或挂账的方式结算,费用报销单,离退休人员统筹外福利物品结算汇总表,,大庆中心,吴晶,正常,,
407,采购至应付,费用报销,A1_03_0001,费用报销,A02414,报销离退休人员统筹外费用,"5010120000 员工费用-福利费 
2211002002 应付职工薪酬-应付福利费-福利费支出-离退休人员统筹外费用
2221001003应交税费-应交税金-应交增值税-进项税额-进项税额","2221001009应交税费-应交税金-应交增值税-进项税额转出-集体福利、个人消费
2202001000应付账款-应付账款
2241下所有明细科目
1013001000内部存款-内部结算存款 ",是指企业承担的离退休人员凭票报销的物业费、采暖费、药费等相关费用，通过填写费用报销单，以立即支付或挂账的方式结算,费用报销单,报销离退休人员统筹外费用汇总表,,大庆中心,吴晶,正常,,
408,采购至应付,费用报销,A1_03_0001,费用报销,A02415,报销集中差旅补助费,"5042000000差旅费
2221001003应交税费-应交税金-应交增值税-进项税额-进项税额","2221001009应交税费-应交税金-应交增值税-进项税额转出-集体福利、个人消费
2202001000应付账款-应付账款
2241下所有明细科目
1013001000内部存款-内部结算存款 ",是指企业发放给前线施工员工、轮休和司驾人员的差旅补助费用，通过填写费用报销单，以立即支付或挂账的方式进行报销,费用报销单,集中差旅补助发放汇总表,,西安中心,王娟,正常,,
409,采购至应付,费用报销,A1_03_0001,费用报销,A02419,结算车队车辆费用,运输费,"2221001995应交税费-应交税金-应交增值税-进项税额转出-其他
2202001000应付账款-应付账款
2241下所有明细科目
1012011000其他货币资金-加油（气）站资金
1013001000内部存款-内部结算存款
1123000000预付账款",是指车队车辆运输途中发生的相关费用，通过填写费用报销单，以立即支付或挂账的方式结算,费用报销单,车队车辆费用结算汇总表,,大庆中心,夏天,正常,,
410,采购至应付,费用报销,A1_03_0001,费用报销,A02421,发放集团（股份）总部离退休人员企业补贴（总部专用）,"离退休人员费用5048180000 
员工费用-福利费5010120000
应付职工薪酬-应付福利费-福利费支出-离退休人员统筹外费用2211002002
应付职工薪酬-应付福利费-福利费支出-独生子女费2211002009","其他应付款-应付、暂收职工个人款项-其他2241004998 
应交税费-应交税金-个人所得税2221001080
应付职工薪酬-应付福利费-福利费提取数2211002001",适用于集团财务部下达的专项预算，包含离休干部自雇费、离休干部企业生活保障金、退休人员自雇费、退休人员企业生活保障金专项费用核算，以及同步发放的独生子女奖励等补贴,费用报销单,集团（股份）总部离退休人员企业补贴业务信息表,,西安中心,田凤,正常,,
411,采购至应付,费用报销,A1_03_0001,费用报销,A02422,结算集团（股份）总部离退休人员专项经费（总部专用）,"离退休人员费用5048180000 
员工费用-福利费5010120000
应付职工薪酬-应付福利费-福利费支出-离退休人员统筹外费用2211002002","应交税费-应交税金-个人所得税2221001080
应付职工薪酬-应付福利费-福利费提取数2211002001",适用于集团财务部下达的专项预算，包含离退休人员扶贫帮困经费、医疗保健费-老干部医疗费、老领导差旅费、抚恤金丧葬费、医疗保健费-健康保障体检费等专项费用核算,费用报销单,集团（股份）总部离退休人员专项经费结算汇总表,,西安中心,田凤,正常,,
412,采购至应付,费用报销,A1_03_0001,费用报销,A02432,发放已故员工遗属生活补助,"5010120000 员工费用-福利费 
2211002998 应付职工薪酬-应付福利费-福利费支出-其他","2202001000应付账款-应付账款
2241下所有明细科目
1123000000预付账款
1012011000其他货币资金-加油（气）站资金
1013001000内部存款-内部结算存款
2211002001应付职工薪酬-应付福利费-提取数
2228001002应交境外税金-应交增值税-销项税额
2228011001应交境外税金-代扣代缴税-代扣代缴增值税
2228011002应交境外税金-代扣代缴税-代扣企业所得税
2228011998应交境外税金-代扣代缴税-其他
2228023000应交境外税金-预扣税",用于核算已故员工遗属生活补助费用，通过填写费用报销单，以立即支付或挂账的方式进行结算（此场景支持无合同、大于5万结算）,费用报销单,已故员工遗属生活补助发放汇总表,,大庆中心,夏天,正常,,
413,采购至应付,费用报销,A1_03_0001,费用报销,A02433,结算集团股份总部购买餐票费,"5039000000业务招待费
2221001003应交税费-应交税金-应交增值税-进项税额-进项税额","2221001009应交税费-应交税金-应交增值税-进项税额转出-集体福利、个人消费
2221001995应交税费-应交税金-应交增值税-进项税额转出-其他
2202001000应付账款-应付账款
2241下所有明细科目",用于核算集团股份总部为临时来总部办事人员在总部食堂购买餐票费用，，通过填写费用报销单，以立即支付或挂账的方式进行结算（此场景支持无合同、大于5万结算）,费用报销单,集团股份总部购买餐票结算汇总表,,大庆中心,夏天,正常,,
414,采购至应付,费用报销,A1_03_0001,费用报销,A02435,结算总部劳务费（总部专用）,"员工费用-劳务费-其他
2211011997  应付职工薪酬-劳务费-其他人员劳务费-其他","2211011997  应付职工薪酬-劳务费-其他人员劳务费-其他
2202001000应付账款-应付账款
2241下所有明细科目
1123000000预付账款
1013001000内部存款-内部结算存款",用于核算为集团股份总部提供了服务的劳务用工人员发生的各项人工费用，通过填写费用报销单，以立即支付或挂账的方式进行结算（此场景支持无合同、大于5万结算）,费用报销单,总部劳务费结算汇总表,,大庆中心,郑鸣哲,正常,,
415,采购至应付,费用报销,A1_03_0001,费用报销,A02430,结算员工食堂费用,"5010120000 员工费用-福利费 
2211002998 应付职工薪酬-应付福利费-福利费支出-其他","2202001000应付账款-应付账款
2241下所有明细科目
1123000000预付账款
1012011000其他货币资金-加油（气）站资金
1013001000内部存款-内部结算存款
2211002001应付职工薪酬-应付福利费-提取数
2228001002应交境外税金-应交增值税-销项税额
2228011001应交境外税金-代扣代缴税-代扣代缴增值税
2228011002应交境外税金-代扣代缴税-代扣企业所得税
2228011998应交境外税金-代扣代缴税-其他
2228023000应交境外税金-预扣税",是指用于汇总结算员工食堂三餐餐券消费金额、食堂服务管理费及伙食补贴等相关费用,费用报销单,员工食堂费用结算汇总表,,西安中心,田凤,正常,,
416,采购至应付,费用报销,A1_03_0001,费用报销,A02436,结算出国机票/签证费/服务费,借：出国人员经费,"2221001995应交税费-应交税金-应交增值税-进项税额转出-其他
2202001000应付账款-应付账款
1123000000预付账款
2241下所有明细科目
1012011000其他货币资金-加油（气）站资金
1013001000内部存款-内部结算存款
2228001002应交境外税金-应交增值税-销项税额
2228011001应交境外税金-代扣代缴税-代扣代缴增值税
2228011002应交境外税金-代扣代缴税-代扣企业所得税
2228011998应交境外税金-代扣代缴税-其他
2228023000应交境外税金-预扣税",集团总部结算外事系统产生的出国机票、签证费、服务费，，通过填写费用报销单，以立即支付或挂账的方式进行结算,费用报销单,出国机票/签证费/服务费结算汇总表,,大庆中心,夏天,正常,,
417,采购至应付,采购报销,A1_03_0001,费用报销,A02434,发放无偿献血工会慰问金,2211007000应付职工薪酬-工会经费,2241030000其他应付款-内部短期款项,用于核算工会为无偿献血员工发放慰问金的业务,费用报销单,无偿献血工会慰问金发放汇总表,,成都中心,王铃心,正常,,
418,采购至应付,采购报销,A1_03_0001,费用报销,A02438,结算老旧小区专项费用,借：营业外支出-其他,结算方式,企业将中央拨付资金用于所属范围内老旧小区改造的各项支出，包括概预算费用、咨询费、审计费、设计制图费、检测费、监理费、项目管理费、建设施工费及其他相关费用等。通过填写费用报销单，以立即支付或挂账的方式结算,费用报销单,老旧小区专项支出款项结算汇总表,,成都中心,周蕾,正常,,
419,采购至应付,采购报销,A1_03_0001,费用报销,A02440,结算非货币性福利费,"5010110000员工费用-非货币性福利
2211013000应付职工薪酬-非货币性福利
2221001003应交税费-应交税金-应交增值税-进项税额-进项税额","2211013000应付职工薪酬-非货币性福利
2221001009应交税费-应交税金-应交增值税-进项税额转出-集体福利、个人消费
2202001000应付账款-应付账款
1123000000预付账款
2241下所有明细科目
1012011000其他货币资金-加油（气）站资金
1013001000内部存款-内部结算存款
2228001002应交境外税金-应交增值税-销项税额
2228011001应交境外税金-代扣代缴税-代扣代缴增值税
2228011002应交境外税金-代扣代缴税-代扣企业所得税
2228011998应交境外税金-代扣代缴税-其他
2228023000应交境外税金-预扣税",适用于核算公司外购商品发放给职工作为集体福利（不包括公司为职工购买的劳动保护用品）（此场景不支持大于5万结算）,费用报销单,非货币性福利费结算汇总表,,成都中心,王玲心,正常,,
420,采购至应付,采购报销,A1_03_0001,费用报销,A02441,结算国家项目劳务费,5098000000其他费用,"2221001995应交税费-应交税金-应交增值税-进项税额转出-其他
2202001000应付账款-应付账款
1123000000预付账款
2241下所有明细科目
1012011000其他货币资金-加油（气）站资金
1013001000内部存款-内部结算存款
2228001002应交境外税金-应交增值税-销项税额
2228011001应交境外税金-代扣代缴税-代扣代缴增值税
2228011002应交境外税金-代扣代缴税-代扣企业所得税
2228011998应交境外税金-代扣代缴税-其他
2228023000应交境外税金-预扣税",适用于结算参加国家项目聘任人员的聘任费,费用报销单,国家项目劳务费结算汇总表,,成都中心,唐璇,正常,,
421,采购至应付,采购报销,A1_03_0001,费用报销,A02442,结算环境检测费,5047030000检测费,"2221001995应交税费-应交税金-应交增值税-进项税额转出-其他
2202001000应付账款-应付账款
1123000000预付账款
2241下所有明细科目
1012011000其他货币资金-加油（气）站资金
1013001000内部存款-内部结算存款
2228001002应交境外税金-应交增值税-销项税额
2228011001应交境外税金-代扣代缴税-代扣代缴增值税
2228011002应交境外税金-代扣代缴税-代扣企业所得税
2228011998应交境外税金-代扣代缴税-其他
2228023000应交境外税金-预扣税",适用于结算用于环境保护领域，专业监测机构或实验室进行的，以达到检测、评估和分析目的所支付的各类费用（此场景不支持大于5万结算）,费用报销单,环境检测费结算汇总表,,成都中心,孙铭,正常,,
422,采购至应付,采购报销,A1_03_0001,费用报销,A02443,结算年费,5023090098办公费-其他办公费用,"2221001995应交税费-应交税金-应交增值税-进项税额转出-其他
2202001000应付账款-应付账款
1123000000预付账款
2241下所有明细科目
1012011000其他货币资金-加油（气）站资金
1013001000内部存款-内部结算存款
2228001002应交境外税金-应交增值税-销项税额
2228011001应交境外税金-代扣代缴税-代扣代缴增值税
2228011002应交境外税金-代扣代缴税-代扣企业所得税
2228011998应交境外税金-代扣代缴税-其他
2228023000应交境外税金-预扣税",由企业或者企业与第三方之间发起的，为给企业支付企业年金管理费用而发生的费用，包括企业年金管理、经营、代理、审计、统计和其他费用（此场景不支持大于5万结算）,费用报销单,年费结算汇总表,,成都中心,谢菊,正常,,
423,采购至应付,采购报销,A1_03_0001,费用报销,A02445,结算前期施工费,5048050000基础设施建设费,"2221001995应交税费-应交税金-应交增值税-进项税额转出-其他
2202001000应付账款-应付账款
1123000000预付账款
2241下所有明细科目
1012011000其他货币资金-加油（气）站资金
1013001000内部存款-内部结算存款
2228001002应交境外税金-应交增值税-销项税额
2228011001应交境外税金-代扣代缴税-代扣代缴增值税
2228011002应交境外税金-代扣代缴税-代扣企业所得税
2228011998应交境外税金-代扣代缴税-其他
2228023000应交境外税金-预扣税",适用于结算工程施工前工具搬迁、临时设施建设等各项准备工作所需要支付的各类费用（此场景不支持大于5万结算）,费用报销单,前期施工费结算汇总表,,成都中心,孙铭 ,正常,,
424,采购至应付,采购报销,A1_03_0001,费用报销,A02446,结算研究生经费,5098000000其他费用,"2221001995应交税费-应交税金-应交增值税-进项税额转出-其他
2202001000应付账款-应付账款
1123000000预付账款
2241下所有明细科目
1012011000其他货币资金-加油（气）站资金
1013001000内部存款-内部结算存款
2228001002应交境外税金-应交增值税-销项税额
2228011001应交境外税金-代扣代缴税-代扣代缴增值税
2228011002应交境外税金-代扣代缴税-代扣企业所得税
2228011998应交境外税金-代扣代缴税-其他
2228023000应交境外税金-预扣税",用于支持研究生教育、培养、科研及相关活动的专项经费，以达到研究生经费目的所支付的各类费用（此场景不支持大于5万结算）,费用报销单,研究生经费结算汇总表,,成都中心,廖彦姝,正常,,
425,采购至应付,采购报销,A1_03_0001,费用报销,A02447,结算照片冲洗费,5023090098办公费-其他办公费用,"2221001995应交税费-应交税金-应交增值税-进项税额转出-其他
2202001000应付账款-应付账款
1123000000预付账款
2241下所有明细科目
1012011000其他货币资金-加油（气）站资金
1013001000内部存款-内部结算存款
2228001002应交境外税金-应交增值税-销项税额
2228011001应交境外税金-代扣代缴税-代扣代缴增值税
2228011002应交境外税金-代扣代缴税-代扣企业所得税
2228011998应交境外税金-代扣代缴税-其他
2228023000应交境外税金-预扣税","适用于结算将胶片或图像通过处理最终制作成实体照片的服务过程中所产生的费用。
（此场景不支持大于5万结算）",费用报销单,照片冲洗费结算汇总表,,成都中心,张梦轩,正常,,
426,采购至应付,采购报销,A1_03_0001,费用报销,A02425,结算登报公告声明费,"5098000000其他费用
2221001003应交税费-应交税金-应交增值税-进项税额-进项税额
2228001004应交境外税金-应交增值税-进项税额","2221001995应交税费-应交税金-应交增值税-进项税额转出-其他
2202001000应付账款-应付账款
2241下所有明细科目
1123000000预付账款
1012011000其他货币资金-加油（气）站资金
1013001000内部存款-内部结算存款
2228001002应交境外税金-应交增值税-销项税额
2228011001应交境外税金-代扣代缴税-代扣代缴增值税
2228011002应交境外税金-代扣代缴税-代扣企业所得税
2228011998应交境外税金-代扣代缴税-其他
2228023000应交境外税金-预扣税",是指企业遗失重要证件或物品、法律公告或通知等需要广而告之而发生的登报（或其他媒体）费用，通过填写费用报销单，以立即支付或挂账方式进行结算。,费用报销单,登报公告声明费结算汇总表,,西安中心,田凤,正常,,
427,采购至应付,采购报销,A1_03_0001,费用报销,A02426,结算国拨土地收益金,"5098000000其他费用
2221001003应交税费-应交税金-应交增值税-进项税额-进项税额
2228001004应交境外税金-应交增值税-进项税额","2221001995应交税费-应交税金-应交增值税-进项税额转出-其他
2202001000应付账款-应付账款
2241下所有明细科目
1123000000预付账款
1012011000其他货币资金-加油（气）站资金
1013001000内部存款-内部结算存款
2228001002应交境外税金-应交增值税-销项税额
2228011001应交境外税金-代扣代缴税-代扣代缴增值税
2228011002应交境外税金-代扣代缴税-代扣企业所得税
2228011998应交境外税金-代扣代缴税-其他
2228023000应交境外税金-预扣税",核算公司因国家划拨土地更改土地使用目的，结算出租部分土地需上交自然资源局部分的土地收益金,费用报销单,国家划拨土地收益金结算汇总表,,大庆中心,吴嘉明,正常,,
428,采购至应付,采购报销,A1_03_0001,费用报销,A02428,结算过磅费,"5017000000运输费
2221001003应交税费-应交税金-应交增值税-进项税额-进项税额
2228001004应交境外税金-应交增值税-进项税额","2221001995应交税费-应交税金-应交增值税-进项税额转出-其他
2202001000应付账款-应付账款
2241下所有明细科目
1123000000预付账款
1012011000其他货币资金-加油（气）站资金
1013001000内部存款-内部结算存款
2228001002应交境外税金-应交增值税-销项税额
2228011001应交境外税金-代扣代缴税-代扣代缴增值税
2228011002应交境外税金-代扣代缴税-代扣企业所得税
2228011998应交境外税金-代扣代缴税-其他
2228023000应交境外税金-预扣税",是指企业各部门通过公路运输方式销售产品和提供劳务时，发生的过磅费用，通过填写费用报销单，以立即支付或挂账的方式进行结算,费用报销单,过磅费结算汇总表,,西安中心,孟龙飞,正常,,
429,采购至应付,采购报销,A1_03_0001,费用报销,A02429,结算超限费,"5017000000运输费
2221001003应交税费-应交税金-应交增值税-进项税额-进项税额
2228001004应交境外税金-应交增值税-进项税额","2221001995应交税费-应交税金-应交增值税-进项税额转出-其他
2202001000应付账款-应付账款
1123000000预付账款
2241下所有明细科目
1123000000预付账款
1012011000其他货币资金-加油（气）站资金
1013001000内部存款-内部结算存款
2228001002应交境外税金-应交增值税-销项税额
2228011001应交境外税金-代扣代缴税-代扣代缴增值税
2228011002应交境外税金-代扣代缴税-代扣企业所得税
2228011998应交境外税金-代扣代缴税-其他
2228023000应交境外税金-预扣税",指企业各部门通过公路运输方式销售产品和提供劳务时，发生的超限费用，通过填写费用报销单，以立即支付或挂账的方式进行结算,费用报销单,超限费结算汇总表,,西安中心,张伟,正常,,
430,采购至应付,采购报销,A1_03_0001,费用报销,A02431,发放员工误餐费,"5010120000 员工费用-福利费 
2211002998 应付职工薪酬-应付福利费-福利费支出-其他","2202001000应付账款-应付账款
2241下所有明细科目
1123000000预付账款
1012011000其他货币资金-加油（气）站资金
1013001000内部存款-内部结算存款
2211002001应付职工薪酬-应付福利费-提取数
2228001002应交境外税金-应交增值税-销项税额
2228011001应交境外税金-代扣代缴税-代扣代缴增值税
2228011002应交境外税金-代扣代缴税-代扣企业所得税
2228011998应交境外税金-代扣代缴税-其他
2228023000应交境外税金-预扣税",用于核算员工因公不能在工作单位或返回就餐发放的误餐补助，通过填写费用报销单，以立即支付或挂账的方式进行结算（此场景支持无合同，大于5万结算）,费用报销单,员工误餐费发放汇总表,,大庆中心,夏天,正常,,
431,采购至应付,采购报销,A1_03_0001,费用报销,A02450,发放异地离退休人员走访委托服务（慰问金）,5098000000其他费用,"2221001995应交税费-应交税金-应交增值税-进项税额转出-其他
2202001000应付账款-应付账款
1123000000预付账款
2241下所有明细科目
1012011000其他货币资金-加油（气）站资金
1013001000内部存款-内部结算存款
2228001002应交境外税金-应交增值税-销项税额
2228011001应交境外税金-代扣代缴税-代扣代缴增值税
2228011002应交境外税金-代扣代缴税-代扣企业所得税
2228011998应交境外税金-代扣代缴税-其他
2228023000应交境外税金-预扣税",是指企业用于走访异地居住离退休人员的生活情况，并发放慰问金,费用报销单,异地离退休人员走访委托服务（慰问金）发放汇总表,,西安中心,刘婧,正常,,
432,采购至应付,采购报销,A1_03_0001,费用报销,A02452,结算购买应急防洪防汛物资费用,6711013000营业外支出-其他支出,"2221001995应交税费-应交税金-应交增值税-进项税额转出-其他
2202001000应付账款-应付账款
1123000000预付账款
2241下所有明细科目
1012011000其他货币资金-加油（气）站资金
1013001000内部存款-内部结算存款
2228001002应交境外税金-应交增值税-销项税额
2228011001应交境外税金-代扣代缴税-代扣代缴增值税
2228011002应交境外税金-代扣代缴税-代扣企业所得税
2228011998应交境外税金-代扣代缴税-其他
2228023000应交境外税金-预扣税",是指企业为应对可能发生的洪水灾害，确保在紧急情况下能够迅速有效地进行救援抢险工作而支付的购买应急防洪物资相关的支出,费用报销单,购买应急防洪防汛物资结算汇总表,,西安中心,乔雅,正常,,
433,销售至应收,收入确认及退回,A2_01_0001,收入确认,A20001,零星出售材料收入,"1122001000 应收账款-应收账款
1013001000 内部存款-内部结算存款
1013003001 内部存款-总部存款-日常
2401001000 递延收益-与资产有关的政府补助
2401002000 递延收益-与收益有关的政府补助
1012011000 其他货币资金-加油（气）站资金
1012998000 其他货币资金-其他
1221998000 其他应收款-其他
1221005998 其他应收款-补贴款-其他
核销未清项科目","6051001000 其他业务收入-其他业务收入
2221001002 应交税费-应交税金-应交增值税-销项税额",是指企业临时发生的出售原材料取得的收入,收入确认单,零星出售材料收入确认单,,大庆中心,石悦,正常,,
434,销售至应收,收入确认及退回,A2_01_0001,收入确认,A20002,出售生物性资产收入,"1122001000 应收账款-应收账款
1013001000 内部存款-内部结算存款
1013003001 内部存款-总部存款-日常
2401001000 递延收益-与资产有关的政府补助
2401002000 递延收益-与收益有关的政府补助
1012011000 其他货币资金-加油（气）站资金
1012998000 其他货币资金-其他
1221998000 其他应收款-其他
1221005998 其他应收款-补贴款-其他
核销未清项科目","6051001000 其他业务收入-其他业务收入
2221001002 应交税费-应交税金-应交增值税-销项税额",是指企业出售生物性资产取得的收入,收入确认单,出售生物性资产收入确认单,,成都中心,赵青,正常,,
435,销售至应收,收入确认及退回,A2_01_0001,收入确认,A20003,出售废旧物资收入,"1122001000 应收账款-应收账款
1013001000 内部存款-内部结算存款
1013003001 内部存款-总部存款-日常
2401001000 递延收益-与资产有关的政府补助
2401002000 递延收益-与收益有关的政府补助
1012011000 其他货币资金-加油（气）站资金
1012998000 其他货币资金-其他
1221998000 其他应收款-其他
1221005998 其他应收款-补贴款-其他
核销未清项科目","6051001000 其他业务收入-其他业务收入
2221001002 应交税费-应交税金-应交增值税-销项税额",是指企业出售废旧物资取得收入,收入确认单,出售废旧物资收入确认单,,成都中心,周游,正常,,
436,销售至应收,收入确认及退回,A2_01_0001,收入确认,A20004,转供水收入,"1122001000 应收账款-应收账款
1013001000 内部存款-内部结算存款
1013003001 内部存款-总部存款-日常
2401001000 递延收益-与资产有关的政府补助
2401002000 递延收益-与收益有关的政府补助
1012011000 其他货币资金-加油（气）站资金
1012998000 其他货币资金-其他
1221998000 其他应收款-其他
1221005998 其他应收款-补贴款-其他
核销未清项科目","6051001000 其他业务收入-其他业务收入
2221001002 应交税费-应交税金-应交增值税-销项税额",是指非供水企业购入水后，出售给施工单位等第三方取得的收入,收入确认单,转供水收入确认单,,西安中心,曹琳,正常,,
437,销售至应收,收入确认及退回,A2_01_0001,收入确认,A20005,转供电收入,"1122001000 应收账款-应收账款
1013001000 内部存款-内部结算存款
1013003001 内部存款-总部存款-日常
2401001000 递延收益-与资产有关的政府补助
2401002000 递延收益-与收益有关的政府补助
1012011000 其他货币资金-加油（气）站资金
1012998000 其他货币资金-其他
1221998000 其他应收款-其他
1221005998 其他应收款-补贴款-其他
核销未清项科目","6051001000 其他业务收入-其他业务收入
2221001002 应交税费-应交税金-应交增值税-销项税额",是指非供电企业购入点后，出售给施工单位等第三方取得的收入,收入确认单,转供电收入确认单,,西安中心,曹琳,正常,,
438,销售至应收,收入确认及退回,A2_01_0001,收入确认,A20006,出租广告位收入,"1122001000 应收账款-应收账款
1013001000 内部存款-内部结算存款
1013003001 内部存款-总部存款-日常
2401001000 递延收益-与资产有关的政府补助
2401002000 递延收益-与收益有关的政府补助
1012011000 其他货币资金-加油（气）站资金
1012998000 其他货币资金-其他
1221998000 其他应收款-其他
1221005998 其他应收款-补贴款-其他
核销未清项科目","6051003000 其他业务收入-租赁收入
2221001002 应交税费-应交税金-应交增值税-销项税额",是指企业出租加油站等具有宣传效应的灯箱、广告牌等取得的收入,收入确认单,出租广告位收入确认单,,西安中心,李丽杰,正常,,
439,销售至应收,收入确认及退回,A2_01_0001,收入确认,A20007,出租包装物收入,"1122001000 应收账款-应收账款
1013001000 内部存款-内部结算存款
1013003001 内部存款-总部存款-日常
2401001000 递延收益-与资产有关的政府补助
2401002000 递延收益-与收益有关的政府补助
1012011000 其他货币资金-加油（气）站资金
1012998000 其他货币资金-其他
1221998000 其他应收款-其他
1221005998 其他应收款-补贴款-其他
核销未清项科目","6051003000 其他业务收入-租赁收入
2221001002 应交税费-应交税金-应交增值税-销项税额",是指企业出租包装物取得的收入,收入确认单,出租包装物收入确认单,,大庆中心,石悦,正常,,
440,销售至应收,收入确认及退回,A2_01_0001,收入确认,A20008,出租资产收入,"1122001000 应收账款-应收账款
1013001000 内部存款-内部结算存款
1013003001 内部存款-总部存款-日常
2401001000 递延收益-与资产有关的政府补助
2401002000 递延收益-与收益有关的政府补助
1012011000 其他货币资金-加油（气）站资金
1012998000 其他货币资金-其他
1221998000 其他应收款-其他
1221005998 其他应收款-补贴款-其他
核销未清项科目","6051003000 其他业务收入-租赁收入
2221001002 应交税费-应交税金-应交增值税-销项税额",是指企业出租商品取得的收入,收入确认单,出租资产收入确认单,,西安中心,徐丽君,正常,,
441,销售至应收,收入确认及退回,A2_01_0001,收入确认,A20010,手续费收入,"1122001000 应收账款-应收账款
1013001000 内部存款-内部结算存款
1013003001 内部存款-总部存款-日常
2401001000 递延收益-与资产有关的政府补助
2401002000 递延收益-与收益有关的政府补助
1012011000 其他货币资金-加油（气）站资金
1012998000 其他货币资金-其他
1221998000 其他应收款-其他
1221005998 其他应收款-补贴款-其他
核销未清项科目","6051001000 其他业务收入-其他业务收入
6302004000 其他收益-代扣个人所得税手续费返还",是指企业办理代理业务、投资业务等取得的手续费收入,收入确认单,手续费收入确认单,"办卡手续费明细表、
个税返还手续费明细表、
代扣其他税款手续费明细表",西安中心,蒲芊芊,正常,,
442,销售至应收,收入确认及退回,A2_01_0001,收入确认,A20011,培训收入,"1122001000 应收账款-应收账款
1013001000 内部存款-内部结算存款
1013003001 内部存款-总部存款-日常
2401001000 递延收益-与资产有关的政府补助
2401002000 递延收益-与收益有关的政府补助
1012011000 其他货币资金-加油（气）站资金
1012998000 其他货币资金-其他
1221998000 其他应收款-其他
1221005998 其他应收款-补贴款-其他
核销未清项科目","6051001000 其他业务收入-其他业务收入
2221001002 应交税费-应交税金-应交增值税-销项税额",是指企业提供培训服务取得的收入,收入确认单,培训费收入确认单,"培训收入明细表、
借聘人员明细表",西安中心,李妍昕,正常,,
443,销售至应收,收入确认及退回,A2_01_0001,收入确认,A20012,借聘劳务收入,"1122001000 应收账款-应收账款
1013001000 内部存款-内部结算存款
1013003001 内部存款-总部存款-日常
2401001000 递延收益-与资产有关的政府补助
2401002000 递延收益-与收益有关的政府补助
1012011000 其他货币资金-加油（气）站资金
1012998000 其他货币资金-其他
1221998000 其他应收款-其他
1221005998 其他应收款-补贴款-其他
核销未清项科目","6051001000 其他业务收入-其他业务收入
2221001002 应交税费-应交税金-应交增值税-销项税额",是指企业将员工借聘至其他单位取得的劳务收入,收入确认单,借聘劳务收入确认单,借聘人员明细表,西安中心,白婧,正常,,
444,销售至应收,收入确认及退回,A2_01_0001,收入确认,A20013,仓储服务收入,"1122001000 应收账款-应收账款
1013001000 内部存款-内部结算存款
1013003001 内部存款-总部存款-日常
2401001000 递延收益-与资产有关的政府补助
2401002000 递延收益-与收益有关的政府补助
1012011000 其他货币资金-加油（气）站资金
1012998000 其他货币资金-其他
1221998000 其他应收款-其他
1221005998 其他应收款-补贴款-其他
核销未清项科目","6051001000 其他业务收入-其他业务收入
2221001002 应交税费-应交税金-应交增值税-销项税额",是指企业提供仓储服务取得的收入,收入确认单,仓储服务收入确认单,,西安中心,曹琳,正常,,
445,销售至应收,收入确认及退回,A2_01_0001,收入确认,A20014,装卸收入,"1122001000 应收账款-应收账款
1013001000 内部存款-内部结算存款
1013003001 内部存款-总部存款-日常
2401001000 递延收益-与资产有关的政府补助
2401002000 递延收益-与收益有关的政府补助
1012011000 其他货币资金-加油（气）站资金
1012998000 其他货币资金-其他
1221998000 其他应收款-其他
1221005998 其他应收款-补贴款-其他
核销未清项科目","6051001000 其他业务收入-其他业务收入
2221001002 应交税费-应交税金-应交增值税-销项税额",是指企业提供装卸服务取得的收入,收入确认单,装卸收入确认单,,西安中心,徐丽君,正常,,
446,销售至应收,收入确认及退回,A2_01_0001,收入确认,A20015,特许经营费收入,"1122001000 应收账款-应收账款
1013001000 内部存款-内部结算存款
1013003001 内部存款-总部存款-日常
2401001000 递延收益-与资产有关的政府补助
2401002000 递延收益-与收益有关的政府补助
1012011000 其他货币资金-加油（气）站资金
1012998000 其他货币资金-其他
1221998000 其他应收款-其他
1221005998 其他应收款-补贴款-其他
核销未清项科目","6051001000 其他业务收入-其他业务收入
2221001002 应交税费-应交税金-应交增值税-销项税额",是指企业将品牌、技术、专利等授权给他人而获得的特许权使用或许可所取得的收入,收入确认单,特许经营费收入确认单,"从价计价方式明细表、
从量计价方式明细表",西安中心,郭雅莹,正常,,
447,销售至应收,收入确认及退回,A2_01_0001,收入确认,A20016,标书款收入,"1122001000 应收账款-应收账款
1013001000 内部存款-内部结算存款
1013003001 内部存款-总部存款-日常
2401001000 递延收益-与资产有关的政府补助
2401002000 递延收益-与收益有关的政府补助
1012011000 其他货币资金-加油（气）站资金
1012998000 其他货币资金-其他
1221998000 其他应收款-其他
1221005998 其他应收款-补贴款-其他
核销未清项科目","6051001000 其他业务收入-其他业务收入
2221001002 应交税费-应交税金-应交增值税-销项税额",是指企业在招投标过程中，通过出售招标文件要求签署并提交相关文档和资料所取得的收入。,收入确认单,标书款收入确认单,,西安中心,李丽杰,正常,,
448,销售至应收,收入确认及退回,A2_01_0001,收入确认,A20017,餐饮收入,"1122001000 应收账款-应收账款
1013001000 内部存款-内部结算存款
1013003001 内部存款-总部存款-日常
2401001000 递延收益-与资产有关的政府补助
2401002000 递延收益-与收益有关的政府补助
1012011000 其他货币资金-加油（气）站资金
1012998000 其他货币资金-其他
1221998000 其他应收款-其他
1221005998 其他应收款-补贴款-其他
核销未清项科目","6051001000 其他业务收入-其他业务收入
2221001002 应交税费-应交税金-应交增值税-销项税额",是指企业提供餐饮服务业务取得的收入,收入确认单,餐饮收入确认单,"零星客户就餐统计表、
团队就餐统计表",西安中心,李妍昕,正常,,
449,销售至应收,收入确认及退回,A2_01_0001,收入确认,A20018,港口码头收费收入,"1122001000 应收账款-应收账款
1013001000 内部存款-内部结算存款
1013003001 内部存款-总部存款-日常
2401001000 递延收益-与资产有关的政府补助
2401002000 递延收益-与收益有关的政府补助
1012011000 其他货币资金-加油（气）站资金
1012998000 其他货币资金-其他
1221998000 其他应收款-其他
1221005998 其他应收款-补贴款-其他
核销未清项科目","6051001000 其他业务收入-其他业务收入
2221001002 应交税费-应交税金-应交增值税-销项税额",是指企业提供港口码头基础服务业务取得的收入,收入确认单,港口码头收费收入确认单,港口码头收入明细表,西安中心,徐丽君,正常,,
450,销售至应收,收入确认及退回,A2_01_0001,收入确认,A20019,罚没利得-常规罚款,1221004000 其他应收款-应收赔款、罚款,6301001000 营业外收入-罚没利得,是指除逾期未退包装物没收押金外的其他各项没收和罚款,收入确认单,罚没利得表单,,成都中心,孟明翠,正常,,
451,销售至应收,收入确认及退回,A2_01_0001,收入确认,A20020,罚没利得-逾期未退包装物没收的加收押金,"1122001000 应收账款-应收账款
1013001000 内部存款-内部结算存款
1013003001 内部存款-总部存款-日常
2401001000 递延收益-与资产有关的政府补助
2401002000 递延收益-与收益有关的政府补助
1012011000 其他货币资金-加油（气）站资金
1012998000 其他货币资金-其他
1221998000 其他应收款-其他
1221005998 其他应收款-补贴款-其他
核销未清项科目","6301001000 营业外收入-罚没利得
2221001002 应交税费-应交税金-应交增值税-销项税额",是指逾期未退包装物没收的押金,收入确认单,罚没利得表单,,成都中心,孟明翠,正常,,
452,销售至应收,收入确认及退回,A2_01_0001,收入确认,A20021,捐赠利得,1403000000 原材料,6301003000 营业外收入-捐赠利得,是指企业接受捐赠产生的利得,收入确认单,捐赠利得表单,,成都中心,杨钦然,正常,,
453,销售至应收,收入确认及退回,A2_01_0001,收入确认,A20022,拨款转入,"1122001000 应收账款-应收账款
1013001000 内部存款-内部结算存款
1013003001 内部存款-总部存款-日常
2401001000 递延收益-与资产有关的政府补助
2401002000 递延收益-与收益有关的政府补助
1012011000 其他货币资金-加油（气）站资金
1012998000 其他货币资金-其他
1221998000 其他应收款-其他
1221005998 其他应收款-补贴款-其他
核销未清项科目","6301005000 营业外收入-拨款转入
2221001002 应交税费-应交税金-应交增值税-销项税额",是指企业收到国家或其他单位拨入的专门用于特定项目（如技术改造、技术研究等）的资金，在项目完成后，按规定转入资本公积的部分。,收入确认单,拨款收入确认单,,成都中心,戴梦琳,正常,,
454,销售至应收,收入确认及退回,A2_01_0001,收入确认,A20023,集团矿区补贴收入,"1122001000 应收账款-应收账款
1013001000 内部存款-内部结算存款
1013003001 内部存款-总部存款-日常
2401001000 递延收益-与资产有关的政府补助
2401002000 递延收益-与收益有关的政府补助
1012011000 其他货币资金-加油（气）站资金
1012998000 其他货币资金-其他
1221998000 其他应收款-其他
1221005998 其他应收款-补贴款-其他
核销未清项科目","6301007001 营业外收入-集团补贴收入-矿区补贴
2221001002 应交税费-应交税金-应交增值税-销项税额",是指从集团公司取得的矿区补贴收入,收入确认单,集团矿区补贴收入表单,集团矿区补贴分摊明细,成都中心,赵青,正常,,
455,销售至应收,收入确认及退回,A2_01_0001,收入确认,A20024,违约赔偿收入,"1122001000 应收账款-应收账款
1013001000 内部存款-内部结算存款
1013003001 内部存款-总部存款-日常
2401001000 递延收益-与资产有关的政府补助
2401002000 递延收益-与收益有关的政府补助
1012011000 其他货币资金-加油（气）站资金
1012998000 其他货币资金-其他
1221998000 其他应收款-其他
1221005998 其他应收款-补贴款-其他
核销未清项科目","6301008000 营业外收入-违约赔偿收入
2221001002 应交税费-应交税金-应交增值税-销项税额",是指企业因对方违反合同或协议而遭受损失后获得的赔偿金额,收入确认单,违约赔偿收入表单,,成都中心,杨钦然,正常,,
456,销售至应收,收入确认及退回,A2_01_0001,收入确认,A20025,政府奖励确认,核销未清项科目,"2401001000 递延收益-与资产有关的政府补助
2401002000 递延收益-与收益有关的政府补助",与企业日常经营业务不相关的政府奖励，该业务场景特指以现金形式的奖励方式所取得的收入,收入确认单,政府奖励收入表单,,大庆中心,韩雪,正常,,
457,销售至应收,收入确认及退回,A2_01_0001,收入确认,A20028,税费返还,"2221001022 应交税费-应交税金-应交增值税-减免税款
2221001027 应交税费-应交税金-未交增值税-本期转入数
6403001001 税金及附加-主营业务税金及附加-消费税
6403002001 税金及附加-其他业务税金及附加-消费税","1117002000 应收出口退税款-消费税
5047540000 自用成品油消费税返还
6302009001 其他收益-进项税加计抵减应纳税额-生活性服务业
6302009002 其他收益-进项税加计抵减应纳税额-生产性服务业
6302998000 其他收益-其他",是指政府以税费返还形式支付给企业的经济补助,收入确认单,税费返还收入表单,,西安中心,徐丽君,正常,,
458,销售至应收,收入确认及退回,A2_01_0001,收入确认,A20029,三供一业分离移交补助,"1122001000 应收账款-应收账款
1013001000 内部存款-内部结算存款
1013003001 内部存款-总部存款-日常
2401001000 递延收益-与资产有关的政府补助
2401002000 递延收益-与收益有关的政府补助
1012011000 其他货币资金-加油（气）站资金
1012998000 其他货币资金-其他
1221998000 其他应收款-其他
1221005998 其他应收款-补贴款-其他
核销未清项科目",6301998000 营业外收入-其他,是指国有资本经营预算安排的用于支持中央部门管理企业职工家属区“三供一业”分离移交工作补助资金,收入确认单,三供一业分离移交补助收入表单,,成都中心,胡蝶,正常,,
459,销售至应收,收入确认及退回,A2_01_0001,收入确认,A20030,政府专项补助,"1122001000 应收账款-应收账款
1013001000 内部存款-内部结算存款
1013003001 内部存款-总部存款-日常
2401001000 递延收益-与资产有关的政府补助
2401002000 递延收益-与收益有关的政府补助
1012011000 其他货币资金-加油（气）站资金
1012998000 其他货币资金-其他
1221998000 其他应收款-其他
1221005998 其他应收款-补贴款-其他
核销未清项科目",6301998000 营业外收入-其他,是指特定用途的国家补贴收入,收入确认单,政府专项补助收入表单,,大庆中心,吴庆斌,正常,,
460,销售至应收,收入确认及退回,A2_01_0001,收入确认,A20031,政府搬迁补偿确认,核销未清项科目,"2401001000 递延收益-与资产有关的政府补助
2401002000 递延收益-与收益有关的政府补助",是指政府对企业的房屋、土地等进行征收而给予的经济补偿,收入确认单,政府搬迁补偿收入表单,,大庆中心,韩雪,正常,,
461,销售至应收,收入确认及退回,A2_01_0001,收入确认,A20032,稳岗补贴收入-常规补贴,1013001000 内部存款-内部结算存款,6301012000 营业外收入-稳岗补贴,是指帮助企业保持就业岗位稳定的财政补贴，用于激励企业采取有效措施稳定就业岗位，减少或避免裁员，以保障社会的就业和经济稳定性。该场景指直接确认收入的情况,收入确认单,稳岗补贴收入表单,,成都中心,程婧,正常,,
462,销售至应收,收入确认及退回,A2_01_0001,收入确认,A20033,稳岗补贴确认,核销未清项科目,"2401001000 递延收益-与资产有关的政府补助
2401002000 递延收益-与收益有关的政府补助",是指帮助企业保持就业岗位稳定的财政补贴，用于激励企业采取有效措施稳定就业岗位，减少或避免裁员，以保障社会的就业和经济稳定性。该场景指使用以前递延收益结转方式确认收入的情况,收入确认单,稳岗补贴收入表单,,成都中心,程婧,正常,,
463,销售至应收,收入确认及退回,A2_01_0001,收入确认,A20034,出售碳排放权资产,"1122001000 应收账款-应收账款
1013001000 内部存款-内部结算存款
1013003001 内部存款-总部存款-日常
2401001000 递延收益-与资产有关的政府补助
2401002000 递延收益-与收益有关的政府补助
1012011000 其他货币资金-加油（气）站资金
1012998000 其他货币资金-其他
1221998000 其他应收款-其他
1221005998 其他应收款-补贴款-其他
核销未清项科目",6301013000 营业外收入-碳排放权资产,是指企业将其拥有的碳排放配额或核证减排量（CCER）在碳排放权交易市场上进行交易获取的经济收益,收入确认单,出售碳排放权资产收入表单,,成都中心,杨钦然,正常,,
464,销售至应收,收入确认及退回,A2_01_0001,收入确认,A20038,货币资金盘盈利得,"1122001000 应收账款-应收账款
1013001000 内部存款-内部结算存款
1013003001 内部存款-总部存款-日常
2401001000 递延收益-与资产有关的政府补助
2401002000 递延收益-与收益有关的政府补助
1012011000 其他货币资金-加油（气）站资金
1012998000 其他货币资金-其他
1221998000 其他应收款-其他
1221005998 其他应收款-补贴款-其他
核销未清项科目",6301998000 营业外收入-其他,是指企业对于现金等资产清查盘点中盘盈的资产、报经批准后计入营业外收入的金额,收入确认单,货币资金盘盈利得业务表单,,成都中心,李先慧,正常,,
465,销售至应收,收入确认及退回,A2_01_0001,收入确认,A20036,无法支付的应付款项,核销、2202001000应付账款-应付账款、2241其他应付款,6301002000 营业外收入-无法支付的应付款项,是指企业确实无法支付或无需支付的应付款确认利得,收入确认单,无法支付的应付款项业务表单,,成都中心,杨钦然,正常,,
466,销售至应收,收入确认及退回,A2_01_0001,收入确认,A20037,资产再次评估增值,"1901001000 待处理财产损溢-待处理流动资产损溢
1901002000 待处理财产损溢-待处理非流动资产损溢",6301004000 营业外收入-资产再次评估增值,是指企业对其占用的资产进行重新估价时，重估价值大于账面价值的数额，经审批后确认的利得,收入确认单,资产再次评估增值业务表单,,大庆中心,吴庆斌,正常,,
467,销售至应收,收入确认及退回,A2_01_0001,收入确认,A20045,供暖服务收入,"1122001000 应收账款-应收账款
1013001000 内部存款-内部结算存款
1013003001 内部存款-总部存款-日常
2401001000 递延收益-与资产有关的政府补助
2401002000 递延收益-与收益有关的政府补助
1012011000 其他货币资金-加油（气）站资金
1012998000 其他货币资金-其他
1221998000 其他应收款-其他
1221005998 其他应收款-补贴款-其他
核销未清项科目","6051001000 其他业务收入-其他业务收入
2221001002 应交税费-应交税金-应交增值税-销项税额",适用收入准则，非集成、需要手工确认的零星供暖服务收入,收入确认单,供暖服务收入表单,,西安中心,曹琳,正常,,
468,销售至应收,收入确认及退回,A2_01_0001,收入确认,A20047,房屋租赁收入,"1122001000 应收账款-应收账款
1013001000 内部存款-内部结算存款
1013003001 内部存款-总部存款-日常
2401001000 递延收益-与资产有关的政府补助
2401002000 递延收益-与收益有关的政府补助
1012011000 其他货币资金-加油（气）站资金
1012998000 其他货币资金-其他
1221998000 其他应收款-其他
1221005998 其他应收款-补贴款-其他
核销未清项科目","6051003000 其他业务收入-租赁收入
2221001002 应交税费-应交税金-应交增值税-销项税额",适用收入准则，非集成、需要手工确认的零星房屋租赁收入,收入确认单,房屋租赁收入表单,,西安中心,曹琳,正常,,
469,销售至应收,收入确认及退回,A2_01_0001,收入确认,A20048,车位租赁收入,"1122001000 应收账款-应收账款
1013001000 内部存款-内部结算存款
1013003001 内部存款-总部存款-日常
2401001000 递延收益-与资产有关的政府补助
2401002000 递延收益-与收益有关的政府补助
1012011000 其他货币资金-加油（气）站资金
1012998000 其他货币资金-其他
1221998000 其他应收款-其他
1221005998 其他应收款-补贴款-其他
核销未清项科目","6051003000 其他业务收入-租赁收入
2221001002 应交税费-应交税金-应交增值税-销项税额",适用收入准则，非集成、需要手工确认的零星车位租赁收入,收入确认单,车位租赁收入表单,,西安中心,曹琳,正常,,
470,销售至应收,收入确认及退回,A2_01_0001,收入确认,A20049,客运月票收入,"1122001000 应收账款-应收账款
1013001000 内部存款-内部结算存款
1013003001 内部存款-总部存款-日常
2401001000 递延收益-与资产有关的政府补助
2401002000 递延收益-与收益有关的政府补助
1012011000 其他货币资金-加油（气）站资金
1012998000 其他货币资金-其他
1221998000 其他应收款-其他
1221005998 其他应收款-补贴款-其他
核销未清项科目","6051001000 其他业务收入-其他业务收入
2221001002 应交税费-应交税金-应交增值税-销项税额",适用收入准则，非集成、需要手工确认的零星客运月票收入,收入确认单,客运月票收入表单,,西安中心,曹琳,正常,,
471,销售至应收,收入确认及退回,A2_01_0001,收入确认,A20046,总部支持服务费收入,"1122001000 应收账款-应收账款
1013001000 内部存款-内部结算存款
1013003001 内部存款-总部存款-日常
2401001000 递延收益-与资产有关的政府补助
2401002000 递延收益-与收益有关的政府补助
1012011000 其他货币资金-加油（气）站资金
1012998000 其他货币资金-其他
1221998000 其他应收款-其他
1221005998 其他应收款-补贴款-其他
核销未清项科目","6051001000 其他业务收入-其他业务收入
2221001002 应交税费-应交税金-应交增值税-销项税额",是指地区公司机关收取下级单位的总部支持服务费收入，直接由地区公司机关开具专用发票与二级单位进行结算,收入确认单,总部支持服务费收入表,,成都中心,曹政,正常,,
472,销售至应收,收入确认及退回,A2_01_0001,收入确认,A20041,住宿费收入,"1122001000 应收账款-应收账款
1013001000 内部存款-内部结算存款
1013003001 内部存款-总部存款-日常
2401001000 递延收益-与资产有关的政府补助
2401002000 递延收益-与收益有关的政府补助
1012011000 其他货币资金-加油（气）站资金
1012998000 其他货币资金-其他
1221998000 其他应收款-其他
1221005998 其他应收款-补贴款-其他
核销未清项科目","6051001000 其他业务收入-其他业务收入
2221001002 应交税费-应交税金-应交增值税-销项税额",是指企业或个人提供住宿服务所取得的收入,收入确认单,住宿费收入表,,西安中心,郭雅莹,正常,,
473,销售至应收,收入确认及退回,A2_01_0001,收入确认,A20050,晒图费收入,"1122001000 应收账款-应收账款
1013001000 内部存款-内部结算存款
1013003001 内部存款-总部存款-日常
1012011000 其他货币资金-加油（气）站资金
1012998000 其他货币资金-其他
1221998000 其他应收款-其他
1221005998 其他应收款-补贴款-其他
核销未清项科目","6051001000 其他业务收入-其他业务收入
2221001002 应交税费-应交税金-应交增值税-销项税额",是指在设计和绘图过程中，将设计图纸通过晒图机输出到感光材料上所产生的费用。,收入确认单,晒图费收入汇总表,,成都中心,曹政,正常,,
474,销售至应收,收入确认及退回,A2_01_0001,收入确认,A20051,中意人寿保险委托服务收入,"1122001000 应收账款-应收账款
1013001000 内部存款-内部结算存款
1013003001 内部存款-总部存款-日常
1012011000 其他货币资金-加油（气）站资金
1012998000 其他货币资金-其他
1221998000 其他应收款-其他
1221005998 其他应收款-补贴款-其他
核销未清项科目","6301998000 营业外收入-其他
2221001002 应交税费-应交税金-应交增值税-销项税额",是指企业为中意人寿保险公司提供保险业务销售、客户服务等活动所获得的收入,收入确认单,中意人寿保险委托服务收入汇总表,,成都中心,曹政,正常,,
475,销售至应收,收入确认及退回,A2_01_0001,收入确认,A20052,地磅过磅服务费收入,"1122001000 应收账款-应收账款
1013001000 内部存款-内部结算存款
1013003001 内部存款-总部存款-日常
1012011000 其他货币资金-加油（气）站资金
1012998000 其他货币资金-其他
1221998000 其他应收款-其他
1221005998 其他应收款-补贴款-其他
核销未清项科目","6051001000 其他业务收入-其他业务收入
2221001002 应交税费-应交税金-应交增值税-销项税额",指企业为客户提供地磅进行称重服务而取得的收入,收入确认单,地磅过磅服务费收入汇总表,,西安中心,蒲芊芊,正常,,
476,销售至应收,收入确认及退回,A2_01_0001,收入确认,A20053,污水处理费收入,"1122001000 应收账款-应收账款
1013001000 内部存款-内部结算存款
1013003001 内部存款-总部存款-日常
1012011000 其他货币资金-加油（气）站资金
1012998000 其他货币资金-其他
1221998000 其他应收款-其他
1221005998 其他应收款-补贴款-其他
核销未清项科目","6051001000 其他业务收入-其他业务收入
2221001002 应交税费-应交税金-应交增值税-销项税额",指企业因提供污水处理服务，按照规定向污水排放者收取的费用所形成的收入,收入确认单,污水处理费收入,,成都中心,曹政,正常,,
477,销售至应收,收入确认及退回,A2_01_0001,收入确认,A20054,小微企业”六税两费“减免,"2221001052 应交税费-应交税金-资源税-原油
2221001053 应交税费-应交税金-资源税-天然气
2221001054 应交税费-应交税金-资源税-凝析油
2221001056 应交税费-应交税金-资源税-煤层气
2221001057 应交税费-应交税金-资源税-黏土
2221001058 应交税费-应交税金-资源税-砂石
2221001059 应交税费-应交税金-资源税-页岩气
2221001060 应交税费-应交税金-资源税-致密气
2221001061 应交税费-应交税金-资源税-硫化氢气
2221001062 应交税费-应交税金-资源税-天然气水合物
2221001063 应交税费-应交税金-资源税-油页岩
2221001064 应交税费-应交税金-资源税-油砂
2221001065 应交税费-应交税金-资源税-天然沥青
2221001066 应交税费-应交税金-资源税-石煤
2221001067 应交税费-应交税金-资源税-地热
2221001997 应交税费-应交税金-资源税-其他
2221001071 应交税费-应交税金-城市维护建设税-增值税
2221001072 应交税费-应交税金-城市维护建设税-消费税
2221001073 应交税费-应交税金-房产税-自用房产
2221001074 应交税费-应交税金-房产税-出租房产 
2221001075 应交税费-应交税金-城镇土地使用税-大城市
2221001076 应交税费-应交税金-城镇土地使用税-中等城市
2221001077 应交税费-应交税金-城镇土地使用税-小城市
2221001078 应交税费-应交税金-城镇土地使用税-县城、建制镇、工矿区
2221001082 应交税费-应交税金-印花税
2221001083 应交税费-应交税金-耕地占用税 
2221002001 应交税费-行政性收费-应交教育费附加-教育费附加-增值税
2221002002 应交税费-行政性收费-应交教育费附加-教育费附加-消费税 
2221002003 应交税费-行政性收费-应交教育费附加-地方教育费-增值税
2221002004 应交税费-行政性收费-应交教育费附加-地方教育费-消费税",6302998000其他收益-其他,指小微企业按照政府相关文件满足”六税两费“税收优惠政策条件时，通过填写该场景确认相关税收减免,收入确认单,小微企业”六税两费“减免,,成都中心,曹政,正常,,
478,销售至应收,收入确认及退回,A2_01_0001,收入确认,A20040,旅游收入,"1122001000 应收账款-应收账款
1013001000 内部存款-内部结算存款
1013003001 内部存款-总部存款-日常
1012011000 其他货币资金-加油（气）站资金
1012998000 其他货币资金-其他
1221998000 其他应收款-其他
1221005998 其他应收款-补贴款-其他
核销未清项科目","6051001000 其他业务收入-其他业务收入
2221001002 应交税费-应交税金-应交增值税-销项税额",指企业为客户提供旅游服务、销售旅游商品所收取的旅游收入，且无合同、金额不超过5万,收入确认单,旅游收入,,西安中心,白婧,正常,,
479,销售至应收,收入确认及退回,A2_01_0001,收入确认,A20055,商品销售收入,"1122001000 应收账款-应收账款
1013001000 内部存款-内部结算存款
1013003001 内部存款-总部存款-日常
1012011000 其他货币资金-加油（气）站资金
1012998000 其他货币资金-其他
1221998000 其他应收款-其他
1221005998 其他应收款-补贴款-其他
核销未清项科目","6051001000 其他业务收入-其他业务收入
2221001002 应交税费-应交税金-应交增值税-销项税额",指企业超市中的库存商品，转移所有权并取得相应的销售收入,收入确认单,商品销售收入,,西安中心,郭雅莹,正常,,
480,销售至应收,收入确认及退回,A2_01_0001,收入确认,A20056,停车费收入,"1122001000 应收账款-应收账款
1013001000 内部存款-内部结算存款
1013003001 内部存款-总部存款-日常
1012011000 其他货币资金-加油（气）站资金
1012998000 其他货币资金-其他
1221998000 其他应收款-其他
1221005998 其他应收款-补贴款-其他
核销未清项科目","6051001000 其他业务收入-其他业务收入
2221001002 应交税费-应交税金-应交增值税-销项税额",指停车费收入业务,收入确认单,停车费收入,,西安中心,郭雅莹,正常,,
481,销售至应收,收入确认及退回,A2_01_0001,收入确认,A20044,共享服务费收入,"1122001000 应收账款-应收账款
1013001000 内部存款-内部结算存款
1013003001 内部存款-总部存款-日常
1012011000 其他货币资金-加油（气）站资金
1012998000 其他货币资金-其他
1221998000 其他应收款-其他
1221005998 其他应收款-补贴款-其他
核销未清项科目","6051001000 其他业务收入-其他业务收入
2221001002 应交税费-应交税金-应交增值税-销项税额",指通过提供共享服务所获得的费用收入，比如服务费用、广告推广、数据价值等,收入确认单,共享服务费收入,,西安中心,蒲芊芊,正常,,
482,销售至应收,收入确认及退回,A2_01_0001,收入确认,A20042,会议费收入,"1122001000 应收账款-应收账款
1013001000 内部存款-内部结算存款
1013003001 内部存款-总部存款-日常
1012011000 其他货币资金-加油（气）站资金
1012998000 其他货币资金-其他
1221998000 其他应收款-其他
1221005998 其他应收款-补贴款-其他
核销未清项科目","6051001000 其他业务收入-其他业务收入
2221001002 应交税费-应交税金-应交增值税-销项税额",指企业通过举办会议所获得的收入,收入确认单,会议费收入,,西安中心,蒲芊芊,正常,,
483,销售至应收,收入确认及退回,A2_01_0001,收入确认,A20043,检验检测服务收入,"1122001000 应收账款-应收账款
1013001000 内部存款-内部结算存款
1013003001 内部存款-总部存款-日常
1012011000 其他货币资金-加油（气）站资金
1012998000 其他货币资金-其他
1221998000 其他应收款-其他
1221005998 其他应收款-补贴款-其他
核销未清项科目","6051001000 其他业务收入-其他业务收入
2221001002 应交税费-应交税金-应交增值税-销项税额",指提供检验检测服务的企业或个人基于其技术能力和服务水平收取的费用，属于技术服务收入或检测收入,收入确认单,检验检测服务收入,,西安中心,蒲芊芊,正常,,
484,销售至应收,收入确认及退回,A2_01_0001,收入确认,A20057,公寓床位费收入,"1122001000 应收账款-应收账款
1013001000 内部存款-内部结算存款
1013003001 内部存款-总部存款-日常
1012011000 其他货币资金-加油（气）站资金
1012998000 其他货币资金-其他
1221998000 其他应收款-其他
1221005998 其他应收款-补贴款-其他
核销未清项科目","6051001000 其他业务收入-其他业务收入
2221001002 应交税费-应交税金-应交增值税-销项税额",通常指地区公司对外出租床位收取的费用,收入确认单,公寓床位费收入,,大庆中心,许美玲,正常,,
485,销售至应收,收入确认及退回,A2_01_0001,收入确认,A20058,文体馆营业收入,"1122001000 应收账款-应收账款
1013001000 内部存款-内部结算存款
1013003001 内部存款-总部存款-日常
1012011000 其他货币资金-加油（气）站资金
1012998000 其他货币资金-其他
1221998000 其他应收款-其他
1221005998 其他应收款-补贴款-其他
核销未清项科目","6051001000 其他业务收入-其他业务收入
2221001002 应交税费-应交税金-应交增值税-销项税额",通常指企业自营的文体馆营业收入,收入确认单,文体馆营业收入,,大庆中心,许美玲,正常,,
486,销售至应收,收入确认及退回,A2_01_0001,收入确认,A20059,工本费收入,"1122001000 应收账款-应收账款
1013001000 内部存款-内部结算存款
1013003001 内部存款-总部存款-日常
1012011000 其他货币资金-加油（气）站资金
1012998000 其他货币资金-其他
1221998000 其他应收款-其他
1221005998 其他应收款-补贴款-其他
核销未清项科目","6051001000 其他业务收入-其他业务收入
2221001002 应交税费-应交税金-应交增值税-销项税额",通常是指企业为员工、外部单位办理出入证、工作证、培训结业证等证件产生的工本费用收入,收入确认单,工本费收入,,西安中心,曹琳,正常,,
487,销售至应收,收入确认及退回,A2_01_0001,收入确认,A20060,广电业务收入,"1122001000 应收账款-应收账款
1013001000 内部存款-内部结算存款
1013003001 内部存款-总部存款-日常
1012011000 其他货币资金-加油（气）站资金
1012998000 其他货币资金-其他
1221998000 其他应收款-其他
1221005998 其他应收款-补贴款-其他
核销未清项科目","6051001000 其他业务收入-其他业务收入
2221001002 应交税费-应交税金-应交增值税-销项税额",通常是指企业为员工、外部单位提供电视收视、广告服务等业务活动所产生的经济收益,收入确认单,广电业务收入,,西安中心,曹琳,正常,,
488,销售至应收,收入确认及退回,A2_01_0001,收入确认,A20061,合资合作项目上级管理费收入,"1122001000 应收账款-应收账款
1013001000 内部存款-内部结算存款
1013003001 内部存款-总部存款-日常
1012011000 其他货币资金-加油（气）站资金
1012998000 其他货币资金-其他
1221998000 其他应收款-其他
1221005998 其他应收款-补贴款-其他
核销未清项科目","6051001000 其他业务收入-其他业务收入
2221001002 应交税费-应交税金-应交增值税-销项税额",按合作项目产品分成合同中方账应收取的上级管理费收入、联合账名义工资收入等,收入确认单,合资合作项目上级管理费收入,,成都中心,付春丽,正常,,
489,销售至应收,收入确认及退回,A2_01_0001,收入确认,A20062,绿化及环境卫生费收入,"1122001000 应收账款-应收账款
1013001000 内部存款-内部结算存款
1013003001 内部存款-总部存款-日常
1012011000 其他货币资金-加油（气）站资金
1012998000 其他货币资金-其他
1221998000 其他应收款-其他
1221005998 其他应收款-补贴款-其他
核销未清项科目","6051001000 其他业务收入-其他业务收入
2221001002 应交税费-应交税金-应交增值税-销项税额",通常是指企业通过提供环境维护与绿化相关服务所获得的经济收益，比如垃圾清运服务费、植被养护、景观工程等,收入确认单,绿化及环境卫生费收入,,西安中心,曹琳,正常,,
490,销售至应收,收入确认及退回,A2_01_0001,收入确认,A20063,通讯服务收入,"1122001000 应收账款-应收账款
1013001000 内部存款-内部结算存款
1013003001 内部存款-总部存款-日常
1012011000 其他货币资金-加油（气）站资金
1012998000 其他货币资金-其他
1221998000 其他应收款-其他
1221005998 其他应收款-补贴款-其他
核销未清项科目","6051001000 其他业务收入-其他业务收入
2221001002 应交税费-应交税金-应交增值税-销项税额",通常是指企业通过提供通讯服务所获得的收入，比如电信服务、数据传输等,收入确认单,通讯服务收入,,西安中心,曹琳,正常,,
491,销售至应收,收入确认及退回,A2_01_0001,收入确认,A20064,运输服务收入,"1122001000 应收账款-应收账款
1013001000 内部存款-内部结算存款
1013003001 内部存款-总部存款-日常
1012011000 其他货币资金-加油（气）站资金
1012998000 其他货币资金-其他
1221998000 其他应收款-其他
1221005998 其他应收款-补贴款-其他
核销未清项科目","6051001000 其他业务收入-其他业务收入
2221001002 应交税费-应交税金-应交增值税-销项税额",通常是指企业通过提供运输服务所获得的收入，比如货物运输、装卸搬运收入等,收入确认单,运输服务收入,,西安中心,曹琳,正常,,
492,销售至应收,收入确认及退回,A2_01_0001,收入确认,A20065,文印费收入,"1122001000 应收账款-应收账款
1013001000 内部存款-内部结算存款
1013003001 内部存款-总部存款-日常
1012011000 其他货币资金-加油（气）站资金
1012998000 其他货币资金-其他
1221998000 其他应收款-其他
1221005998 其他应收款-补贴款-其他
核销未清项科目","①6051001000其他业务收入-其他业务收入
②2221001002应交税费-应交税金-应交增值税-销项税额",指企业提供打印、复印、印刷、装订等文印服务收取的费用，主要包含出入证工本费、印刷费,收入确认单,文印费收入,,成都中心,曹政,正常,,
493,销售至应收,收入确认及退回,A2_01_0001,收入确认,A20066,理发服务收入,"1122001000 应收账款-应收账款
1013001000 内部存款-内部结算存款
1013003001 内部存款-总部存款-日常
1012011000 其他货币资金-加油（气）站资金
1012998000 其他货币资金-其他
1221998000 其他应收款-其他
1221005998 其他应收款-补贴款-其他
核销未清项科目","①6051001000其他业务收入-其他业务收入
②2221001002应交税费-应交税金-应交增值税-销项税额",指企业提供洗剪吹烫染等服务收入的费用,收入确认单,理发服务收入,,成都中心,曹政,正常,,
494,销售至应收,收入确认及退回,A2_01_0001,收入确认,A20067,确认咨询服务收入,"1122001000 应收账款-应收账款
1013001000 内部存款-内部结算存款
1013003001 内部存款-总部存款-日常
1012011000 其他货币资金-加油（气）站资金
1012998000 其他货币资金-其他
1221998000 其他应收款-其他
1221005998 其他应收款-补贴款-其他
核销未清项科目","6051001000其他业务收入-其他业务收入
2221001002应交税费-应交税金-应交增值税-销项税额",指地区公司提供咨询服务收取相应费用产生的收入,收入确认单,确认咨询服务收入,,成都中心,曹政,正常,,
495,销售至应收,收入确认及退回,A2_01_0001,收入确认,A20068,土方款收入,"1122001000 应收账款-应收账款
1013001000 内部存款-内部结算存款
1013003001 内部存款-总部存款-日常
1012011000 其他货币资金-加油（气）站资金
1012998000 其他货币资金-其他
1221998000 其他应收款-其他
1221005998 其他应收款-补贴款-其他
核销未清项科目","①6051001000其他业务收入-其他业务收入
②2221001002应交税费-应交税金-应交增值税-销项税额",指地区公司收入的土方款收入,收入确认单,土方款收入业务信息表,,大庆中心,孙再冉,正常,,
496,销售至应收,收入确认及退回,A2_01_0001,收入确认,A20070,浴池门票收入,"1122001000 应收账款-应收账款
1013001000 内部存款-内部结算存款
1013003001 内部存款-总部存款-日常
1012011000 其他货币资金-加油（气）站资金
1012998000 其他货币资金-其他
1221998000 其他应收款-其他
1221005998 其他应收款-补贴款-其他
核销未清项科目","①6051001000其他业务收入-其他业务收入
②2221001002应交税费-应交税金-应交增值税-销项税额",指地区公司收取的浴池门票收入,收入确认单,浴池收入（门票）业务信息表,,大庆中心,包旋,正常,,
497,销售至应收,收入确认及退回,A2_01_0001,收入确认,A20071,物资采购服务收入,"1122001000 应收账款-应收账款
1013001000 内部存款-内部结算存款
1013003001 内部存款-总部存款-日常
1012011000 其他货币资金-加油（气）站资金
1012998000 其他货币资金-其他
1221998000 其他应收款-其他
1221005998 其他应收款-补贴款-其他
核销未清项科目","①6051001000其他业务收入-其他业务收入
②2221001002应交税费-应交税金-应交增值税-销项税额",指地区公司收取的物资采购服务费收入,收入确认单,物资采购服务费业务信息表,,大庆中心,陈景喆,正常,,
498,销售至应收,收入确认及退回,A2_01_0001,收入确认,A20073,计划生育管理收入,"1122001000 应收账款-应收账款
1013001000 内部存款-内部结算存款
1013003001 内部存款-总部存款-日常
1012011000 其他货币资金-加油（气）站资金
1012998000 其他货币资金-其他
1221998000 其他应收款-其他
1221005998 其他应收款-补贴款-其他
核销未清项科目","6051001000其他业务收入-其他业务收入
",指地区公司收取的驻矿计划生育管理费,收入确认单,驻矿单位计划生育管理费业务信息表,,大庆中心,刘小群,正常,,
499,销售至应收,收入确认及退回,A2_01_0001,收入确认,A20074,违纪款收入,"1122001000 应收账款-应收账款
1013001000 内部存款-内部结算存款
1013003001 内部存款-总部存款-日常
1012011000 其他货币资金-加油（气）站资金
1012998000 其他货币资金-其他
1221998000 其他应收款-其他
1221005998 其他应收款-补贴款-其他
核销未清项科目",6301998000营业外收入-其他,指地区公司收取的个人或单位违纪款收入,收入确认单,个人/单位违纪款业务信息表,,大庆中心,岳中庆,正常,,
500,销售至应收,收入确认及退回,A2_01_0001,收入确认,A20075,交通费收入,"1122001000 应收账款-应收账款
1013001000 内部存款-内部结算存款
1013003001 内部存款-总部存款-日常
1012011000 其他货币资金-加油（气）站资金
1012998000 其他货币资金-其他
1221998000 其他应收款-其他
1221005998 其他应收款-补贴款-其他
核销未清项科目","①6051001000其他业务收入-其他业务收入
②2221001002应交税费-应交税金-应交增值税-销项税额",指地区公司收取的外单位职工办公期间的用车交通费收入,收入确认单,交通收入业务信息表,,大庆中心,于晓玲,正常,,
501,销售至应收,收入确认及退回,A2_01_0001,收入确认,A20077,扩岗补助收入,"1122001000 应收账款-应收账款
1013001000 内部存款-内部结算存款
1013003001 内部存款-总部存款-日常
1012011000 其他货币资金-加油（气）站资金
1012998000 其他货币资金-其他
1221998000 其他应收款-其他
1221005998 其他应收款-补贴款-其他
核销未清项科目",6301015000营业外收入-政府扩岗补助,指地区公司收取的黑龙江省人社、教育厅和财政厅下拨的扩岗补助收入，激励企业吸纳高校毕业生，扩大市场化就业渠道,收入确认单,扩岗补助业务信息表,,大庆中心,于晓玲,正常,,
502,销售至应收,收入确认及退回,A2_01_0001,收入确认,A20078,集团科研收入,"1122001000 应收账款-应收账款
1013001000 内部存款-内部结算存款
1013003001 内部存款-总部存款-日常
1012011000 其他货币资金-加油（气）站资金
1012998000 其他货币资金-其他
1221998000 其他应收款-其他
1221005998 其他应收款-补贴款-其他
核销未清项科目","①6051001000其他业务收入-其他业务收入
②2221001002应交税费-应交税金-应交增值税-销项税额",指地区公司收取集团公司拨付的科研收入,收入确认单,集团科研收入业务信息表,,大庆中心,于晓玲,正常,,
503,销售至应收,收入确认及退回,A2_01_0001,收入确认,A20079,散灰服务费收入,"1122001000 应收账款-应收账款
1013001000 内部存款-内部结算存款
1013003001 内部存款-总部存款-日常
1012011000 其他货币资金-加油（气）站资金
1012998000 其他货币资金-其他
1221998000 其他应收款-其他
1221005998 其他应收款-补贴款-其他
核销未清项科目","①6051001000其他业务收入-其他业务收入
②2221001002应交税费-应交税金-应交增值税-销项税额",指地区公司购进水泥再加工后卖出取得的收入,收入确认单,散灰服务费收入业务信息表,,大庆中心,岳中庆,正常,,
504,销售至应收,收入确认及退回,A2_01_0001,收入确认,A20080,年审收入,"1122001000 应收账款-应收账款
1013001000 内部存款-内部结算存款
1013003001 内部存款-总部存款-日常
1012011000 其他货币资金-加油（气）站资金
1012998000 其他货币资金-其他
1221998000 其他应收款-其他
1221005998 其他应收款-补贴款-其他
核销未清项科目","①6051001000其他业务收入-其他业务收入
②2221001002应交税费-应交税金-应交增值税-销项税额",指地区公司审核外部供应商相关资质取得的外审收入,收入确认单,年审收入业务信息表,,大庆中心,岳中庆,正常,,
505,销售至应收,收入确认及退回,A2_01_0001,收入确认,A20081,滞纳金收入,"1122001000 应收账款-应收账款
1013001000 内部存款-内部结算存款
1013003001 内部存款-总部存款-日常
1012011000 其他货币资金-加油（气）站资金
1012998000 其他货币资金-其他
1221998000 其他应收款-其他
1221005998 其他应收款-补贴款-其他
核销未清项科目",6301001000营业外收入-罚没利得,指地区公司收取的因预存的电话费、网费不足以抵扣欠费，停机、销号或其他原因产生滞纳金收入,收入确认单,滞纳金收入业务信息表,,大庆中心,张盼晨,正常,,
506,销售至应收,收入确认及退回,A2_01_0001,收入确认,A20069,知识产权专项收入,"1122001000 应收账款-应收账款
1013001000 内部存款-内部结算存款
1013003001 内部存款-总部存款-日常
1012011000 其他货币资金-加油（气）站资金
1012998000 其他货币资金-其他
1221998000 其他应收款-其他
1221005998 其他应收款-补贴款-其他
核销未清项科目","①6301998000营业外收入-其他
②2221001002应交税费-应交税金-应交增值税-销项税额",指地区公司收取的知识产权专项经费收入,收入确认单,知识产权专项收入业务信息表,,大庆中心,孙再冉,正常,,
507,销售至应收,收入确认及退回,A2_01_0001,收入确认,A20072,稳定服务收入,"1122001000 应收账款-应收账款
1013001000 内部存款-内部结算存款
1013003001 内部存款-总部存款-日常
1012011000 其他货币资金-加油（气）站资金
1012998000 其他货币资金-其他
1221998000 其他应收款-其他
1221005998 其他应收款-补贴款-其他
核销未清项科目",6301998000营业外收入-其他,指地区公司收取的稳定费收入,收入确认单,稳定服务收入收入业务信息表,,大庆中心,刘小群,正常,,
508,销售至应收,收入确认及退回,A2_01_0001,收入确认,A20001,零星出售材料收入（退回）,"1122001000 应收账款-应收账款
1013001000 内部存款-内部结算存款
1013003001 内部存款-总部存款-日常
1012011000 其他货币资金-加油（气）站资金
1012998000 其他货币资金-其他
1221998000 其他应收款-其他
1221005998 其他应收款-补贴款-其他
核销未清项科目",参考同名收入确认业务场景,是指企业退回临时发生的出售原材料取得的收入,收入确认单,零星出售材料收入确认单,,大庆中心,石悦,正常,,
509,销售至应收,收入确认及退回,A2_01_0001,收入确认,A20002,出售生物性资产收入（退回）,"1122001000 应收账款-应收账款
1013001000 内部存款-内部结算存款
1013003001 内部存款-总部存款-日常
1012011000 其他货币资金-加油（气）站资金
1012998000 其他货币资金-其他
1221998000 其他应收款-其他
1221005998 其他应收款-补贴款-其他
核销未清项科目",参考同名收入确认业务场景,是指企业退回出售生物性资产取得的收入,收入确认单,出售生物性资产收入确认单,,成都中心,赵青,正常,,
510,销售至应收,收入确认及退回,A2_01_0001,收入确认,A20003,出售废旧物资收入（退回）,"1122001000 应收账款-应收账款
1013001000 内部存款-内部结算存款
1013003001 内部存款-总部存款-日常
1012011000 其他货币资金-加油（气）站资金
1012998000 其他货币资金-其他
1221998000 其他应收款-其他
1221005998 其他应收款-补贴款-其他
核销未清项科目",参考同名收入确认业务场景,是指企业退回出售废旧物资取得收入,收入确认单,出售废旧物资收入确认单,,成都中心,周游,正常,,
511,销售至应收,收入确认及退回,A2_01_0001,收入确认,A20004,转供水收入（退回）,"1122001000 应收账款-应收账款
1013001000 内部存款-内部结算存款
1013003001 内部存款-总部存款-日常
1012011000 其他货币资金-加油（气）站资金
1012998000 其他货币资金-其他
1221998000 其他应收款-其他
1221005998 其他应收款-补贴款-其他
核销未清项科目",参考同名收入确认业务场景,是指非供水企业退回出售给施工单位等第三方水取得的收入,收入确认单,转供水收入确认单,,西安中心,曹琳,正常,,
512,销售至应收,收入确认及退回,A2_01_0001,收入确认,A20005,转供电收入（退回）,"1122001000 应收账款-应收账款
1013001000 内部存款-内部结算存款
1013003001 内部存款-总部存款-日常
1012011000 其他货币资金-加油（气）站资金
1012998000 其他货币资金-其他
1221998000 其他应收款-其他
1221005998 其他应收款-补贴款-其他
核销未清项科目",参考同名收入确认业务场景,是指非供水企业退回出售给施工单位等第三方电取得的收入,收入确认单,转供电收入确认单,,西安中心,曹琳,正常,,
513,销售至应收,收入确认及退回,A2_01_0001,收入确认,A20006,出租广告位收入（退回）,"1122001000 应收账款-应收账款
1013001000 内部存款-内部结算存款
1013003001 内部存款-总部存款-日常
1012011000 其他货币资金-加油（气）站资金
1012998000 其他货币资金-其他
1221998000 其他应收款-其他
1221005998 其他应收款-补贴款-其他
核销未清项科目",参考同名收入确认业务场景,是指企业退回出租加油站等具有宣传效应的灯箱、广告牌等取得的收入,收入确认单,出租广告位收入确认单,,西安中心,李丽杰,正常,,
514,销售至应收,收入确认及退回,A2_01_0001,收入确认,A20007,出租包装物收入（退回）,"1122001000 应收账款-应收账款
1013001000 内部存款-内部结算存款
1013003001 内部存款-总部存款-日常
1012011000 其他货币资金-加油（气）站资金
1012998000 其他货币资金-其他
1221998000 其他应收款-其他
1221005998 其他应收款-补贴款-其他
核销未清项科目",参考同名收入确认业务场景,是指企业退回出租包装物取得的收入,收入确认单,出租包装物收入确认单,,大庆中心,石悦,正常,,
515,销售至应收,收入确认及退回,A2_01_0001,收入确认,A20008,出租资产收入（退回）,"1122001000 应收账款-应收账款
1013001000 内部存款-内部结算存款
1013003001 内部存款-总部存款-日常
1012011000 其他货币资金-加油（气）站资金
1012998000 其他货币资金-其他
1221998000 其他应收款-其他
1221005998 其他应收款-补贴款-其他
核销未清项科目",参考同名收入确认业务场景,是指企业退回出租商品取得的收入,收入确认单,出租资产收入确认单,,西安中心,徐丽君,正常,,
516,销售至应收,收入确认及退回,A2_01_0001,收入确认,A20010,手续费收入（退回）,"1122001000 应收账款-应收账款
1013001000 内部存款-内部结算存款
1013003001 内部存款-总部存款-日常
1012011000 其他货币资金-加油（气）站资金
1012998000 其他货币资金-其他
1221998000 其他应收款-其他
1221005998 其他应收款-补贴款-其他
核销未清项科目",参考同名收入确认业务场景,是指企业退回取得的手续费收入,收入确认单,手续费收入确认单,"办卡手续费明细表、
个税返还手续费明细表、
代扣其他税款手续费明细表",西安中心,蒲芊芊,正常,,
517,销售至应收,收入确认及退回,A2_01_0001,收入确认,A20011,培训费收入（退回）,"1122001000 应收账款-应收账款
1013001000 内部存款-内部结算存款
1013003001 内部存款-总部存款-日常
1012011000 其他货币资金-加油（气）站资金
1012998000 其他货币资金-其他
1221998000 其他应收款-其他
1221005998 其他应收款-补贴款-其他
核销未清项科目",参考同名收入确认业务场景,是指企业退回提供培训服务取得的收入,收入确认单,培训费收入确认单,培训收入明细表,西安中心,李妍昕,正常,,
518,销售至应收,收入确认及退回,A2_01_0001,收入确认,A20012,借聘劳务收入（退回）,"1122001000 应收账款-应收账款
1013001000 内部存款-内部结算存款
1013003001 内部存款-总部存款-日常
1012011000 其他货币资金-加油（气）站资金
1012998000 其他货币资金-其他
1221998000 其他应收款-其他
1221005998 其他应收款-补贴款-其他
核销未清项科目",参考同名收入确认业务场景,是指企业退回将员工借聘至其他单位取得的劳务收入,收入确认单,借聘劳务收入确认单,借聘人员明细表,西安中心,白婧,正常,,
519,销售至应收,收入确认及退回,A2_01_0001,收入确认,A20013,仓储服务收入（退回）,"1122001000 应收账款-应收账款
1013001000 内部存款-内部结算存款
1013003001 内部存款-总部存款-日常
1012011000 其他货币资金-加油（气）站资金
1012998000 其他货币资金-其他
1221998000 其他应收款-其他
1221005998 其他应收款-补贴款-其他
核销未清项科目",参考同名收入确认业务场景,是指企业退回提供仓储服务取得的收入,收入确认单,仓储服务收入确认单,,西安中心,曹琳,正常,,
520,销售至应收,收入确认及退回,A2_01_0001,收入确认,A20014,装卸收入（退回）,"1122001000 应收账款-应收账款
1013001000 内部存款-内部结算存款
1013003001 内部存款-总部存款-日常
1012011000 其他货币资金-加油（气）站资金
1012998000 其他货币资金-其他
1221998000 其他应收款-其他
1221005998 其他应收款-补贴款-其他
核销未清项科目",参考同名收入确认业务场景,是指企业退回提供装卸服务取得的收入,收入确认单,装卸收入确认单,,西安中心,徐丽君,正常,,
521,销售至应收,收入确认及退回,A2_01_0001,收入确认,A20015,特许经营费收入（退回）,"1122001000 应收账款-应收账款
1013001000 内部存款-内部结算存款
1013003001 内部存款-总部存款-日常
1012011000 其他货币资金-加油（气）站资金
1012998000 其他货币资金-其他
1221998000 其他应收款-其他
1221005998 其他应收款-补贴款-其他
核销未清项科目",参考同名收入确认业务场景,是指企业退回将品牌、技术、专利等授权给他人而获得的许可费或特许权使用费,收入确认单,特许经营费收入确认单,"从价计价方式明细表、
从量计价方式明细表",西安中心,郭雅莹,正常,,
522,销售至应收,收入确认及退回,A2_01_0001,收入确认,A20016,标书款收入（退回）,"1122001000 应收账款-应收账款
1013001000 内部存款-内部结算存款
1013003001 内部存款-总部存款-日常
1012011000 其他货币资金-加油（气）站资金
1012998000 其他货币资金-其他
1221998000 其他应收款-其他
1221005998 其他应收款-补贴款-其他
核销未清项科目",参考同名收入确认业务场景,是指企业退回在招投标过程中，向投标人收取的，根据招标文件的要求签署并提交的相关文档和资料的费用,收入确认单,标书款收入确认单,,西安中心,李丽杰,正常,,
523,销售至应收,收入确认及退回,A2_01_0001,收入确认,A20017,餐饮收入（退回）,"1122001000 应收账款-应收账款
1013001000 内部存款-内部结算存款
1013003001 内部存款-总部存款-日常
1012011000 其他货币资金-加油（气）站资金
1012998000 其他货币资金-其他
1221998000 其他应收款-其他
1221005998 其他应收款-补贴款-其他
核销未清项科目",参考同名收入确认业务场景,是指企业退回提供餐饮服务业务取得的收入,收入确认单,餐饮收入确认单,"零星客户就餐统计表、
团队就餐统计表",西安中心,李妍昕,正常,,
524,销售至应收,收入确认及退回,A2_01_0001,收入确认,A20018,港口码头收费收入（退回）,"1122001000 应收账款-应收账款
1013001000 内部存款-内部结算存款
1013003001 内部存款-总部存款-日常
1012011000 其他货币资金-加油（气）站资金
1012998000 其他货币资金-其他
1221998000 其他应收款-其他
1221005998 其他应收款-补贴款-其他
核销未清项科目",参考同名收入确认业务场景,指企业退回提供港口码头基础服务业务取得的收入,收入确认单,港口码头收费收入确认单,港口码头收入确认单,西安中心,徐丽君,正常,,
525,销售至应收,收入确认及退回,A2_01_0001,收入确认,A20019,罚没利得-常规罚款（退回）,"1122001000 应收账款-应收账款
1013001000 内部存款-内部结算存款
1013003001 内部存款-总部存款-日常
1012011000 其他货币资金-加油（气）站资金
1012998000 其他货币资金-其他
1221998000 其他应收款-其他
1221005998 其他应收款-补贴款-其他
核销未清项科目",参考同名收入确认业务场景,是指企业退回除逾期未退包装物没收押金外的其他各项没收和罚款,收入确认单,罚没利得表单,,成都中心,孟明翠,正常,,
526,销售至应收,收入确认及退回,A2_01_0001,收入确认,A20020,罚没利得-逾期未退包装物没收的加收押金（退回）,"1122001000 应收账款-应收账款
1013001000 内部存款-内部结算存款
1013003001 内部存款-总部存款-日常
1012011000 其他货币资金-加油（气）站资金
1012998000 其他货币资金-其他
1221998000 其他应收款-其他
1221005998 其他应收款-补贴款-其他
核销未清项科目",参考同名收入确认业务场景,是指企业退回逾期未退包装物没收的押金,收入确认单,罚没利得表单,,成都中心,孟明翠,正常,,
527,销售至应收,收入确认及退回,A2_01_0001,收入确认,A20021,捐赠利得（退回）,"1122001000 应收账款-应收账款
1013001000 内部存款-内部结算存款
1013003001 内部存款-总部存款-日常
1012011000 其他货币资金-加油（气）站资金
1012998000 其他货币资金-其他
1221998000 其他应收款-其他
1221005998 其他应收款-补贴款-其他
核销未清项科目",参考同名收入确认业务场景,是指企业退回接受捐赠产生的利得,收入确认单,捐赠利得表单,,成都中心,杨钦然,正常,,
528,销售至应收,收入确认及退回,A2_01_0001,收入确认,A20023,集团矿区补贴收入（退回）,"1122001000 应收账款-应收账款
1013001000 内部存款-内部结算存款
1013003001 内部存款-总部存款-日常
1012011000 其他货币资金-加油（气）站资金
1012998000 其他货币资金-其他
1221998000 其他应收款-其他
1221005998 其他应收款-补贴款-其他
核销未清项科目",参考同名收入确认业务场景,是指企业退回从集团公司取得的矿区补贴收入,收入确认单,集团矿区补贴收入表单,集团矿区补贴分摊明细,成都中心,赵青,正常,,
529,销售至应收,收入确认及退回,A2_01_0001,收入确认,A20024,违约赔偿收入（退回）,"1122001000 应收账款-应收账款
1013001000 内部存款-内部结算存款
1013003001 内部存款-总部存款-日常
1012011000 其他货币资金-加油（气）站资金
1012998000 其他货币资金-其他
1221998000 其他应收款-其他
1221005998 其他应收款-补贴款-其他
核销未清项科目",参考同名收入确认业务场景,是指企业退回因对方违反合同或协议而遭受的损失后，取得的赔偿利得,收入确认单,违约赔偿收入表单,,成都中心,杨钦然,正常,,
530,销售至应收,收入确认及退回,A2_01_0001,收入确认,A20025,政府奖励确认（退回）,"1122001000 应收账款-应收账款
1013001000 内部存款-内部结算存款
1013003001 内部存款-总部存款-日常
1012011000 其他货币资金-加油（气）站资金
1012998000 其他货币资金-其他
1221998000 其他应收款-其他
1221005998 其他应收款-补贴款-其他
核销未清项科目",参考同名收入确认业务场景,是指企业退回与企业日常经营业务不相关的政府奖励，该业务场景特指退回以现金形式的奖励方式所取得的收入,收入确认单,政府奖励收入表单,,大庆中心,韩雪,正常,,
531,销售至应收,收入确认及退回,A2_01_0001,收入确认,A20028,税费返还（退回）,"1122001000 应收账款-应收账款
1013001000 内部存款-内部结算存款
1013003001 内部存款-总部存款-日常
1012011000 其他货币资金-加油（气）站资金
1012998000 其他货币资金-其他
1221998000 其他应收款-其他
1221005998 其他应收款-补贴款-其他
核销未清项科目",参考同名收入确认业务场景,是指企业退回政府以税费返还形式返还给企业的经济补助,收入确认单,税费返还收入表单,,西安中心,徐丽君,正常,,
532,销售至应收,收入确认及退回,A2_01_0001,收入确认,A20029,三供一业分离移交补助（退回）,"1122001000 应收账款-应收账款
1013001000 内部存款-内部结算存款
1013003001 内部存款-总部存款-日常
1012011000 其他货币资金-加油（气）站资金
1012998000 其他货币资金-其他
1221998000 其他应收款-其他
1221005998 其他应收款-补贴款-其他
核销未清项科目",参考同名收入确认业务场景,是指企业退回国有资本经营预算安排的用于支持中央部门管理企业职工家属区“三供一业”分离移交工作补助资金,收入确认单,三供一业分离移交补助收入表单,,成都中心,胡蝶,正常,,
533,销售至应收,收入确认及退回,A2_01_0001,收入确认,A20030,政府专项补助（退回）,"1122001000 应收账款-应收账款
1013001000 内部存款-内部结算存款
1013003001 内部存款-总部存款-日常
1012011000 其他货币资金-加油（气）站资金
1012998000 其他货币资金-其他
1221998000 其他应收款-其他
1221005998 其他应收款-补贴款-其他
核销未清项科目",参考同名收入确认业务场景,是指企业退回特定用途的国家补贴收入,收入确认单,政府专项补助收入表单,,大庆中心,吴庆斌,正常,,
534,销售至应收,收入确认及退回,A2_01_0001,收入确认,A20031,政府搬迁补偿确认（退回）,"1122001000 应收账款-应收账款
1013001000 内部存款-内部结算存款
1013003001 内部存款-总部存款-日常
1012011000 其他货币资金-加油（气）站资金
1012998000 其他货币资金-其他
1221998000 其他应收款-其他
1221005998 其他应收款-补贴款-其他
核销未清项科目",参考同名收入确认业务场景,是指企业退回企业因搬迁取得的政府补偿,收入确认单,政府搬迁补偿收入表单,,大庆中心,韩雪,正常,,
535,销售至应收,收入确认及退回,A2_01_0001,收入确认,A20032,稳岗补贴收入（退回）-常规补贴,"1122001000 应收账款-应收账款
1013001000 内部存款-内部结算存款
1013003001 内部存款-总部存款-日常
1012011000 其他货币资金-加油（气）站资金
1012998000 其他货币资金-其他
1221998000 其他应收款-其他
1221005998 其他应收款-补贴款-其他
核销未清项科目",参考同名收入确认业务场景,是指退回帮助企业保持就业岗位稳定的财政补贴，用于激励企业采取有效措施稳定就业岗位，减少或避免裁员，以保障社会的就业和经济稳定性。该场景指直接确认收入的情况。,收入确认单,稳岗补贴收入表单,,成都中心,程婧,正常,,
536,销售至应收,收入确认及退回,A2_01_0001,收入确认,A20033,稳岗补贴确认（退回）,"1122001000 应收账款-应收账款
1013001000 内部存款-内部结算存款
1013003001 内部存款-总部存款-日常
1012011000 其他货币资金-加油（气）站资金
1012998000 其他货币资金-其他
1221998000 其他应收款-其他
1221005998 其他应收款-补贴款-其他
核销未清项科目",参考同名收入确认业务场景,是指退回帮助企业保持就业岗位稳定的财政补贴，用于激励企业采取有效措施稳定就业岗位，减少或避免裁员，以保障社会的就业和经济稳定性。该场景指使用以前递延收益结转方式确认收入的情况。,收入确认单,稳岗补贴收入表单,,成都中心,程婧,正常,,
537,销售至应收,收入确认及退回,A2_01_0001,收入确认,A20034,出售碳排放权资产（退回）,"1122001000 应收账款-应收账款
1013001000 内部存款-内部结算存款
1013003001 内部存款-总部存款-日常
1012011000 其他货币资金-加油（气）站资金
1012998000 其他货币资金-其他
1221998000 其他应收款-其他
1221005998 其他应收款-补贴款-其他
核销未清项科目",参考同名收入确认业务场景,是指企业退回出售无偿取得的碳排放配额取得的收入,收入确认单,出售碳排放权资产收入表单,,成都中心,杨钦然,正常,,
538,销售至应收,收入确认及退回,A2_01_0001,收入确认,A20036,无法支付的应付款项（退回）,"1122001000 应收账款-应收账款
1013001000 内部存款-内部结算存款
1013003001 内部存款-总部存款-日常
1012011000 其他货币资金-加油（气）站资金
1012998000 其他货币资金-其他
1221998000 其他应收款-其他
1221005998 其他应收款-补贴款-其他
核销未清项科目",参考同名收入确认业务场景,是指企业退回无法支付或无需支付的应付款确认利得,收入确认单,无法支付的应付款项业务表单,,成都中心,杨钦然,正常,,
539,销售至应收,收入确认及退回,A2_01_0001,收入确认,A20037,资产再次评估增值（退回）,"1122001000 应收账款-应收账款
1013001000 内部存款-内部结算存款
1013003001 内部存款-总部存款-日常
1012011000 其他货币资金-加油（气）站资金
1012998000 其他货币资金-其他
1221998000 其他应收款-其他
1221005998 其他应收款-补贴款-其他
核销未清项科目",参考同名收入确认业务场景,是指企业退回经审批后资产再次评估增值确认的利得,收入确认单,资产再次评估增值业务表单,,大庆中心,吴庆斌,正常,,
540,销售至应收,收入确认及退回,A2_01_0001,收入确认,A20045,供暖服务收入（退回）,"1122001000 应收账款-应收账款
1013001000 内部存款-内部结算存款
1013003001 内部存款-总部存款-日常
1012011000 其他货币资金-加油（气）站资金
1012998000 其他货币资金-其他
1221998000 其他应收款-其他
1221005998 其他应收款-补贴款-其他
核销未清项科目",参考同名收入确认业务场景,适用收入准则，非集成、需要手工确认的零星供暖服务收入退回,收入确认单,供暖服务收入表单,,西安中心,曹琳,正常,,
541,销售至应收,收入确认及退回,A2_01_0001,收入确认,A20047,房屋租赁收入（退回）,"1122001000 应收账款-应收账款
1013001000 内部存款-内部结算存款
1013003001 内部存款-总部存款-日常
1012011000 其他货币资金-加油（气）站资金
1012998000 其他货币资金-其他
1221998000 其他应收款-其他
1221005998 其他应收款-补贴款-其他
核销未清项科目",参考同名收入确认业务场景,适用收入准则，非集成、需要手工确认的零星房屋租赁收入退回,收入确认单,房屋租赁收入表单,,西安中心,曹琳,正常,,
542,销售至应收,收入确认及退回,A2_01_0001,收入确认,A20048,车位租赁收入（退回）,"1122001000 应收账款-应收账款
1013001000 内部存款-内部结算存款
1013003001 内部存款-总部存款-日常
1012011000 其他货币资金-加油（气）站资金
1012998000 其他货币资金-其他
1221998000 其他应收款-其他
1221005998 其他应收款-补贴款-其他
核销未清项科目",参考同名收入确认业务场景,适用收入准则，非集成、需要手工确认的零星车位租赁收入退回,收入确认单,车位租赁收入表单,,西安中心,曹琳,正常,,
543,销售至应收,收入确认及退回,A2_01_0001,收入确认,A20049,客运月票收入（退回）,"1122001000 应收账款-应收账款
1013001000 内部存款-内部结算存款
1013003001 内部存款-总部存款-日常
1012011000 其他货币资金-加油（气）站资金
1012998000 其他货币资金-其他
1221998000 其他应收款-其他
1221005998 其他应收款-补贴款-其他
核销未清项科目",参考同名收入确认业务场景,适用收入准则，非集成、需要手工确认的零星客运月票收入退回,收入确认单,客运月票收入表单,,西安中心,曹琳,正常,,
544,销售至应收,收入确认及退回,A2_01_0001,收入确认,A20046,总部支持服务费收入（退回）,"1122001000 应收账款-应收账款
1013001000 内部存款-内部结算存款
1013003001 内部存款-总部存款-日常
1012011000 其他货币资金-加油（气）站资金
1012998000 其他货币资金-其他
1221998000 其他应收款-其他
1221005998 其他应收款-补贴款-其他
核销未清项科目",参考同名收入确认业务场景,是指地区公司机关退回下级单位的总部支持服务费收入，直接由地区公司机关开具专用发票与二级单位进行结算,收入确认单,总部支持服务费收入表,,成都中心,曹政,正常,,
545,销售至应收,收入确认及退回,A2_01_0001,收入确认,A20041,住宿费收入（退回）,"1122001000 应收账款-应收账款
1013001000 内部存款-内部结算存款
1013003001 内部存款-总部存款-日常
1012011000 其他货币资金-加油（气）站资金
1012998000 其他货币资金-其他
1221998000 其他应收款-其他
1221005998 其他应收款-补贴款-其他
核销未清项科目",参考同名收入确认业务场景,是指企业退回企业或个人提供住宿服务取得的收入,收入确认单,住宿费收入表,,西安中心,郭雅莹,正常,,
546,销售至应收,收入确认及退回,A2_01_0001,收入确认,A20050,晒图费收入（退回）,"1122001000 应收账款-应收账款
1013001000 内部存款-内部结算存款
1013003001 内部存款-总部存款-日常
1012011000 其他货币资金-加油（气）站资金
1012998000 其他货币资金-其他
1221998000 其他应收款-其他
1221005998 其他应收款-补贴款-其他
核销未清项科目",参考同名收入确认业务场景,是指在设计和绘图过程中，将设计图纸通过晒图机输出到感光材料上所产生的费用。,收入确认单,晒图费收入汇总表,,成都中心,曹政,正常,,
547,销售至应收,收入确认及退回,A2_01_0001,收入确认,A20051,中意人寿保险委托服务收入（退回）,"1122001000 应收账款-应收账款
1013001000 内部存款-内部结算存款
1013003001 内部存款-总部存款-日常
1012011000 其他货币资金-加油（气）站资金
1012998000 其他货币资金-其他
1221998000 其他应收款-其他
1221005998 其他应收款-补贴款-其他
核销未清项科目",参考同名收入确认业务场景,是指企业为中意人寿保险公司提供保险业务销售、客户服务等活动所获得的收入,收入确认单,中意人寿保险委托服务收入汇总表,,成都中心,曹政,正常,,
548,销售至应收,收入确认及退回,A2_01_0001,收入确认,A20052,地磅过磅服务费收入（退回）,"1122001000 应收账款-应收账款
1013001000 内部存款-内部结算存款
1013003001 内部存款-总部存款-日常
1012011000 其他货币资金-加油（气）站资金
1012998000 其他货币资金-其他
1221998000 其他应收款-其他
1221005998 其他应收款-补贴款-其他
核销未清项科目",参考同名收入确认业务场景,指企业为客户提供地磅进行称重服务而取得的收入,收入确认单,地磅过磅服务费收入汇总表,,西安中心,蒲芊芊,正常,,
549,销售至应收,收入确认及退回,A2_01_0001,收入确认,A20053,污水处理费收入（退回）,"1122001000 应收账款-应收账款
1013001000 内部存款-内部结算存款
1013003001 内部存款-总部存款-日常
1012011000 其他货币资金-加油（气）站资金
1012998000 其他货币资金-其他
1221998000 其他应收款-其他
1221005998 其他应收款-补贴款-其他
核销未清项科目",参考同名收入确认业务场景,指企业因提供污水处理服务，按照规定向污水排放者收取的费用所形成的收入退回,收入确认单,污水处理费收入,,成都中心,曹政,正常,,
550,销售至应收,收入确认及退回,A2_01_0001,收入确认,A20054,小微企业”六税两费“减免（退回）,"1122001000 应收账款-应收账款
1013001000 内部存款-内部结算存款
1013003001 内部存款-总部存款-日常
1012011000 其他货币资金-加油（气）站资金
1012998000 其他货币资金-其他
1221998000 其他应收款-其他
1221005998 其他应收款-补贴款-其他
核销未清项科目",参考同名收入确认业务场景,指小微企业按照政府相关文件满足”六税两费“税收优惠政策条件时，通过填写该场景确认相关税收减免退回,收入确认单,小微企业”六税两费“减免,,成都中心,曹政,正常,,
551,销售至应收,收入确认及退回,A2_01_0001,收入确认,A20040,旅游收入（退回）,"1122001000 应收账款-应收账款
1013001000 内部存款-内部结算存款
1013003001 内部存款-总部存款-日常
1012011000 其他货币资金-加油（气）站资金
1012998000 其他货币资金-其他
1221998000 其他应收款-其他
1221005998 其他应收款-补贴款-其他
核销未清项科目",参考同名收入确认业务场景,指企业为客户提供旅游服务、销售旅游商品所收取的旅游收入退回,收入确认单,旅游收入,,西安中心,白婧,正常,,
552,销售至应收,收入确认及退回,A2_01_0001,收入确认,A20055,商品销售收入（退回）,"1122001000 应收账款-应收账款
1013001000 内部存款-内部结算存款
1013003001 内部存款-总部存款-日常
1012011000 其他货币资金-加油（气）站资金
1012998000 其他货币资金-其他
1221998000 其他应收款-其他
1221005998 其他应收款-补贴款-其他
核销未清项科目",参考同名收入确认业务场景,指企业超市中的库存商品，转移所有权并取得相应的销售收入退回,收入确认单,商品销售收入,,西安中心,郭雅莹,正常,,
553,销售至应收,收入确认及退回,A2_01_0001,收入确认,A20056,停车费收入（退回）,"1122001000 应收账款-应收账款
1013001000 内部存款-内部结算存款
1013003001 内部存款-总部存款-日常
1012011000 其他货币资金-加油（气）站资金
1012998000 其他货币资金-其他
1221998000 其他应收款-其他
1221005998 其他应收款-补贴款-其他
核销未清项科目",参考同名收入确认业务场景,指停车费收入业务退回,收入确认单,停车费收入,,西安中心,郭雅莹,正常,,
554,销售至应收,收入确认及退回,A2_01_0001,收入确认,A20044,共享服务费收入（退回）,"1122001000 应收账款-应收账款
1013001000 内部存款-内部结算存款
1013003001 内部存款-总部存款-日常
1012011000 其他货币资金-加油（气）站资金
1012998000 其他货币资金-其他
1221998000 其他应收款-其他
1221005998 其他应收款-补贴款-其他
核销未清项科目",参考同名收入确认业务场景,指通过提供共享服务所获得的费用收入退回，比如服务费用、广告推广、数据价值等,收入确认单,共享服务费收入,,西安中心,蒲芊芊,正常,,
555,销售至应收,收入确认及退回,A2_01_0001,收入确认,A20042,会议费收入（退回）,"1122001000 应收账款-应收账款
1013001000 内部存款-内部结算存款
1013003001 内部存款-总部存款-日常
1012011000 其他货币资金-加油（气）站资金
1012998000 其他货币资金-其他
1221998000 其他应收款-其他
1221005998 其他应收款-补贴款-其他
核销未清项科目",参考同名收入确认业务场景,指企业通过举办会议所获得的收入退回,收入确认单,会议费收入,,西安中心,蒲芊芊,正常,,
556,销售至应收,收入确认及退回,A2_01_0001,收入确认,A20043,检验检测服务收入（退回）,"1122001000 应收账款-应收账款
1013001000 内部存款-内部结算存款
1013003001 内部存款-总部存款-日常
1012011000 其他货币资金-加油（气）站资金
1012998000 其他货币资金-其他
1221998000 其他应收款-其他
1221005998 其他应收款-补贴款-其他
核销未清项科目",参考同名收入确认业务场景,指提供检验检测服务的企业或个人基于其技术能力和服务水平收取的费用，属于技术服务收入或检测收入退回,收入确认单,检验检测服务收入,,西安中心,蒲芊芊,正常,,
557,销售至应收,收入确认及退回,A2_01_0001,收入确认,A20057,公寓床位费收入（退回）,"1122001000 应收账款-应收账款
1013001000 内部存款-内部结算存款
1013003001 内部存款-总部存款-日常
1012011000 其他货币资金-加油（气）站资金
1012998000 其他货币资金-其他
1221998000 其他应收款-其他
1221005998 其他应收款-补贴款-其他
核销未清项科目",参考同名收入确认业务场景,通常指地区公司对外出租床位收取的费用退回,收入确认单,公寓床位费收入,,大庆中心,许美玲,正常,,
558,销售至应收,收入确认及退回,A2_01_0001,收入确认,A20058,文体馆营业收入（退回）,"1122001000 应收账款-应收账款
1013001000 内部存款-内部结算存款
1013003001 内部存款-总部存款-日常
1012011000 其他货币资金-加油（气）站资金
1012998000 其他货币资金-其他
1221998000 其他应收款-其他
1221005998 其他应收款-补贴款-其他
核销未清项科目",参考同名收入确认业务场景,通常指企业自营的文体馆营业收入退回,收入确认单,文体馆营业收入,,大庆中心,许美玲,正常,,
559,销售至应收,收入确认及退回,A2_01_0001,收入确认,A20059,工本费收入（退回）,"1122001000 应收账款-应收账款
1013001000 内部存款-内部结算存款
1013003001 内部存款-总部存款-日常
1012011000 其他货币资金-加油（气）站资金
1012998000 其他货币资金-其他
1221998000 其他应收款-其他
1221005998 其他应收款-补贴款-其他
核销未清项科目",参考同名收入确认业务场景,通常是指企业为员工、外部单位办理出入证、工作证、培训结业证等证件产生的工本费用收入退回,收入确认单,工本费收入,,西安中心,曹琳,正常,,
560,销售至应收,收入确认及退回,A2_01_0001,收入确认,A20060,广电业务收入（退回）,"1122001000 应收账款-应收账款
1013001000 内部存款-内部结算存款
1013003001 内部存款-总部存款-日常
1012011000 其他货币资金-加油（气）站资金
1012998000 其他货币资金-其他
1221998000 其他应收款-其他
1221005998 其他应收款-补贴款-其他
核销未清项科目",参考同名收入确认业务场景,通常是指企业为员工、外部单位提供电视收视、广告服务等业务活动所产生的经济收益退回,收入确认单,广电业务收入,,西安中心,曹琳,正常,,
561,销售至应收,收入确认及退回,A2_01_0001,收入确认,A20061,合资合作项目上级管理费收入（退回）,"1122001000 应收账款-应收账款
1013001000 内部存款-内部结算存款
1013003001 内部存款-总部存款-日常
1012011000 其他货币资金-加油（气）站资金
1012998000 其他货币资金-其他
1221998000 其他应收款-其他
1221005998 其他应收款-补贴款-其他
核销未清项科目",参考同名收入确认业务场景,按合作项目产品分成合同中方账应收取的上级管理费收入退回、联合账名义工资收入退回等,收入确认单,合资合作项目上级管理费收入,,成都中心,付春丽,正常,,
562,销售至应收,收入确认及退回,A2_01_0001,收入确认,A20062,绿化及环境卫生费收入（退回）,"1122001000 应收账款-应收账款
1013001000 内部存款-内部结算存款
1013003001 内部存款-总部存款-日常
1012011000 其他货币资金-加油（气）站资金
1012998000 其他货币资金-其他
1221998000 其他应收款-其他
1221005998 其他应收款-补贴款-其他
核销未清项科目",参考同名收入确认业务场景,通常是指企业通过提供环境维护与绿化相关服务所获得的经济收益退回，比如垃圾清运服务费、植被养护、景观工程等,收入确认单,绿化及环境卫生费收入,,西安中心,曹琳,正常,,
563,销售至应收,收入确认及退回,A2_01_0001,收入确认,A20063,通讯服务收入（退回）,"1122001000 应收账款-应收账款
1013001000 内部存款-内部结算存款
1013003001 内部存款-总部存款-日常
1012011000 其他货币资金-加油（气）站资金
1012998000 其他货币资金-其他
1221998000 其他应收款-其他
1221005998 其他应收款-补贴款-其他
核销未清项科目",参考同名收入确认业务场景,通常是指企业通过提供通讯服务所获得的收入退回，比如电信服务、数据传输等,收入确认单,通讯服务收入,,西安中心,曹琳,正常,,
564,销售至应收,收入确认及退回,A2_01_0001,收入确认,A20064,运输服务收入（退回）,"1122001000 应收账款-应收账款
1013001000 内部存款-内部结算存款
1013003001 内部存款-总部存款-日常
1012011000 其他货币资金-加油（气）站资金
1012998000 其他货币资金-其他
1221998000 其他应收款-其他
1221005998 其他应收款-补贴款-其他
核销未清项科目",参考同名收入确认业务场景,通常是指企业通过提供运输服务所获得的收入退回，比如货物运输、装卸搬运等,收入确认单,运输服务收入,,西安中心,曹琳,正常,,
565,销售至应收,收入确认及退回,A2_01_0001,收入确认,A20065,文印费收入（退回）,"1122001000 应收账款-应收账款
1013001000 内部存款-内部结算存款
1013003001 内部存款-总部存款-日常
1012011000 其他货币资金-加油（气）站资金
1012998000 其他货币资金-其他
1221998000 其他应收款-其他
1221005998 其他应收款-补贴款-其他
核销未清项科目",参考同名收入确认业务场景,指企业提供打印、复印、印刷、装订等文印服务收取的费用，主要包含出入证工本费、印刷费退回,收入确认单,文印费收入,,成都中心,曹政,正常,,
566,销售至应收,收入确认及退回,A2_01_0001,收入确认,A20066,理发服务收入（退回）,"1122001000 应收账款-应收账款
1013001000 内部存款-内部结算存款
1013003001 内部存款-总部存款-日常
1012011000 其他货币资金-加油（气）站资金
1012998000 其他货币资金-其他
1221998000 其他应收款-其他
1221005998 其他应收款-补贴款-其他
核销未清项科目",参考同名收入确认业务场景,指企业提供洗剪吹烫染等服务收入的费用退回,收入确认单,理发服务收入,,成都中心,曹政,正常,,
567,销售至应收,收入确认及退回,A2_01_0001,收入确认,A20067,确认咨询服务收入（退回）,"1122001000 应收账款-应收账款
1013001000 内部存款-内部结算存款
1013003001 内部存款-总部存款-日常
1012011000 其他货币资金-加油（气）站资金
1012998000 其他货币资金-其他
1221998000 其他应收款-其他
1221005998 其他应收款-补贴款-其他
核销未清项科目",参考同名收入确认业务场景,指地区公司提供咨询服务收取相应费用产生的收入退回,收入确认单,确认咨询服务收入,,成都中心,曹政,正常,,
568,销售至应收,收入确认及退回,A2_01_0001,收入确认,A20068,土方款收入（退回）,"1122001000 应收账款-应收账款
1013001000 内部存款-内部结算存款
1013003001 内部存款-总部存款-日常
1012011000 其他货币资金-加油（气）站资金
1012998000 其他货币资金-其他
1221998000 其他应收款-其他
1221005998 其他应收款-补贴款-其他
核销未清项科目",参考同名收入确认业务场景,指地区公司收入的土方款收入退回,收入确认单,土方款收入业务信息表,,大庆中心,孙再冉,正常,,
569,销售至应收,收入确认及退回,A2_01_0001,收入确认,A20070,浴池门票收入（退回）,"1122001000 应收账款-应收账款
1013001000 内部存款-内部结算存款
1013003001 内部存款-总部存款-日常
1012011000 其他货币资金-加油（气）站资金
1012998000 其他货币资金-其他
1221998000 其他应收款-其他
1221005998 其他应收款-补贴款-其他
核销未清项科目",参考同名收入确认业务场景,指地区公司收取的浴池门票收入退回,收入确认单,浴池收入（门票）业务信息表,,大庆中心,包旋,正常,,
570,销售至应收,收入确认及退回,A2_01_0001,收入确认,A20071,物资采购服务收入（退回）,"1122001000 应收账款-应收账款
1013001000 内部存款-内部结算存款
1013003001 内部存款-总部存款-日常
1012011000 其他货币资金-加油（气）站资金
1012998000 其他货币资金-其他
1221998000 其他应收款-其他
1221005998 其他应收款-补贴款-其他
核销未清项科目",参考同名收入确认业务场景,指地区公司收取的物资采购服务费收入退回,收入确认单,物资采购服务费业务信息表,,大庆中心,陈景喆,正常,,
571,销售至应收,收入确认及退回,A2_01_0001,收入确认,A20073,计划生育管理收入（退回）,"1122001000 应收账款-应收账款
1013001000 内部存款-内部结算存款
1013003001 内部存款-总部存款-日常
1012011000 其他货币资金-加油（气）站资金
1012998000 其他货币资金-其他
1221998000 其他应收款-其他
1221005998 其他应收款-补贴款-其他
核销未清项科目",参考同名收入确认业务场景,指地区公司收取的驻矿计划生育管理费退回,收入确认单,驻矿单位计划生育管理费业务信息表,,大庆中心,刘小群,正常,,
572,销售至应收,收入确认及退回,A2_01_0001,收入确认,A20074,违纪款收入（退回）,"1122001000 应收账款-应收账款
1013001000 内部存款-内部结算存款
1013003001 内部存款-总部存款-日常
1012011000 其他货币资金-加油（气）站资金
1012998000 其他货币资金-其他
1221998000 其他应收款-其他
1221005998 其他应收款-补贴款-其他
核销未清项科目",参考同名收入确认业务场景,指地区公司收取的个人或单位违纪款收入退回,收入确认单,个人/单位违纪款业务信息表,,大庆中心,岳中庆,正常,,
573,销售至应收,收入确认及退回,A2_01_0001,收入确认,A20075,交通费收入（退回）,"1122001000 应收账款-应收账款
1013001000 内部存款-内部结算存款
1013003001 内部存款-总部存款-日常
1012011000 其他货币资金-加油（气）站资金
1012998000 其他货币资金-其他
1221998000 其他应收款-其他
1221005998 其他应收款-补贴款-其他
核销未清项科目",参考同名收入确认业务场景,指地区公司收取的外单位职工办公期间的用车交通费收入退回,收入确认单,交通收入业务信息表,,大庆中心,于晓玲,正常,,
574,销售至应收,收入确认及退回,A2_01_0001,收入确认,A20077,扩岗补助收入（退回）,"1122001000 应收账款-应收账款
1013001000 内部存款-内部结算存款
1013003001 内部存款-总部存款-日常
1012011000 其他货币资金-加油（气）站资金
1012998000 其他货币资金-其他
1221998000 其他应收款-其他
1221005998 其他应收款-补贴款-其他
核销未清项科目",6301015000营业外收入-政府扩岗补助,指地区公司收取的黑龙江省人社、教育厅和财政厅下拨的扩岗补助收入，激励企业吸纳高校毕业生，扩大市场化就业渠道,收入确认单,扩岗补助业务信息表,,大庆中心,于晓玲,正常,,
575,销售至应收,收入确认及退回,A2_01_0001,收入确认,A20078,集团科研收入（退回）,"1122001000 应收账款-应收账款
1013001000 内部存款-内部结算存款
1013003001 内部存款-总部存款-日常
1012011000 其他货币资金-加油（气）站资金
1012998000 其他货币资金-其他
1221998000 其他应收款-其他
1221005998 其他应收款-补贴款-其他
核销未清项科目","①6051001000其他业务收入-其他业务收入
②2221001002应交税费-应交税金-应交增值税-销项税额",指地区公司收取集团公司拨付的科研收入,收入确认单,集团科研收入业务信息表,,大庆中心,于晓玲,正常,,
576,销售至应收,收入确认及退回,A2_01_0001,收入确认,A20079,散灰服务费收入（退回）,"1122001000 应收账款-应收账款
1013001000 内部存款-内部结算存款
1013003001 内部存款-总部存款-日常
1012011000 其他货币资金-加油（气）站资金
1012998000 其他货币资金-其他
1221998000 其他应收款-其他
1221005998 其他应收款-补贴款-其他
核销未清项科目","①6051001000其他业务收入-其他业务收入
②2221001002应交税费-应交税金-应交增值税-销项税额",指地区公司购进水泥再加工后卖出取得的收入,收入确认单,散灰服务费收入业务信息表,,大庆中心,岳中庆,正常,,
577,销售至应收,收入确认及退回,A2_01_0001,收入确认,A20080,年审收入（退回）,"1122001000 应收账款-应收账款
1013001000 内部存款-内部结算存款
1013003001 内部存款-总部存款-日常
1012011000 其他货币资金-加油（气）站资金
1012998000 其他货币资金-其他
1221998000 其他应收款-其他
1221005998 其他应收款-补贴款-其他
核销未清项科目","①6051001000其他业务收入-其他业务收入
②2221001002应交税费-应交税金-应交增值税-销项税额",指地区公司审核外部供应商相关资质取得的外审收入,收入确认单,年审收入业务信息表,,大庆中心,岳中庆,正常,,
578,销售至应收,收入确认及退回,A2_01_0001,收入确认,A20081,滞纳金收入（退回）,"1122001000 应收账款-应收账款
1013001000 内部存款-内部结算存款
1013003001 内部存款-总部存款-日常
1012011000 其他货币资金-加油（气）站资金
1012998000 其他货币资金-其他
1221998000 其他应收款-其他
1221005998 其他应收款-补贴款-其他
核销未清项科目",6301001000营业外收入-罚没利得,指地区公司收取的因预存的电话费、网费不足以抵扣欠费，停机、销号或其他原因产生滞纳金收入,收入确认单,滞纳金收入业务信息表,,大庆中心,张盼晨,正常,,
579,销售至应收,收入确认及退回,A2_01_0001,收入确认,A20069,知识产权专项收入（退回）,"1122001000 应收账款-应收账款
1013001000 内部存款-内部结算存款
1013003001 内部存款-总部存款-日常
1012011000 其他货币资金-加油（气）站资金
1012998000 其他货币资金-其他
1221998000 其他应收款-其他
1221005998 其他应收款-补贴款-其他
核销未清项科目","①6301998000营业外收入-其他
②2221001002应交税费-应交税金-应交增值税-销项税额",指地区公司收取的知识产权专项经费收入退回,收入确认单,知识产权专项收入业务信息表,,大庆中心,孙再冉,,,
580,销售至应收,收入确认及退回,A2_01_0001,收入确认,A20072,稳定服务收入（退回）,"1122001000 应收账款-应收账款
1013001000 内部存款-内部结算存款
1013003001 内部存款-总部存款-日常
1012011000 其他货币资金-加油（气）站资金
1012998000 其他货币资金-其他
1221998000 其他应收款-其他
1221005998 其他应收款-补贴款-其他
核销未清项科目",6301998000营业外收入-其他,指地区公司收取的稳定费收入退回,收入确认单,稳定服务收入收入业务信息表,,大庆中心,刘小群,,,
581,销售至应收,上收下拨业务,A2_09_0001,通用上转,A28006,上转销项税,2221001002应交税费-应交税金-应交增值税-销项税额,2221001002应交税费-应交税金-应交增值税-销项税额,主要承载所属单位上转到地区公司本部机关的销项税,通用上转单,上转销项税,,成都中心,曹政,正常,,
582,销售至应收,上收下拨业务,A2_09_0001,通用上转,A28007,上转进项税,"2221001003应交税费-应交税金-应交增值税-进项税额
2221001995应交税金-增值税-进项税转出-其他","2221001003应交税费-应交税金-应交增值税-进项税额
2221001995应交税金-增值税-进项税转出-其他",主要承载所属单位上转到地区公司本部机关的进项税,通用上转单,上转进项税,,成都中心,曹政,正常,,
583,销售至应收,上收下拨业务,A2_09_0001,通用上转,A28008,上转未交增值税,2221001019应交税费-应交税金-应交增值税-转出未交增值税,2221001027应交税费-应交税金-未交增值税-本期转入数,主要承载所属单位上转到地区公司本部机关的未交增值税,通用上转单,上转未交增值税,,成都中心,曹政,正常,,
584,销售至应收,上收下拨业务,A2_09_0001,通用上转,A28011,上转统筹安全生产费,4301001005专项储备-安全生产费用-拨付下级,4301001004专项储备-安全生产费用-上级拨入,主要承载所属单位上转到地区公司本部机关的统筹安全生产费,通用上转单,上转统筹安全生产费,,成都中心,曹政,正常,,
585,销售至应收,上收下拨业务,A2_09_0001,通用上转,A28004,上转折旧,4202003000上级拨入资金-上交折旧,1551002000拨付所属资金-上交折旧,主要承载所属单位上转到地区公司本部机关的折旧,通用上转单,上转折旧,,成都中心,曹政,正常,,
586,销售至应收,上收下拨业务,A2_09_0001,通用上转,A28005,上转利润,4104016000利润分配-未分配利润,4104016000利润分配-未分配利润,主要承载所属单位上转到地区公司本部机关的利润,通用上转单,上转利润,,成都中心,曹政,正常,,
587,销售至应收,上收下拨业务,A2_09_0001,通用上转,A28002,上转职教费,2211008000应付职工薪酬-职工教育经费,2211008000应付职工薪酬-职工教育经费,主要承载所属单位上转到地区公司本部机关的职教费,通用上转单,上转职教费,,成都中心,曹政,正常,,
588,销售至应收,上收下拨业务,A2_09_0002,通用拨付,A28501,分摊资产占用费,"5098000000其他费用（红字）
5098000000其他费用",,主要承载公司本部机关下拨到所属单位的资产占用费,通用拨付单,分摊资产占用费,,成都中心,曹政,正常,,
589,销售至应收,上收下拨业务,A2_09_0002,通用拨付,A28502,分摊利息费用,"6603006006财务费用-利息支出-内部负息资金利息-短期负息资金（红字）
6603006001财务费用-利息支出-短期借款-财务公司（红字）
6603006006财务费用-利息支出-内部负息资金利息-短期负息资金
6603006001财务费用-利息支出-短期借款-财务公司",,主要承载所属单位上转到地区公司本部机关的利息费用,通用拨付单,分摊利息费用,,成都中心,曹政,正常,,
590,销售至应收,上收下拨业务,A2_09_0002,通用拨付,A28901,下拨职教费,2211008000应付职工薪酬-职工教育经费,2211008000应付职工薪酬-职工教育经费,主要承载所属单位上转到地区公司本部机关的职教费,通用拨付单,下拨职教费,,成都中心,曹政,正常,,
591,销售至应收,上收下拨业务,A2_09_0002,通用拨付,A28902,下拨各类投资资金,1551001000拨付所属资金-拨款,"4202001001上级拨入资金-拨款-股权
4202001002上级拨入资金-拨款-固定资产
4202001003上级拨入资金-拨款-拨入还款资金
4202001004上级拨入资金-拨款-营运资金
4202001005上级拨入资金-拨款-科研资金
4202001998上级拨入资金-拨款-其他",主要承载所属单位上转到地区公司本部机关的投资资金,通用拨付单,下拨各类投资资金,,成都中心,曹政,正常,,
592,销售至应收,上收下拨业务,A2_09_0001,通用上转,A28016,上转党组织工作经费,"发起方：借：2241024000其他应付款-党组织工作经费
贷：1013001000内部存款-内部结算存款","确认方：借：1013001000内部存款-内部结算存款
贷：2241024000其他应付款-党组织工作经费",主要承载所属单位上转到地区公司本部机关的党组织工作经费,通用上转单,上转党组织工作经费,,大庆中心,岳中庆,正常,,
593,销售至应收,上收下拨业务,A2_09_0001,通用上转,A28017,上转工会经费,"发起方：借：2211007000应付职工薪酬-工会经费
贷：1013001000内部存款-内部结算存款
贷：2241046000其他应付款-内部结算","确认方：借：2241046000其他应付款-内部结算
1013001000内部存款-内部结算存款
贷：2211007000应付职工薪酬-工会经费",主要承载所属单位按照一定的比例上转到地区公司本部机关的工会经费,通用上转单,上转工会经费,,大庆中心,于晓玲,正常,,
594,销售至应收,上收下拨业务,A2_09_0002,通用拨付,A28906,下拨党组织工作经费,"发起方：借：2241024000其他应付款-党组织工作经费
贷：1013001000内部存款-内部结算存款","确认方：借：1013001000内部存款-内部结算存款
贷：2241024000其他应付款-党组织工作经费",主要承载公司本部机关下拨到所属单位的党组织工作经费,通用拨付单,下拨党组织工作经费,,大庆中心,岳中庆,正常,,
595,销售至应收,上收下拨业务,A2_09_0001,通用上转,A28015,上转党费,"发起方：借：2241025000其他应付款-托管党费
贷：1013001000内部存款-内部结算存款","确认方：借：1013001000内部存款-内部结算存款
贷：2241025000其他应付款-托管党费",主要承载所属单位上转到地区公司本部机关的党费,通用上转单,上转党费,,大庆中心,王婵娟,正常,,
596,销售至应收,上收下拨业务,A2_09_0002,通用拨付,A28905,下拨党费,"发起方：借：2241025000其他应付款-托管党费
贷：1013001000内部存款-内部结算存款","确认方：借：1013001000内部存款-内部结算存款
贷：2241025000其他应付款-托管党费",主要承载公司本部机关下拨到所属单位的党费,通用拨付单,下拨党费,,大庆中心,王婵娟,正常,,
597,销售至应收,上收下拨业务,A2_09_0001,通用上转,A28014,上转团费,"发起方：借：2241038000其他应付款-团费
贷：1013001000内部存款-内部结算存款","确认方：借：1013001000内部存款-内部结算存款
贷：2241038000其他应付款-团费",主要承载所属单位上转到地区公司本部机关的团费,通用上转单,上转团费,,大庆中心,陈璟喆,正常,,
598,销售至应收,上收下拨业务,A2_09_0002,通用拨付,A28904,下拨团费,"发起方：借：2241038000其他应付款-团费
贷：1013001000内部存款-内部结算存款","确认方：贷：2241038000其他应付款-团费
借：1013001000内部存款-内部结算存款",主要承载公司本部机关下拨到所属单位的团费,通用拨付单,下拨团费,,大庆中心,陈璟喆,正常,,
599,销售至应收,上收下拨业务,A2_09_0001,通用上转,A28009,上转异地预缴增值税,2221001029应交税费-应交税金-预交增值税,2221001029应交税费-应交税金-预交增值税,主要承载所属单位上转到地区公司本部机关的预缴增值税,通用上转单,上转异地预缴增值税,,成都中心,曹政,正常,,
600,销售至应收,上收下拨业务,A2_09_0001,通用上转,A28010,上转预缴企业所得税,2221001068应交税费-应交税金-应交所得税-预交,2221001068应交税费-应交税金-应交所得税-预交,主要承载所属单位上转到地区公司本部机关的预缴企业所得税,通用上转单,上转预缴企业所得税,,成都中心,曹政,正常,,
601,销售至应收,上收下拨业务,A2_09_0001,通用上转,A28003,上转研发经费,"发起方
借：6605000000研发费用（红字）
借：过渡项目","确认方
借：6605000000研发费用
贷：过渡项目",主要承载所属单位上转到地区公司本部研发经费,通用上转单,上转研发经费,,成都中心,曹政,正常,,
602,销售至应收,上收下拨业务,A2_09_0002,通用拨付,A28903,下拨消费税返还资金,"发起方
借：2241021002其他应付款-代收拨款-财政
贷：过渡项目","确认方
借：过渡项目
借：5047540000自用成品油消费税返还（红字）",主要承载地区公司财务处向所属单位拨付的消费税返还资金,通用拨付单,下拨消费税返还资金,,成都中心,曹政,正常,,
603,销售至应收,上收下拨业务,A2_09_0001,通用上转,A28001,上转社保（个人部分）,"发起方：借：2241004001其他应付款-应付、暂收职工个人款项-社会保险-基本养老保险费
2241004002其他应付款-应付、暂收职工个人款项-社会保险-基本医疗保险费
2241004005其他应付款-应付、暂收职工个人款项-社会保险-生育保险费
2241004004其他应付款-应付、暂收职工个人款项-社会保险-失业保险费
2241004003其他应付款-应付、暂收职工个人款项-社会保险-工伤保险费
2241004007其他应付款-应付、暂收职工个人款项-商业保险-补充医疗保险
2241004008其他应付款-应付、暂收职工个人款项-商业保险-年金（补充养老保险）
2241004010其他应付款-应付、暂收职工个人款项-公积金
贷：贷：1013001000内部存款-内部结算存款/2241046000其他应付款-内部结算 ","确认方：贷：2241004001其他应付款-应付、暂收职工个人款项-社会保险-基本养老保险费
2241004002其他应付款-应付、暂收职工个人款项-社会保险-基本医疗保险费
2241004005其他应付款-应付、暂收职工个人款项-社会保险-生育保险费
2241004004其他应付款-应付、暂收职工个人款项-社会保险-失业保险费
2241004003其他应付款-应付、暂收职工个人款项-社会保险-工伤保险费
2241004007其他应付款-应付、暂收职工个人款项-商业保险-补充医疗保险
2241004008其他应付款-应付、暂收职工个人款项-商业保险-年金（补充养老保险）
2241004010其他应付款-应付、暂收职工个人款项-公积金
借：1013001000内部存款-内部结算存款/2241046000其他应付款-内部结算 ",主要承载所属单位上转到地区公司本部机关的社保公积金个人部分,通用上转单,上转社保（个人部分）,,大庆中心,孙再冉,正常,,
604,销售至应收,上收下拨业务,A2_09_0001,通用上转,A28021,上转弃置支出,"发起方：贷：1013001000内部存款-内部结算存款/2241046000其他应付款-内部结算
贷：2801005003预计负债-预计弃置费用-废弃清理支出（红字） ","确认方：借：1013001000内部存款-内部结算存款/1221027000其他应收款-内部结算
借：2801005003预计负债-预计弃置费用-废弃清理支出（红字） ",主要承载所属单位上转到地区公司本部弃置支出余额,通用上转单,上转弃置支出,,大庆中心,赵鹏,正常,,
605,销售至应收,上收下拨业务,A2_09_0001,通用上转,A28019,上转年金,"发起方：借：2241004008其他应付款-应付、暂收职工个人款项-商业保险-年金（补充养老保险）
2211004002应付职工薪酬-商业人身险-年金(补充养老保险）
贷：1013001000内部存款-内部结算存款","确认方：借：1013001000内部存款-内部结算存款
贷：贷：2241046000其他应付款-内部结算",主要承载所属单位上转到地区公司本部机关的年金,通用上转单,上转年金,,大庆中心,包旋,正常,,
606,销售至应收,上收下拨业务,A2_09_0001,通用上转,A28020,上转上级管理费,"发起方：借：5044130000上级管理费
贷：贷：1013001000内部存款-内部结算存款","确认方：借：1013001000内部存款-内部结算存款
借：5044130000上级管理费（红字）",主要承载所属单位上转到地区公司本部上级管理费,通用上转单,上转上级管理费,,大庆中心,王婵娟,正常,,
607,销售至应收,上收下拨业务,A2_09_0001,通用上转,A28013,上转社保（企业部分）,"发起方：借：2211003001应付职工薪酬-社会保险费-基本养老保险费
2211003002应付职工薪酬-社会保险费-基本医疗保险费
2211003003应付职工薪酬-社会保险费-工伤保险费
2211003004应付职工薪酬-社会保险费-失业保险费
2211003005应付职工薪酬-社会保险费-生育保险费
2211004001应付职工薪酬-商业人身险-补充医疗保险
2211004002应付职工薪酬-商业人身险-年金(补充养老保险）
2211005000应付职工薪酬-住房公积金

贷：1013001000内部存款-内部结算存款/2241046000其他应付款-内部结算","确认方：贷：2211003001应付职工薪酬-社会保险费-基本养老保险费
2211003002应付职工薪酬-社会保险费-基本医疗保险费
2211003003应付职工薪酬-社会保险费-工伤保险费
2211003004应付职工薪酬-社会保险费-失业保险费
2211003005应付职工薪酬-社会保险费-生育保险费
2211004001应付职工薪酬-商业人身险-补充医疗保险
2211004002应付职工薪酬-商业人身险-年金(补充养老保险）
2211005000应付职工薪酬-住房公积金

借：1013001000内部存款-内部结算存款/2241046000其他应付款-内部结算",主要承载所属单位上转到地区公司本部机关的社保公积金企业部分,通用上转单,上转社保（企业部分）,,大庆中心,孙再冉,正常,,
608,销售至应收,上收下拨业务,A2_09_0001,通用上转,A28302,上转应付公司外部单位款项,2241046000其他应付款-内部结算,2202001000应付账款-应付账款,适用非集成、需要手工确认，将分公司应付公司外部单位的款项上转至本部的业务,通用上转单,上转应付公司外部单位款项,,西安中心,王瑞,正常,,
609,销售至应收,上收下拨业务,A2_09_0001,通用上转,A28303,上转应收公司外部单位代垫款项,2241046000其他应付款-内部结算,2202001000应付账款-应付账款,适用非集成、需要手工确认，将分公司应收公司外部单位的代垫款项上转至本部进行收款的业务,通用上转单,上转应收公司外部单位代垫款项,,西安中心,王瑞,正常,,
610,销售至应收,上收下拨业务,A2_09_0001,通用上转,A28304,上转预付公司外部单位款项,2241046000其他应付款-内部结算,2202001000应付账款-应付账款,适用非集成、需要手工确认，将分公司预付公司外部单位的款项上转至本部的业务,通用上转单,上转预付公司外部单位款项,,西安中心,王瑞,正常,,
611,销售至应收,上收下拨业务,A2_09_0002,通用拨付,A28907,下拨矿区补贴,"发起方：借：1221998000其他应收款-其他
贷：1013001000内部存款-内部结算存款","确认方：借：1013001000内部存款-内部结算存款
贷：6301007001营业外收入-集团补贴收入-矿区补贴",主要承载地区公司财务处向所属单位拨付的矿区补贴,通用拨付单,下拨矿区补贴,,大庆中心,王婵娟,,,
612,销售至应收,上收下拨业务,A2_09_0002,通用拨付,A28908,下拨弃置支出,"发起方：借：2801005003预计负债-预计弃置费用-废弃清理支出
贷：1013001000内部存款-内部结算存款 ","确认方：借：1013001000内部存款-内部结算存款
贷：2801005003预计负债-预计弃置费用-废弃清理支出",主要承载地区公司财务处向所属单位拨付的弃置支出,通用拨付单,下拨弃置支出,,大庆中心,赵鹏,,,
613,销售至应收,上收下拨业务,A2_09_0002,通用拨付,A28909,下拨安保基金,发起方：借：2241008000其他应付款-应付财产险 贷：2241046000其他应付款-内部结算,确认方：借：1221027000其他应收款-内部结算 贷：2241008000其他应付款-应付财产险,主要承载地区公司财务处向所属单位拨付的安保基金,通用拨付单,下拨安保基金信息表,,大庆中心,刘小群,,,
614,销售至应收,销售折扣与折让,A2_03_0001,销售折扣折让确认,A22001,销售型电子券消费入账,见贷方红字,6001002000 主营业务收入-销售折扣与折让,指客户消费赠送的2.0销售型电子券时，由于暂未实现与大集中ERP系统集成，采用共享表单方式将该部分金额从其他货币资金调到主营业务收入-折扣折让的业务。,销售折扣折让确认单,销售型电子券消费入账,,成都中心,曹政,正常,,
615,销售至应收,加管业务,A2_10_0001,加管业务,A2J001,其他货币资金调整,1012011000其他货币资金-加油（气）站资金,1012011000其他货币资金-加油（气）站资金,用于销售企业调整与加油气（站）资金回笼有关的成本中心、支付方式等业务信息核算有误,加管业务表单,其他货币资金调整,,成都中心,张玮,正常,,
616,销售至应收,资金往来业务,A2_02_0001,资金往来业务,A25001,分公司批发业务挂账,借：2204003000合同负债-加油卡/核销,贷：2204001000合同负债-合同负债,主要承载日常集成业务场景未能包含的资金往来类业务,资金往来业务表单,分公司批发业务挂账,,成都中心,胡蝶,正常,,
617,销售至应收,投资确认及后续计量,A2_06_0005,金融资产后续计量,A26001,以公允价值计量的债权投资-投资收益,1132005000 应收利息-其他债券投资,6111007001 投资收益-其他债权投资-期间收益 1503002000其他债权投资-利息调整,是指企业购买的以公允价值计量且其变动计入当期损益的债权投资，在持有期间取得收益的业务,金融资产后续计量单,其他债权投资投资收益确认单,,成都中心,杨远洪,正常,,
618,销售至应收,投资确认及后续计量,A2_06_0005,金融资产后续计量,A26002,以公允价值计量的债权投资-处置,1221006000其他应收款-投资性挂账 4501002003其他综合收益-以后将重分类进损益-其他债权投资公允价值变动-税前金额 2901003001递延所得税负债-其他债权投资-公允价值变动 4501002013其他综合收益-以后将重分类进损益-其他债权投资信用减值准备-税前金额 6801002000所得税费用-递延所得税费用,"1503001000其他债权投资-成本 1503002000其他债权投资-利息调整 1503003000其他债权投资-应计利息 1503004000其他债权投资-公允价值变动 
6111007002投资收益-其他债权投资-处置收益",是指企业购买的以公允价值计量且其变动计入当期损益的债权投资，终止确认进行处置的业务,金融资产后续计量单,以公允价值计量的债权投资处置单,,成都中心,杨远洪,正常,,
619,销售至应收,投资确认及后续计量,A2_06_0005,金融资产后续计量,A26030,衍生金融资产公允价值变动,3101002002衍生工具-衍生金融资产-公允价值变动,6101002000公允价值变动损益-衍生金融资产,是指衍生金融资产在一定时间内，由于市场因素等原因，其公允价值发生了变化，业务部门根据衍生金融资产公允价值变动情况，在服务平台提单完成会计核算,金融资产后续计量单,衍生金融资产公允价值变动表,,成都中心,李瑶,正常,,
620,销售至应收,投资确认及后续计量,A2_06_0003,长期股权投资-直接投资分红,A26003,长期股权投资-直接投资分红（成本法）,"1131002000应收股利-成本法投资
1131001000应收股利-权益法投资","6111003003投资收益-长期股权投资-从子公司获得的收益-期间收益
1511002000长期股权投资-损益调整",是指企业持有的长期股权投资，在持有期间取得被投资方分红,长期股权投资-直接投资分红单,长期股权投资-直接投资分红（成本法）,,成都中心,杨远洪,正常,,
621,销售至应收,投资确认及后续计量,A2_06_0003,长期股权投资-直接投资分红,A26024,长期股权投资-直接投资分红（权益法）,"1131002000应收股利-成本法投资
1131001000应收股利-权益法投资","6111003003投资收益-长期股权投资-从子公司获得的收益-期间收益
1511002000长期股权投资-损益调整",是指企业购买的参股单位长期股权投资，在持有期间取得被投资方分红,长期股权投资-直接投资分红单,长期股权投资-直接投资分红（权益法）,,成都中心,杨远洪,正常,,
622,销售至应收,投资确认及后续计量,A2_06_0004,长期股权投资处置,A26004,长期股权投资-成本法未丧失控制或全部处置（控股）,"1221006000其他应收款-投资性挂账
1512000000长期股权投资减值准备
6111003004投资收益-长期股权投资-从子公司获得的收益-处置收益",1511005000长期股权投资-成本（成本法）,是指企业购买的长期股权投资，实现控制，处置后未丧失控制或全部处置的情形,长期股权投资处置单,长期股权投资处置单,,成都中心,杨远洪,正常,,
623,销售至应收,投资确认及后续计量,A2_06_0004,长期股权投资处置,A26025,长期股权投资-成本法未丧失控制或全部处置（参股）,"1221006000其他应收款-投资性挂账
1512000000长期股权投资减值准备
6111003004投资收益-长期股权投资-从子公司获得的收益-处置收益",1511005000长期股权投资-成本（成本法）,是指企业购买的参股单位长期股权投资，处置后未丧失控制或全部处置的情形,长期股权投资处置单,长期股权投资处置单,,成都中心,杨远洪,正常,,
624,销售至应收,投资确认及后续计量,A2_06_0004,长期股权投资处置,A26005,长期股权投资-部分处置丧失控制权仍能共同控制或重大影响（控股）,"1221006000其他应收款-投资性挂账
1512000000长期股权投资减值准备
1511001000长期股权投资-成本（权益法）
1511001000长期股权投资-成本（权益法）
1511002000长期股权投资-损益调整
1511002000长期股权投资-损益调整
1511003000长期股权投资-其他综合收益
1511004000长期股权投资-其他权益变动
6111003004投资收益-长期股权投资-从子公司获得的收益-处置收益
6111003001投资收益-长期股权投资-权益法确认的投资收益-期间收益
4501002001其他综合收益-以后将重分类进损益-权益法下在被投资单位中享有的份额-税前金额
4002002001资本公积-其他资本公积-权益法核算的长期股权投资","1511005000长期股权投资-成本（成本法）
6301998000营业外收入-其他
4101001000盈余公积-法定盈余公积
4101002000盈余公积-任意盈余公积
4104016000利润分配-未分配利润
4101001000盈余公积-法定盈余公积
4104016000利润分配-未分配利润",是指企业购买的长期股权投资，实现控制，处置后具有重大影响的情形,长期股权投资处置单,长期股权投资处置单,,成都中心,杨远洪,正常,,
625,销售至应收,投资确认及后续计量,A2_06_0004,长期股权投资处置,A26026,长期股权投资-部分处置丧失控制权仍能共同控制或重大影响（参股）,"1221006000其他应收款-投资性挂账
1512000000长期股权投资减值准备
1511001000长期股权投资-成本（权益法）
1511001000长期股权投资-成本（权益法）
1511002000长期股权投资-损益调整
1511002000长期股权投资-损益调整
1511003000长期股权投资-其他综合收益
1511004000长期股权投资-其他权益变动
6111003004投资收益-长期股权投资-从子公司获得的收益-处置收益
6111003001投资收益-长期股权投资-权益法确认的投资收益-期间收益
4501002001其他综合收益-以后将重分类进损益-权益法下在被投资单位中享有的份额-税前金额
4002002001资本公积-其他资本公积-权益法核算的长期股权投资","1511005000长期股权投资-成本（成本法）
6301998000营业外收入-其他
4101001000盈余公积-法定盈余公积
4101002000盈余公积-任意盈余公积
4104016000利润分配-未分配利润
4101001000盈余公积-法定盈余公积
4104016000利润分配-未分配利润",是指企业购买的参股单位长期股权投资，处置后具有重大影响的情形,长期股权投资处置单,长期股权投资处置单,,成都中心,杨远洪,正常,,
626,销售至应收,投资确认及后续计量,A2_06_0004,长期股权投资处置,A26006,长期股权投资-成本法部分处置后丧失控制权不具有重大影响（控股）,"1221006000其他应收款-投资性挂账
1512000000长期股权投资减值准备
1101001000交易性金融资产-成本
1504001000其他权益工具投资-成本
6111003004投资收益-长期股权投资-从子公司获得的收益-处置收益",1511005000长期股权投资-成本（成本法）,是指企业购买的长期股权投资，实现控制，处置后不具有重大影响的情形,长期股权投资处置单,长期股权投资处置单,,成都中心,杨远洪,正常,,
627,销售至应收,投资确认及后续计量,A2_06_0004,长期股权投资处置,A26027,长期股权投资-成本法部分处置后丧失控制权不具有重大影响（参股）,"1221006000其他应收款-投资性挂账
1512000000长期股权投资减值准备
1101001000交易性金融资产-成本
1504001000其他权益工具投资-成本
6111003004投资收益-长期股权投资-从子公司获得的收益-处置收益",1511005000长期股权投资-成本（成本法）,是指企业购买的参股单位长期股权投资，处置后不具有重大影响的情形,长期股权投资处置单,长期股权投资处置单,,成都中心,杨远洪,正常,,
628,销售至应收,投资确认及后续计量,A2_06_0004,长期股权投资处置,A26007,长期股权投资-权益法全部处置或部分处置丧失控制权仍有重大影响（控股）,"1221006000 其他应收款-投资性挂账
4501002001 其他综合收益-以后将重分类进损益-权益法下在被投资单位中享有的份额-税前金额
4002002001 资本公积-其他资本公积-权益法核算的长期股权投资
1512000000 长期股权投资减值准备
1511002000 长期股权投资-损益调整
1511003000 长期股权投资-其他综合收益
1511004000 长期股权投资-其他权益变动
6111003004 投资收益-长期股权投资-从子公司获得的收益-处置收益","1511001000 长期股权投资-成本（权益法）
4501002001 其他综合收益-以后将重分类进损益-权益法下在被投资单位中享有的份额-税前金额
4002002001 资本公积-其他资本公积-权益法核算的长期股权投资",集团控股企业对于自身持有的重大影响或者共同控制采用权益法进行后续计量的长期股权投资全部处置，或者部分处置但仍能产生重大影响或者共同控制的情形。,长期股权投资处置单,长期股权投资处置单,,成都中心,杨远洪,正常,,
629,销售至应收,投资确认及后续计量,A2_06_0004,长期股权投资处置,A26028,长期股权投资-权益法全部处置或部分处置丧失控制权仍有重大影响（参股）,"1221006000 其他应收款-投资性挂账
4501002001 其他综合收益-以后将重分类进损益-权益法下在被投资单位中享有的份额-税前金额
4002002001 资本公积-其他资本公积-权益法核算的长期股权投资
1512000000 长期股权投资减值准备
1511002000 长期股权投资-损益调整
1511003000 长期股权投资-其他综合收益
1511004000 长期股权投资-其他权益变动
6111003004 投资收益-长期股权投资-从子公司获得的收益-处置收益","1511001000 长期股权投资-成本（权益法）
4501002001 其他综合收益-以后将重分类进损益-权益法下在被投资单位中享有的份额-税前金额
4002002001 资本公积-其他资本公积-权益法核算的长期股权投资",集团参股企业对于自身持有的重大影响或者共同控制采用权益法进行后续计量的长期股权投资全部处置，或者部分处置但仍能产生重大影响或者共同控制的情形。,长期股权投资处置单,长期股权投资处置单,,成都中心,杨远洪,正常,,
630,销售至应收,投资确认及后续计量,A2_06_0004,长期股权投资处置,A26008,长期股权投资-权益法部分处置丧失重大影响（控股）,"1221006000 其他应收款-投资性挂账
1512000000 长期股权投资减值准备
1511002000 长期股权投资-损益调整
1101001000 交易性金融资产-成本
1504001000 其他权益工具投资-成本
6111003004 投资收益-长期股权投资-从子公司获得的收益-处置收益
1511003000 长期股权投资-其他综合收益
1511004000 长期股权投资-其他权益变动","1511001000 长期股权投资-成本（权益法）
4501002001 其他综合收益-以后将重分类进损益-权益法下在被投资单位中享有的份额-税前金额
4002002001 资本公积-其他资本公积-权益法核算的长期股权投资",是指企业购买的长期股权投资，具有重大影响，部分处置后丧失重大影响的情形,长期股权投资处置单,长期股权投资处置单,,成都中心,杨远洪,正常,,
631,销售至应收,投资确认及后续计量,A2_06_0004,长期股权投资处置,A26029,长期股权投资-权益法部分处置丧失重大影响（参股）,"1221006000 其他应收款-投资性挂账
1512000000 长期股权投资减值准备
1511002000 长期股权投资-损益调整
1101001000 交易性金融资产-成本
1504001000 其他权益工具投资-成本
6111003004 投资收益-长期股权投资-从子公司获得的收益-处置收益
1511003000 长期股权投资-其他综合收益
1511004000 长期股权投资-其他权益变动","1511001000 长期股权投资-成本（权益法）
4501002001 其他综合收益-以后将重分类进损益-权益法下在被投资单位中享有的份额-税前金额
4002002001 资本公积-其他资本公积-权益法核算的长期股权投资",是指企业购买的参股单位长期股权投资，部分处置后丧失重大影响的情形,长期股权投资处置单,长期股权投资处置单,,成都中心,杨远洪,正常,,
632,销售至应收,投资确认及后续计量,A2_06_0006,长期股权投资后续计量,A26031,确认投资收益,1511002000长期股权投资-损益调整,6111003001投资收益-长期股权投资-权益法确认的投资收益-期间收益,指权益法下，投资单位根据被投资企业净资产变动，按持股比例调整长期股权投资账面价值,长期股权投资后续计量单,确认投资收益,,成都中心,李瑶,正常,,
633,销售至应收,投资确认及后续计量,A2_06_0006,长期股权投资后续计量,A26032,确认其他权益变动,1511004000长期股权投资-其他权益变动,"4301001003专项储备-安全生产费用-权益法核算的专项储备
4002002001资本公积-其他资本公积-权益法核算的长期股权投资 ",指权益法下，投资单位根据被投资企业净资产变动，按持股比例调整长期股权投资账面价值,长期股权投资后续计量单,确认其他权益变动,,成都中心,李瑶,正常,,
634,销售至应收,投资确认及后续计量,A2_06_0006,长期股权投资后续计量,A26033,确认其他综合收益,1511003000长期股权投资-其他综合收益,"4501002001其他综合收益-以后将重分类进损益-权益法下在被投资单位中享有的份额-税前金额
4501001003其他综合收益-以后不能重分类进损益-权益法下在被投资单位中享有的份额-税前金额 ",指权益法下，投资单位根据被投资企业净资产变动，按持股比例调整长期股权投资账面价值,长期股权投资后续计量单,确认其他综合收益,,成都中心,李瑶,正常,,
635,销售至应收,投资确认及后续计量,A2_06_0005,金融资产后续计量,A26009,交易性金融资产-公允价值变动,1101002000交易性金融资产-公允价值变动,6101001000公允价值变动损益-交易性金融资产,是指企业购买的以公允价值计量且其变动计入当期损益的金融资产公允价值变动业务,金融资产后续计量单,交易性金融资产公允价值变动确认单,,成都中心,彭宇,正常,,
636,销售至应收,投资确认及后续计量,A2_06_0005,金融资产后续计量,A26010,交易性金融资产-处置,1221998000其他应收款-其他,"1101001000交易性金融资产-成本
1101002000交易性金融资产-公允价值变动
6111001002投资收益-交易性金融资产-处置收益",是指企业购买的以公允价值计量且其变动计入当期损益的金融资产，终止确认进行处置的业务,金融资产后续计量单,交易性金融资产处置单,,成都中心,彭宇,正常,,
637,销售至应收,投资确认及后续计量,A2_06_0005,金融资产后续计量,A26011,其他权益工具-公允价值变动,1504002000其他权益工具投资-公允价值变动,4501001005其他综合收益-以后不能重分类进损益-其他权益工具投资公允价值变动-税前金额,是指企业购买的可以迅速出售或转让的金融资产，指定为以公允价值计量且其变动计入其他综合收益的金融资产公允价值变动业务,金融资产后续计量单,其他权益工具投资公允价值变动确认单,,成都中心,彭宇,正常,,
638,销售至应收,投资确认及后续计量,A2_06_0005,金融资产后续计量,A26012,其他权益工具-处置,1221998000其他应收款-其他,"1504001000其他权益工具投资-成本
1504002000其他权益工具投资-公允价值变动
4101001000盈余公积-法定盈余公积
4104016000利润分配-未分配利润",是指企业购买的可以迅速出售或转让的金融资产，指定为以公允价值计量且其变动计入其他综合收益的金融资产，终止确认进行处置的业务,金融资产后续计量单,其他权益工具处置单,,成都中心,彭宇,正常,,
639,销售至应收,投资确认及后续计量,A2_06_0005,金融资产后续计量,A26013,债权投资-投资收益-分期付息到期还本,1132004000应收利息-债权投资,"6111006001投资收益-债权投资-期间收益
1501002000债权投资-利息调整",是指企业购买的基金类投资产品，按照分期付息到期还本的管理模式进行后续计量的业务,金融资产后续计量单,债权投资投资收益确认单,,成都中心,陆丽黎,正常,,
640,销售至应收,投资确认及后续计量,A2_06_0005,金融资产后续计量,A26014,债权投资-投资收益-到期一次还本付息,1501003000债权投资-应计利息,"6111006001投资收益-债权投资-期间收益
1501002000债权投资-利息调整",是指企业购买的基金类投资产品，按照到期一次还本付息的管理模式进行后续计量的业务,金融资产后续计量单,债权投资投资收益确认单,,成都中心,陆丽黎,正常,,
641,销售至应收,投资确认及后续计量,A2_06_0005,金融资产后续计量,A26015,债权投资-处置-到期收回,1122001000应收账款-应收账款,"1501001000债权投资-成本
1132004000应收利息-债权投资",是指企业购买的债权投资到期收回的情形,金融资产后续计量单,债权投资处置单,,成都中心,陆丽黎,正常,,
642,销售至应收,投资确认及后续计量,A2_06_0005,金融资产后续计量,A26016,债权投资-处置-未到期出售,1122001000应收账款-应收账款,"1501001000债权投资-成本
1132004000应收利息-债权投资",是指企业购买的债权投资到期前出售的情形,金融资产后续计量单,债权投资处置单,,成都中心,陆丽黎,正常,,
643,销售至应收,投资确认及后续计量,A2_06_0005,金融资产后续计量,A26021,交易性金融资产-投资收益,1131004000应收股利-交易性金融资产,6111001001投资收益-交易性金融资产-期间收益,是指企业持有交易性金融资产期间，因公允价值变动产生的损益,金融资产后续计量单,交易性金融资产-投资收益,,成都中心,李瑶,正常,,
644,销售至应收,投资确认及后续计量,A2_06_0005,金融资产后续计量,A26022,其他权益工具投资-投资收益,1131003000应收股利-其他权益工具投资,6111008000投资收益-其他权益工具投资,是指企业持有其他权益工具投资期间，因公允价值变动产生的损益,金融资产后续计量单,其他权益工具投资-投资收益,,成都中心,李瑶,正常,,
645,销售至应收,融资确认及后续计量,A2_07_0001,债券利息摊销,Z03001,可交换债等债券实际利率法摊销,2231998000应付利息-其他,6603006998财务费用-利息支出-其他,是指集团本部对持有的可交换债等债券在资产负债表日采用实际利率法对“利息调整”科目进行摊销，按债券的摊余成本和实际利率计算确定的债券利息费用,债券利息摊销,债券实际利率法摊销表单,,西安中心,刘永娜,正常,,
646,总账业务,其他项目核算,A7_01_0002,工程项目调整,A70002,材料、燃料、动力费核减调整,"借方红字
5001010000 原料-原油
5001020000 原料-原料油
5001030000 原料-原料气
5001040000 原料-添加剂
5001050000 原料-化工直接原料
5002000000 主要材料
5003010000 辅助材料-包装物
5003020100 辅助材料-催化剂-待摊费用摊销
5003020200 辅助材料-催化剂-长期待摊费用摊销
5003020300 辅助材料-催化剂-其他催化剂
5003030000 辅助材料-添加剂
5003040000 辅助材料-助剂
5003050098 辅助材料-其他
5004010000 自产辅助材料-包装物
5004020100 自产辅助材料-催化剂-待摊费用摊销
5004020200 自产辅助材料-催化剂-其他催化剂
5004030000 自产辅助材料-添加剂
5004040000 自产辅助材料-助剂
5004050098 自产辅助材料-其他
1418000000 自制半成品
5005020000 包装物摊销
5005030000 低值易耗品摊销
5005040000 周转材料摊销
5005050000 物料消耗
5006010100 燃料-燃料气-天然气
5006010200 燃料-燃料气-其他燃料气
5006020100 燃料-燃料油-原油
5006020200 燃料-燃料油-重油
5006020300 燃料-燃料油-柴油
5006020400 燃料-燃料油-煤油
5006020500 燃料-燃料油-汽油
5006020600 燃料-燃料油-其他燃料油
5006020700 燃料-燃料油-渣油
5006030100 燃料-其他燃料-煤炭
5006030298 燃料-其他燃料-其他
5007010000 动力-水
5007020000 动力-电
5007030000 动力-汽
5007040000 动力-风
5007050000 动力-氮气
5007060098 动力-其他
5008010000 自用产品-原油
5008020000 自用产品-重油
5008030000 自用产品-汽油
5008040000 自用产品-柴油
5008050000 自用产品-煤油
5008060000 自用产品-润滑油
5008070000 自用产品-天然气
5008080000 自用产品-其他燃料气
5008090000 自用产品-其他燃料油
5009010000 副产品-氮气
5009020000 副产品-蒸汽
5009030098 副产品-其他
借方蓝字
其他应收款-其他","2202001000 应付账款-应付账款（核销）
2221001995 应交税费-应交税金-应交增值税-进项税额转出-其他",用于处理工程项目因审计核减、效能监察核减等原因进行的工程项目材料、燃料、动力费调整的业务,工程项目调整单,材料、燃料、动力费核减调整表,,大庆中心,王宇,正常,,
647,总账业务,其他项目核算,A7_01_0002,工程项目调整,A70004,通用费用核减调整,"借方红字
5010010100 员工费用-工资-工资薪酬
5010010201 员工费用-工资-各项补贴-按月发放的住房补贴
5010010202 员工费用-工资-各项补贴-车改补贴
5010010203 员工费用-工资-各项补贴-交通补贴
5010010204 员工费用-工资-各项补贴-节日补贴
5010010205 员工费用-工资-各项补贴-通讯补贴
5010010206 员工费用-工资-各项补贴-误餐补贴
5010010298 员工费用-工资-各项补贴-其他补贴
5010020100 员工费用-商业人身险-补充医疗保险
5010020200 员工费用-商业人身险-年金
5010020498 员工费用-商业人身险-其他
5010030100 员工费用-社会保险费-工伤保险费
5010030200 员工费用-社会保险费-基本养老保险费
5010030300 员工费用-社会保险费-基本医疗保险费
5010030400 员工费用-社会保险费-生育保险费
5010030500 员工费用-社会保险费-失业保险费
5010030698 员工费用-社会保险费-其他
5010040000 员工费用-其他劳动保险费
5010050000 员工费用-一次性发放的住房补贴
5010060000 员工费用-以现金结算的股份支付
5010070000 员工费用-职工教育经费
5010080000 员工费用-住房公积金
5010090000 员工费用-补充保险费用
5010100000 员工费用-辞退福利
5010110000 员工费用-非货币性福利
5010120000 员工费用-福利费
5010130000 员工费用-工会经费
5010140000 员工费用-其他人工费用
5010150101 员工费用-劳务费-离退休人员返聘劳务费-工资
5010150102 员工费用-劳务费-离退休人员返聘劳务费-其他
5010150201 员工费用-劳务费-有偿解除劳动合同人员返聘劳务费-工资
5010150202 员工费用-劳务费-有偿解除劳动合同人员返聘劳务费-社会保险费
5010150203 员工费用-劳务费-有偿解除劳动合同人员返聘劳务费-其他
5010150301 员工费用-劳务费-其他人员劳务费-工资
5010150302 员工费用-劳务费-其他人员劳务费-社会保险费-基本养老保险费
5010150303 员工费用-劳务费-其他人员劳务费-社会保险费-基本医疗保险费
5010150304 员工费用-劳务费-其他人员劳务费-社会保险费-工伤保险费
5010150305 员工费用-劳务费-其他人员劳务费-社会保险费-失业保险费
5010150306 员工费用-劳务费-其他人员劳务费-社会保险费-生育保险费
5010150307 员工费用-劳务费-其他人员劳务费-社会保险费-其他
5010150308 员工费用-劳务费-其他人员劳务费-其他
5010150498 员工费用-劳务费-其他
5011010000 折旧及摊销费-固定资产折旧
5011020000 折旧及摊销费-无形资产摊销
5011030000 折旧及摊销费-生产性生物资产折旧
5011040000 折旧及摊销费-使用权资产折旧
5011050000 折旧及摊销费-投资性房地产折旧
5011060000 折旧及摊销费-油气资产折耗
5011070000 折旧及摊销费-长期待摊费用摊销
5011080098 折旧及摊销费-其他摊销
5012010000 税费-采矿权使用费
5012020000 税费-残疾人就业保证金
5012030000 税费-耕地占用税
5012040000 税费-河道维护费
5012050000 税费-价格调节基金
5012060000 税费-矿产资源补偿费
5012070000 税费-矿区使用费
5012080000 税费-人防费
5012090000 税费-水利建设基金
5012100000 税费-水资源费
5012110000 税费-水土保持补偿费
5012120000 税费-探矿权价款
5012130000 税费-探矿权使用费
5012140000 税费-文化事业建设费
5012150000 税费-关税
5012160098 税费-其他税费
5013010000 境外税费-消费税
5013020000 境外税费-联邦工资税
5013030000 境外税费-州工资税
5013040000 境外税费-社会税
5013050000 境外税费-增值税
5013060000 境外税费-市政税
5013070000 境外税费-财产税
5013080000 境外税费-关税
5013090100 境外税费-企业所得税-境外联邦企业所得税
5013090200 境外税费-企业所得税-境外地方企业所得税
5013100000 境外税费-个人所得税
5013110000 境外税费-印花税
5013120000 境外税费-社会贡献税
5013130000 境外税费-资费离境税
5013140000 境外税费-社会保险税
5014010100 油气损耗-输油输气损耗-输原油损耗
5014010200 油气损耗-输油输气损耗-输天然气损耗
5014010300 油气损耗-输油输气损耗-输成品油损耗
5014020000 油气损耗-运输合理损耗
5014030000 油气损耗-其他油气损耗
5018010000 贸易费-商检费
5018020000 贸易费-报关费
5018030000 贸易费-口岸费
5018040000 贸易费-单证费
5018050000 贸易费-包干费
5018060000 贸易费-滞期费
5020010000 技术服务费-外协费
5020020000 技术服务费-业务外包技术服务费
5020030098 技术服务费-其他
5021010000 委托研发支出-外协费
5021020000 委托研发支出-其他
5042000000 差旅费
5022010000 出国人员经费-差旅费
5022020098 出国人员经费-其他
5023010000 办公费-办公车辆路桥、停车费
5023020000 办公费-发票费用
5023030100 办公费-通讯费-电话费
5023030200 办公费-通讯费-其他通讯费用
5023040000 办公费-文具纸张费用
5023050000 办公费-印刷费
5023060000 办公费-邮电费
5023070000 办公费-办公耗材
5023080000 办公费-法人变动备案费
5023090098 办公费-其他办公费用
5024010000 公司宣传费-促销费
5024020000 公司宣传费-展览费
5024030098 公司宣传费-其他宣传费
5025010000 广告费-报刊杂志广告支出
5025020000 广告费-广播电视广告支出
5025030098 广告费-其他媒体广告支出
5026010100 咨询审计费-法律费-聘请中介机构费
5026010298 咨询审计费-法律费-其他
5026020100 咨询审计费-评估费-聘请中介机构费
5026020298 咨询审计费-评估费-其他
5026030101 咨询审计费-审计费-聘请中介机构费-年度决算审计费用
5026030102 咨询审计费-审计费-聘请中介机构费-专项审计费
5026030198 咨询审计费-审计费-聘请中介机构费-其他
5026030298 咨询审计费-审计费-其他
5026050100 咨询审计费-市场调查费-聘请中介机构费
5026050298 咨询审计费-市场调查费-其他
5026060100 咨询审计费-咨询费-专家咨询费
5026060200 咨询审计费-咨询费-聘请中介机构费
5026060398 咨询审计费-咨询费-其他
5026070100 咨询审计费-尽职调查费-财务尽调费
5026070200 咨询审计费-尽职调查费-法律尽调费
5026070300 咨询审计费-尽职调查费-商业尽调费
5026070498 咨询审计费-尽职调查费-其他尽调费
5026080098 咨询审计费-其他
5027010000 信息系统维护费-硬件设备维护费
5027020000 信息系统维护费-专用网络租用费
5027030000 信息系统维护费-软件维护及升级费
5027040000 信息系统维护费-安全运维服务
5027050098 信息系统维护费-其他
5028010000 土地(海域)使用费及损失补偿费-海域使用费
5028020000 土地(海域)使用费及损失补偿费-临时征地补偿费
5028030000 土地(海域)使用费及损失补偿费-青苗补偿费
5028040000 土地(海域)使用费及损失补偿费-土地使用费
5028050000 土地(海域)使用费及损失补偿费-污染补偿费
5028060098 土地(海域)使用费及损失补偿费-其他
5029010000 劳动保护费-防暑降温费
5029020000 劳动保护费-劳保用品支出
5029030000 劳动保护费-其他
5030010000 警卫消防费-警消人员成本费用
5030020000 警卫消防费-警卫消防用品支出费用
5030030000 警卫消防费-业务外包警卫消防费 
5030040000 警卫消防费-应急演练费用
5030050000 警卫消防费-币钞运送费
5030060098 警卫消防费-其他
5031010000 取暖费-工业用
5031020000 取暖费-生活用
5032010000 物业管理费-工业用
5032020000 物业管理费-生活用
5033010000 风险作业服务费-未移交
5033020000 风险作业服务费-已移交
5034010000 内部产品劳务-材料成本
5034020000 内部产品劳务-人工成本
5034030000 内部产品劳务-折旧折耗成本
5034040000 内部产品劳务-燃料成本
5034050000 内部产品劳务-外包作业成本
5034060000 内部产品劳务-维修成本
5034070000 内部产品劳务-动力成本
5034080000 内部产品劳务-其他成本
5034090000 内部产品劳务-井下作业费
5034100000 内部产品劳务-运输费
5034110000 内部产品劳务-内部劳务成本转出
5035010000 炼化修理费-材料费
5035020000 炼化修理费-委外服务费
5036000000 水费
5037000000 电费
5038000000 会议费
5039000000 业务招待费
5040000000 外宾招待费
5043000000 外包劳务支出
5044020000 包装费
5044030000 装卸费
9420000008 仓储费
5044050000 保管费
5044060000 物资清关费
5044070000 技术转让费
5044080000 论证费
5044090000 评审费
5044100000 共享服务费
5044110000 商旅服务费
5044130000 上级管理费
5044140000 委托管理费
5044150000 银行服务费
5044160000 托管服务费
5044170000 销售服务费
5044180000 银行托管费
5045010000 银行结算费-网上银行
5045020098 银行结算费-其他
5046010000 专利维护费
5046020000 专利申请费
5046030000 专利及专有技术使用费
5046040000 知识产权事务费
5046050000 软件购置费
5046060000 图书资料费
5046070000 资料翻译费
5046080000 资料处理解释费
5046090000 设计费
5046100000 设计制图费
5046110000 出版费
5046120100 采编费用-稿费
5046120200 采编费用-印刷费
5047010000 测试费
5047020000 化验费
9420000006 试验检验费
5047050000 计量监测费
5047060000 考察联络费
5047070000 职业健康体检费
5047080000 保健费
5047090000 医疗卫生支出
5047100000 标准配备费
5047110000 党组织工作经费
5047120000 团组织工作经费
5047130000 董事会费
5047140000 团体会费
5047150000 消费者权益保护专项经费
5047180000 产品质量保证损失
5047190000 废品损失
5047200000 样品及产品损耗
5047210000 安全生产费用
5047220000 安保防恐费
5047230000 职业危害监测费
5047240000 绿化及环境卫生费
5047250000 环境恢复整治费
5047260000 土壤和地下水监督费
5047270000 固废（危废）处置费
5047280000 火工品安全管理支出
5047290000 地质灾害防治支出
5047300000 排污费
5047310000 排污许可监测费
5047320000 温室气体排放权管理费
5047330000 污染赔偿费
5047340000 污染治理费
5047350000 拆迁安置补偿费
5047360000 加油站道路开口费
5047370000 清欠费用
5047380000 委托代销手续费
5047390000 招聘费
5047400000 境外单位签证及劳务许可费
5047410000 整理挑选费
5047420000 制冷费
5047430000 质量监督费
5047440000 招标投标费
5047450000 诉讼费
5047460000 验收费
5047470000 查新费
5047480000 资讯费
5047490000 资质认证费
5047500000 公证认证费
5047510000 抵押登记费
5047530000 经营证照审验费
5047540000 自用成品油消费税返还
5047560000 标定费
5047570000 勘察费
5047580000 充电服务费
5047590000 天然气管输费
5047600000 业务监管费
5047610000 开办费
5047620000 清罐费
5047630000 一线伙食费用
5047640000 海外人员借聘费用
5047650000 货损货差
5047680000 车辆服务费
5047690000 客用网络费
5047700000 客用电话费
5047710000 客用电视信号费
5048010000 一次性提足折旧的科研设备
5048020000 非一次性提足折旧的科研设备
5048030000 试制设备费
5048040000 公共配套设施费
5048050000 基础设施建设费
5048060000 建筑安装工程费
5048070000 土建施工费
5048080000 施工补偿费
5048090000 土地费用
5048100000 临时设施费
5048110000 业主监理费
5048120000 现场清理费
5048130000 营地建设费
5048140000 施工调遣费
5048150000 安装设备费用
5048160000 非安装设备费用
5048170000 工程分包成本
5048180000 离退休人员费用
5048190000 建设管理费
5047160000 资本化利息
5098000000 其他费用
借方蓝字
其他应收款-其他","2202001000 应付账款-应付账款（核销）
2221001995 应交税费-应交税金-应交增值税-进项税额转出-其他",用于处理工程项目因审计核减、效能监察核减等原因进行的工程项目调整通用费用核减（员工费用、折旧及摊销费、税费、技术服务费、咨询审计费、信息系统维护费、警卫消防费、内部产品劳务、炼化修理费、水费、电费、包装费、装卸费、仓储费、工程分包成本、安装设备费用、资本化利息等费用）的业务场景,工程项目调整单,通用费用核减调整表,,大庆中心,王宇,正常,,
648,总账业务,其他项目核算,A7_01_0002,工程项目调整,A70005,财产保险费及防灾防损费核减调整,"借方红字
5041000000财产保险费
5047520000保险业务差异调整
5047550000防灾防损费
借方蓝字
其他应收款-其他
","2202001000 应付账款-应付账款（核销）
2221001995 应交税费-应交税金-应交增值税-进项税额转出-其他",用于处理工程项目因审计核减、效能监察核减等原因进行的工程项目财产保险费及防灾防损费调整的业务场景,工程项目调整单,财产保险费及防灾防损费核减调整表,,大庆中心,王宇,正常,,
649,总账业务,其他项目核算,A7_01_0002,工程项目调整,A70006,检测费核减调整,"借方红字
5047030000检测费
借方蓝字
其他应收款-其他
","2202001000 应付账款-应付账款（核销）
2221001995 应交税费-应交税金-应交增值税-进项税额转出-其他",用于处理工程项目因审计核减、效能监察核减等原因进行的工程项目检测费调整的业务场景,工程项目调整单,检测费核减调整表,,大庆中心,王宇,正常,,
650,总账业务,其他项目核算,A7_01_0002,工程项目调整,A70007,维护及修理费核减调整,"借方红字
5019010000维护及修理费-检修材料费
5019020000维护及修理费-外委修理费
借方蓝字
其他应收款-其他","2202001000 应付账款-应付账款（核销）
2221001995 应交税费-应交税金-应交增值税-进项税额转出-其他",用于处理工程项目因审计核减、效能监察核减等原因进行的工程项目维护及修理费调整的业务场景,工程项目调整单,维护及修理费核减调整表,,大庆中心,王宇,正常,,
651,总账业务,其他项目核算,A7_01_0002,工程项目调整,A70008,工程款转质保金,1108002002合同结算-价款结算-质保金,1122001000应收账款-应收账款,"项目结算工程款中包含质保金，无法从销售模块区分,应用此场景调整质保金金额",工程项目调整单,工程款转质保金表,,大庆中心,王娜,正常,,
652,总账业务,其他项目核算,A7_01_0002,工程项目调整,A70009,质保期到期转其他应收款,1221001001其他应收款-保证金-质量保证金,1108002002合同结算-价款结算-质保金,用于处理核算施工单位根据建设单位的要求，在建筑工程竣工验收交付使用后，从应付的建设工程款中预留的用以维修建筑工程在保修期限和保修范围内出现的质量缺陷的资金的业务场景,工程项目调整单,质保期到期转其他应收款表,,大庆中心,程龙,正常,,
653,总账业务,其他项目核算,A7_01_0003,工程项目公共费用分摊,A70003,项目公共费用分摊,5048060000建筑安装工程费,5048070000土建施工费,是指对不能直接列入单项工程的公共费用，在期末、项目决算时按照受益对象分摊至各单项工程的业务,工程项目公共费用分摊单,项目公共费用分摊表,,大庆中心,王宇,正常,,
654,总账业务,资产减值,A7_02_0002,金融工具减值准备计提（转回）,A71005,债权投资减值准备计提（转回）,6702009000信用减值损失-债权投资减值准备,1502000000债权投资减值准备,公司以摊余成本计量的债权投资以预期信用损失为基础计提的损失准备，可转回,金融工具减值准备计提（转回）单,债权投资减值准备计提（转回）表,,成都中心,陆丽黎,正常,,
655,总账业务,资产减值,A7_02_0002,金融工具减值准备计提（转回）,A71003,其他债权投资减值准备计提（转回）,6702002000信用减值损失-其他债权投资减值准备,4501002013其他债权投资信用减值准备-税前金额,公司持有其他债权投资以预期信用损失为基础计提的损失准备，可转回,金融工具减值准备计提（转回）单,其他债权投资减值准备计提（转回）表,,成都中心,陆丽黎,正常,,
656,总账业务,资产减值,A7_02_0002,金融工具减值准备计提（转回）,A71006,财务担保合同减值准备计提（转回）,6702011000信用减值损失-担保损失准备,2801001000预计负债-预计担保损失,是指财务担保合同的账面余额超过其可收回金额，按照规定时间依据资产可能已经发生减损的某些迹象，企业应对其可收回金额进行估计,金融工具减值准备计提（转回）单,财务担保合同减值准备计提（转回）表,,成都中心,陆丽黎,正常,,
657,总账业务,资产减值,A7_02_0002,金融工具减值准备计提（转回）,A71030,贷款承诺减值准备计提（转回）,6702010000信用减值损失-贷款承诺损失准备,2801011000预计负债-贷款承诺预计负债,是指（委托）贷款的账面余额超过其可收回金额，按照规定时间依据资产可能已经发生减损的某些迹象，企业应对其可收回金额进行估计,金融工具减值准备计提（转回）单,贷款承诺减值准备计提（转回）表,,成都中心,陆丽黎,正常,,
658,总账业务,资产减值,A7_02_0003,金融工具信用损失确认,A71015,合同资产信用损失确认,"1107000000合同资产减值准备
6701013000资产减值损失-合同资产减值准备",1106001000合同资产-收入结转,"是指合同资产可收回金额确定后,如果资产可收回金额低于其账面价值,企业应当将资产的账面价值减记至可收回金额,减记的金额确认为资产减值损失,计人当期损益,同时计提相应的资产减值准备",金融工具信用损失确认单,合同资产信用损失确认表,,成都中心,吴砹,正常,,
659,总账业务,资产减值,A7_02_0003,金融工具信用损失确认,A71026,其他债权投资信用损失确认,"4501002013其他综合收益-以后将重分类进损益-其他债权投资信用减值准备-税前金额
6702002000信用减值损失-其他债权投资减值准备",1503001000其他债权投资-成本,"是指其他债权投资可收回金额确定后,如果资产可收回金额低于其账面价值,企业应当将资产的账面价值减记至可收回金额,减记的金额确认为资产减值损失,计人当期损益,同时计提相应的资产减值准备",金融工具信用损失确认单,其他债权投资信用损失确认表,,成都中心,吴砹,正常,,
660,总账业务,资产减值,A7_02_0003,金融工具信用损失确认,A71031,财务担保合同信用损失确认,6702011000信用减值损失-担保损失准备,2801001000预计负债-预计担保损失,"是指财务担保合同可收回金额确定后,如果资产可收回金额低于其账面价值,企业应当将资产的账面价值减记至可收回金额,减记的金额确认为资产减值损失,计人当期损益,同时计提相应的资产减值准备",金融工具信用损失确认单,财务担保合同信用损失确认表,,成都中心,吴砹,正常,,
661,总账业务,资产减值,A7_02_0003,金融工具信用损失确认,A71009,（委托）贷款信用损失确认,"1304002001贷款损失准备-贷款-对公贷款
6701998000资产减值损失-其他",1303001000贷款-对公贷款,"是指（委托）贷款可收回金额确定后,如果资产可收回金额低于其账面价值,企业应当将资产的账面价值减记至可收回金额,减记的金额确认为资产减值损失,计人当期损益,同时计提相应的资产减值准备",金融工具信用损失确认单,（委托）贷款信用损失确认表,,成都中心,吴砹,正常,,
662,总账业务,资产减值,A7_02_0008,资产减值准备计提（转回）,A71032,合同取得成本减值准备计提（转回）,6701998000资产减值损失-其他,1115000000合同取得成本减值准备,是指合同取得成本的账面余额超过其可收回金额，按照规定时间依据资产可能已经发生减损的某些迹象，企业应对其可收回金额进行估计,资产减值准备计提（转回）单,合同成本减值准备计提（转回）表,,大庆中心,李星翰,正常,,
663,总账业务,资产减值,A7_02_0008,资产减值准备计提（转回）,A71033,合同履约成本减值准备计提,6701998000资产减值损失-其他,1113000000合同履约成本减值准备,是指合同履约成本的账面余额超过其可收回金额，按照规定时间依据资产可能已经发生减损的某些迹象，企业应对其可收回金额进行估计,资产减值准备计提（转回）单,合同成本减值准备计提（转回）表,,大庆中心,李星翰,正常,,
664,总账业务,资产减值,A7_02_0008,资产减值准备计提（转回）,A71034,持有待售资产减值准备计提（转回）,6701998000资产减值损失-其他,"1482001000持有待售资产减值准备-长期股权投资
1482002000持有待售资产减值准备-投资性房地产
1482003000持有待售资产减值准备-固定资产
1482004000持有待售资产减值准备-在建工程
1482005000持有待售资产减值准备-工程物资
1482006000持有待售资产减值准备-油气资产
1482007000持有待售资产减值准备-无形资产
1482998000持有待售资产减值准备-其他",是指企持有待售处置组计提的允许转回的资产减值准备和商誉的减值准备,资产减值准备计提（转回）单,持有待售资产减值准备计提（转回）表,,大庆中心,李星翰,正常,,
665,总账业务,资产减值,A7_02_0008,资产减值准备计提（转回）,A71035,长期股权投资减值准备计提,6701002000资产减值损失-长期股权投资减值准备,1512000000长期股权投资减值准备,是指长期股权投资资产的账面余额超过其可收回金额，按照规定时间依据资产可能已经发生减损的某些迹象，企业应对其可收回金额进行估计,资产减值准备计提（转回）单,长期股权投资减值准备计提表,,成都中心,张福琳,正常,,
666,总账业务,资产减值,A7_02_0008,资产减值准备计提（转回）,A71036,工程物资减值准备计提,6701006000资产减值损失-工程物资减值准备,"1608001000工程物资减值准备-专用材料设备
1608002000工程物资减值准备-委托加工物资",是指工程物资的账面余额超过其可收回金额，按照规定时间依据资产可能已经发生减损的某些迹象，企业应对其可收回金额进行估计,资产减值准备计提（转回）单,工程物资减值准备计提表,,大庆中心,李星翰,正常,,
667,总账业务,资产减值,A7_02_0008,资产减值准备计提（转回）,A71037,投资项目减值准备计提,6701005000资产减值损失-在建工程减值准备,1607000000在建工程减值准备,是指在建工程的账面余额超过其可收回金额，按照规定时间依据资产可能已经发生减损的某些迹象，企业应对其可收回金额进行估计,资产减值准备计提（转回）单,投资项目减值准备计提表,,大庆中心,李星翰,正常,,
668,总账业务,资产减值,A7_02_0008,资产减值准备计提（转回）,A71038,生产性生物资产减值准备计提,6701998000资产减值损失-其他,1624000000生产性生物资产减值准备,"是指生产性生物资产可收回金额确定后,如果资产可收回金额低于其账面价值,企业应当将资产的账面价值减记至可收回金额,减记的金额确认为资产减值损失,计人当期损益,同时计提相应的资产减值准备",资产减值准备计提（转回）单,生产性生物资产减值准备计提表,,大庆中心,李星翰,正常,,
669,总账业务,资产减值,A7_02_0008,资产减值准备计提（转回）,A71039,投资项目减值准备计提,6701007000资产减值损失-地质勘探支出减值准备,1610000000地质勘探支出减值准备,是指地质勘探支出的账面余额超过其可收回金额，按照规定时间依据资产可能已经发生减损的某些迹象，企业应对其可收回金额进行估计,资产减值准备计提（转回）单,投资项目减值准备计提表,,大庆中心,李星翰,正常,,
670,总账业务,资产减值,A7_02_0008,资产减值准备计提（转回）,A71040,投资项目减值准备计提,6701008000资产减值损失-油气开发支出减值准备,1614000000油气开发支出减值准备,是指油气开发支出的账面余额超过其可收回金额，按照规定时间依据资产可能已经发生减损的某些迹象，企业应对其可收回金额进行估计,资产减值准备计提（转回）单,投资项目减值准备计提表,,大庆中心,李星翰,正常,,
671,总账业务,资产减值,A7_02_0008,资产减值准备计提（转回）,A71041,资本化研发支出减值准备计提,6701015000资产减值损失-资本化研发支出减值准备,1731000000开发支出减值准备,"是指资本化研发支出可收回金额确定后,如果资产可收回金额低于其账面价值,企业应当将资产的账面价值减记至可收回金额,减记的金额确认为资产减值损失,计人当期损益,同时计提相应的资产减值准备",资产减值准备计提（转回）单,资本化研发支出减值准备计提表,,大庆中心,李星翰,正常,,
672,总账业务,资产减值,A7_02_0008,资产减值准备计提（转回）,A71043,资产减值准备计提（转回）,6701998000资产减值损失-其他,1464000000经营租赁资产减值准备,是指经营租赁资产的账面余额超过其可收回金额，按照规定时间依据资产可能已经发生减损的某些迹象，企业应对其可收回金额进行估计,资产减值准备计提（转回）单,经营租赁资产减值准备计提（转回）表,,大庆中心,李星翰,正常,,
673,总账业务,资产减值,A7_02_0008,资产减值准备计提（转回）,A71044,资产减值准备计提（转回）,6701016000资产减值损失-抵债资产减值准备,1442000000抵债资产减值准备,是指业务单元至少每半年判断资产是否存在减值迹象，存在减值迹象的，表明抵债资产可能发生了减值，需要对资产进行减值测试，经过减值测试确有减值的，确认减值损失，计入当期损益，同时计提相应的资产减值准备,资产减值准备计提（转回）单,抵债资产减值准备计提表,,大庆中心,李星翰,正常,,
674,总账业务,资产减值,A7_02_0008,资产减值准备计提（转回）,A71045,资产减值准备计提（转回）,6701011000资产减值损失-商誉减值准备,1712000000商誉减值准备,是指商誉的账面余额超过其可收回金额，按照规定时间依据资产可能已经发生减损的某些迹象，企业应对其可收回金额进行估计，计提的减值准备,资产减值准备计提（转回）单,商誉减值准备计提表,,大庆中心,李星翰,正常,,
675,总账业务,资产减值,A7_02_0008,资产减值准备计提（转回）,A71046,资产减值准备计提（转回）,6701019000资产减值损失-未担保余值减值准备,1612000000未担保余值减值准备,是指未担保余值资产的账面余额超过其可收回金额，按照规定时间依据资产可能已经发生减损的某些迹象，企业应对其可收回金额进行估计，计提的减值准备,资产减值准备计提（转回）单,未担保余值减值准备计提（转回）表,,大庆中心,李星翰,正常,,
676,总账业务,资产计量及盘点处置,A7_10_0001,生物资产初始确认,A7E001,生物资产初始确认,"1421000000消耗性生物资产
1621000000公益性生物资产
1630000000生产性生物资产",5099000097月末结转-在产品,是指根据《企业会计准则第5号——生物资产》规定，企业生物资产应当按照成本进行初始计量，包括与种植业、畜牧养殖、林业和水产业、农业生产相关的有生命的动物和植物,资产业务初始确认单,生物资产初始确认表,生物资产管理台账,大庆中心,胡致远,正常,,
677,总账业务,资产计量及盘点处置,A7_10_0002,生物资产后续计量,A7E007,生物资产计提折旧,9420000001 制造费用（未发生业务，暂定）,1622000000 生产性生物资产累计折旧,"是指企业对生物资产在其使用寿命周期内,按照确定的方法对应计折旧额进行系统的分摊,并根据用途分别计入相关的资产成本或当期损益。",资产业务后续计量单,生物资产计提折旧表,生物资产管理台账,大庆中心,邢云鹤,正常,,
678,总账业务,资产计量及盘点处置,A7_10_0002,生物资产后续计量,A7E008,生物资产重新分类,"1421000000 消耗性生物资产
1621000000 生产性生物资产
1630000000 公益性生物资产
6701020000 资产减值损失-生产性生物资产减值准备
1622000000 生产性生物资产累计折旧
1624000000 生产性生物资产减值准备","1421000000 消耗性生物资产
1621000000 生产性生物资产
1630000000 公益性生物资产","是指根据不同标准可将生物资产划分为如下几类：（1）按照持有目的标准,可将生物资产划分为消耗类和生产类:我国根据国情增设了公益性生物资产,其以发挥环保和社会效用为主要目的。生态价值和社会价值远超过其经济价值；（2）按照成熟度标准,可将生物资产划分为成熟类和未成熟;（3）按照生长周期标准,可将生物资产划分为一年生与多年生两类; （4）按照产出方式标准,可将生物资产划分为一次产出类与多次产出类; （5）按照生物学属性标准,可将生物资产细分为农作物类、林木类、禽畜类、渔业类、微生物类。企业根据对生物资产持有意图及能力的改变，对生物资产进行重分类",资产业务后续计量单,生物资产重新分类表,生物资产管理台账,大庆中心,王淑霞,正常,,
679,总账业务,资产计量及盘点处置,A7_10_0002,生物资产后续计量,A7E004,生物资产盘盈,"1421000000 消耗性生物资产
1621000000 生产性生物资产
1630000000 公益性生物资产
1601000000 固定资产
1631000000 油气资产","1901001000 待处理财产损溢-待处理流动资产损溢
1901002000 待处理财产损溢-待处理非流动资产损溢",企业生物资产盘点发现实际库存数量多于账面库存数量，填写本表单进行后续账务处理,资产业务后续计量单,生物资产盘盈表,,大庆中心,王秘,正常,,
680,总账业务,资产计量及盘点处置,A7_10_0002,生物资产后续计量,A7E005,生物资产盘亏,"1901001000 待处理财产损溢-待处理流动资产损溢
1901002000 待处理财产损溢-待处理非流动资产损溢
1622000000 生产性生物资产累计折旧
1624000000 生产性生物资产减值准备
1471008000 存货跌价准备-消耗性生物资产
1421000000 消耗性生物资产
1621000000 生产性生物资产
1630000000 公益性生物资产
1601000000 固定资产
1631000000 油气资产","1421000000 消耗性生物资产
1621000000 生产性生物资产
1630000000 公益性生物资产
1601000000 固定资产
1631000000 油气资产",企业生物资产盘点发现实际库存数量少于账面库存数量，填写本表单进行后续账务处理,资产业务后续计量单,生物资产盘亏表,,大庆中心,王秘,正常,,
681,总账业务,资产计量及盘点处置,A7_03_0001,存货盘点处置核算,A72001,物资盘盈处置,1901001000 待处理财产损溢-待处理流动资产损溢,5015010200 存货盘盈盘亏-库存商品-盘盈（亏）,"是指企业在进行原材料库存盘点时,发现实际库存数量多于账面库存数量,即实物库存数量多于账面库存数量，盘点人进行完盘盈处理核算后，根据核算管理要求冲销管理费用",存货盘点处置核算单,物资盘盈处置表,,西安中心,陈娜,正常,,
682,总账业务,资产计量及盘点处置,A7_03_0001,存货盘点处置核算,A72003,计量收发物资盘亏处置,5015010200 存货盘盈盘亏-库存商品-盘盈（亏）,1901001000 待处理财产损溢-待处理流动资产损溢,是指后勤模块确认物资盘点结果并进行账务处理后，企业落实具体盈亏原因，按照盘亏处理计量收发进行后续处置的业务,存货盘点处置核算单,计量收发物资盘亏处置表,,西安中心,陈娜,正常,,
683,总账业务,资产计量及盘点处置,A7_03_0001,存货盘点处置核算,A72002,管理不善无赔偿物资盘亏处置,5015010200 存货盘盈盘亏-库存商品-盘盈（亏）,1901001000 待处理财产损溢-待处理流动资产损溢,是指后勤模块确认物资盘点结果并进行账务处理后，企业落实具体盈亏原因，按照盘亏处理管理不善没有赔偿进行后续处置的业务,存货盘点处置核算单,管理不善无赔偿物资盘亏处置表,,西安中心,陈娜,正常,,
684,总账业务,资产计量及盘点处置,A7_03_0001,存货盘点处置核算,A72005,管理不善保险公司赔偿物资盘亏处置,"5015010200 存货盘盈盘亏-库存商品-盘盈（亏）
1231002998 其他应收款-其他","1901001000 待处理财产损溢-待处理流动资产损溢
2221000100010002 应交税费-应交税金-应交增值税-进项税额转出",是指后勤模块确认物资盘点结果并进行账务处理后，企业落实具体盈亏原因，按照盘亏赔偿管理不善有保险公司赔偿进行后续处置的业务,存货盘点处置核算单,管理不善保险公司赔偿物资盘亏处置表,,西安中心,陈娜,正常,,
685,总账业务,资产计量及盘点处置,A7_03_0001,存货盘点处置核算,A72006,管理不善个人赔偿物资盘亏处置,"5015010200 存货盘盈盘亏-库存商品-盘盈（亏）
1231002998 其他应收款-其他","1901001000 待处理财产损溢-待处理流动资产损溢
2221000100010002 应交税费-应交税金-应交增值税-进项税额转出",是指后勤模块确认物资盘点结果并进行账务处理后，企业落实具体盈亏原因，按照盘亏管理不善个人原因赔偿进行后续处置的业务,存货盘点处置核算单,管理不善个人赔偿物资盘亏处置表,,西安中心,陈娜,正常,,
686,总账业务,资产计量及盘点处置,A7_03_0001,存货盘点处置核算,A72004,非常原因无赔偿物资盘亏处置,6711004001 营业外支出-非常损失-因不可抗力因素而产生的非常损失,1901001000 待处理财产损溢-待处理流动资产损溢,是指后勤模块确认物资盘点结果并进行账务处理后，企业落实具体盈亏原因，按照盘亏非正常原因无赔偿进行后续处置的业务,存货盘点处置核算单,非常原因无赔偿物资盘亏处置表,,西安中心,陈娜,正常,,
687,总账业务,资产计量及盘点处置,A7_03_0001,存货盘点处置核算,A72007,非常原因保险公司赔偿物资盘亏处置,"6711004001 营业外支出-非常损失-因不可抗力因素而产生的非常损失
1231002998 其他应收款-其他",1901001000 待处理财产损溢-待处理流动资产损溢,是指后勤模块确认物资盘点结果并进行账务处理后，企业落实具体盈亏原因，按照盘亏非正常原因有保险公司赔偿进行后续处置的业务,存货盘点处置核算单,非常原因保险公司赔偿物资盘亏处置表,,西安中心,陈娜,正常,,
688,总账业务,资产计量及盘点处置,A7_03_0001,存货盘点处置核算,A72012,正常报废物资处置,"5016010000 存货毁损报废-库存商品
5016020000 存货毁损报废-原材料
5016030098 存货毁损报废-其他",1901001000 待处理财产损溢-待处理流动资产损溢,是指后勤模块确认物资盘点结果并进行账务处理后，企业落实具体盈亏原因，按照报废正常原因进行后续处置的业务,存货盘点处置核算单,正常报废物资处置表,,西安中心,陈娜,正常,,
689,总账业务,资产计量及盘点处置,A7_03_0001,存货盘点处置核算,A72013,非常原因损失物资处置,6711004001 营业外支出-非常损失-因不可抗力因素而产生的非常损失,1901001000 待处理财产损溢-待处理流动资产损溢,是指后勤模块确认物资盘点结果并进行账务处理后，企业落实具体盈亏原因，按照报废非正常原因进行后续处置的业务,存货盘点处置核算单,非常原因损失物资处置表,,西安中心,陈娜,正常,,
690,总账业务,税费计提及处理,A7_04_0001,税费计提,A73001,金融资产增值税计提,6111001002投资收益-交易性金融资产-处置收益,2221001038应交税费-应交税金-转让金融商品应交增值税,是指金融企业转让外汇、有价证券、非货物期货和其他金融商品所有权的业务活动时根据国家相关规定按比例计提的增值税的业务,税费计提单,金融资产增值税计提表,,大庆中心,蒋頔,正常,,
691,总账业务,税费计提及处理,A7_04_0001,税费计提,A73012,自用油品视同销售销项税确认,"5006020500燃料-燃料油-汽油
5006020500燃料-燃料油-汽油
5006020300燃料-燃料油-柴油
5006020300燃料-燃料油-柴油
5006020600燃料-燃料油-其他燃料油
5006020600燃料-燃料油-其他燃料油","2221001035应交税费-应交税金-增值税简易计税-应交税额
2221001002应交税费-应交税金-应交增值税-销项税额",是指纳税人在发生视同销售的业务时，按照规定视同销售处理的自用油计提销项税的业务。,税费计提单,自用油品视同销售销项税确认表,,大庆中心,胡致远,正常,,
692,总账业务,税费计提及处理,A7_04_0001,税费计提,A73013,无偿赠送货物销项税确认,"6711011001营业外支出-捐赠支出-非公益性捐赠
6711011002营业外支出-捐赠支出-公益性捐赠","2221001035应交税费-应交税金-增值税简易计税-应交税额
2221001002应交税费-应交税金-应交增值税-销项税额",是指纳税人在发生视同销售的业务时，按照规定将自产、委托加工或者购进的货物无偿赠送其他单位或者个人计提销项税的业务。,税费计提单,无偿赠送货物销项税确认表,,大庆中心,胡致远,正常,,
693,总账业务,税费计提及处理,A7_04_0001,税费计提,A73014,货物分配股东（投资者）销项税确认,2232001000应付股利-应付股利,"2221001035应交税费-应交税金-增值税简易计税-应交税额
2221001002应交税费-应交税金-应交增值税-销项税额",是指纳税人在发生视同销售的业务时，按照规定将自产、委托加工或者购进的货物分配给股东或者投资者计提销项税的业务。,税费计提单,货物分配股东（投资者）销项税确认表,,大庆中心,胡致远,正常,,
694,总账业务,税费计提及处理,A7_04_0001,税费计提,A73015,货物对外投资（单位 / 个体）销项税确认,1511001000长期股权投资-成本（权益法）,"2221001035应交税费-应交税金-增值税简易计税-应交税额
2221001002应交税费-应交税金-应交增值税-销项税额",是指纳税人在发生视同销售的业务时，按照规定将自产、委托加工或者购进的货物作为投资，提供给其他单位或者个体工商户计提销项税的业务。,税费计提单,货物对外投资（单位 / 个体）销项税确认表,,大庆中心,胡致远,正常,,
695,总账业务,税费计提及处理,A7_04_0001,税费计提,A73016,货物用于集体福利（个人消费）销项税确认,"5010120000 员工费用-福利费 
2211002011应付职工薪酬-应付福利费-福利费支出-自办食堂经费补贴
2211002013应付职工薪酬-应付福利费-福利费支出-内设福利部门人员费用
2211002014应付职工薪酬-应付福利费-福利费支出-内设福利部门其他支出
2211002017应付职工薪酬-应付福利费-福利费支出-慰问费
2211002018应付职工薪酬-应付福利费-福利费支出-职工福利用品
2211002015应付职工薪酬-应付福利费-福利费支出-防暑降温费
2211002998应付职工薪酬-应付福利费-福利费支出-其他","2211002001应付职工薪酬-应付福利费-提取数
2221001035应交税费-应交税金-增值税简易计税-应交税额
2221001002应交税费-应交税金-应交增值税-销项税额",是指纳税人在发生视同销售的业务时，按照规定将自产、委托加工的货物用于集体福利或者个人消费计提销项税的业务。,税费计提单,货物用于集体福利（个人消费）销项税确认表,,大庆中心,胡致远,正常,,
696,总账业务,税费计提及处理,A7_04_0001,税费计提,A73017,消费税及城建税、教育费附加计提（从价计征）,"6403001001税金及附加-主营业务税金及附加-消费税
6403002001税金及附加-其他业务税金及附加-消费税
6403001002税金及附加-主营业务税金及附加-城市维护建设税
6403001004税金及附加-主营业务税金及附加-教育费附加
6403001005税金及附加-主营业务税金及附加-地方教育费附加
6403002002税金及附加-其他业务税金及附加-城市维护建设税
6403002004税金及附加-其他业务税金及附加-教育费附加
6403002005税金及附加-其他业务税金及附加-地方教育费附加","2221001996应交税费-应交税金-消费税-其他
2221001072应交税费-应交税金-城市维护建设税-消费税
2221002002应交税费-行政性收费-应交教育费附加-教育费附加-消费税
2221002004应交税费-行政性收费-应交教育费附加-地方教育费-消费税",是指在中华人民共和国境内销售、委托加工和进口应税消费品的单位和个人，在生产、批发或者零售环节销售应税消费品，按照规定从价计征计提消费税的业务,税费计提单,消费税及城建税、教育费附加计提（从价计征）表,,大庆中心,王娜,正常,,
697,总账业务,税费计提及处理,A7_04_0001,税费计提,A73018,消费税及城建税、教育费附加计提（从量计征）,"6403001001税金及附加-主营业务税金及附加-消费税
6403002001税金及附加-其他业务税金及附加-消费税
6403001002税金及附加-主营业务税金及附加-城市维护建设税
6403001004税金及附加-主营业务税金及附加-教育费附加
6403001005税金及附加-主营业务税金及附加-地方教育费附加
6403002002税金及附加-其他业务税金及附加-城市维护建设税
6403002004税金及附加-其他业务税金及附加-教育费附加
6403002005税金及附加-其他业务税金及附加-地方教育费附加","2221001996应交税费-应交税金-消费税-其他
2221001045应交税费-应交税金-消费税-汽油
2221001046应交税费-应交税金-消费税-柴油
2221001049应交税费-应交税金-消费税-航煤
2221001047应交税费-应交税金-消费税-石脑油
2221001050应交税费-应交税金-消费税-溶剂油
2221001051应交税费-应交税金-消费税-润滑油
2221001048应交税费-应交税金-消费税-燃料油
2221001072应交税费-应交税金-城市维护建设税-消费税
2221002002应交税费-行政性收费-应交教育费附加-教育费附加-消费税
2221002004应交税费-行政性收费-应交教育费附加-地方教育费-消费税",是指在中华人民共和国境内销售、委托加工和进口应税消费品的单位和个人，在生产、批发或者零售环节销售应税消费品，按照规定从量计征计提消费税的业务,税费计提单,消费税及城建税、教育费附加计提（从量计征）表,,大庆中心,王娜,正常,,
698,总账业务,税费计提及处理,A7_04_0001,税费计提,A74001,房产税计提（自用房产）,"6403003001税金及附加-其他-房产税
6403002006税金及附加-其他业务税金及附加-房产税",2221001073应交税费-应交税金-房产税-自用房产,是指企业以房屋为征税对象，按房屋的计税余值为计税依据，按照规定计提自用房产房产税的业务,税费计提单,房产税计提（自用房产）表,,大庆中心,王娜,正常,,
699,总账业务,税费计提及处理,A7_04_0001,税费计提,A74002,房产税计提（出租房产）,"6403003001税金及附加-其他-房产税
6403002006税金及附加-其他业务税金及附加-房产税",2221001074应交税费-应交税金-房产税-出租房产,是指企业以房屋为征税对象，按房屋的租金收入为计税依据，按照规定计提出租房产房产税的业务,税费计提单,房产税计提（出租房产）表,,大庆中心,王娜,正常,,
700,总账业务,税费计提及处理,A7_04_0001,税费计提,A74003,印花税计提,"6403003004税金及附加-其他-印花税
1606000000固定资产清理",2221001082应交税费-应交税金-印花税,是指企业在经济活动和经济交往中订立、领受具有法律效力的凭证为基础，按照规定计提印花税的业务,税费计提单,印花税计提表,,大庆中心,王淑霞,正常,,
701,总账业务,税费计提及处理,A7_04_0001,税费计提,A74004,契税计提,"6403002998税金及附加-其他业务税金及附加-其他
6403001998税金及附加-主营业务税金及附加-其他","2221001084应交税费-应交税金-契税-房屋
2221001085应交税费-应交税金-契税-土地使用权",是指企业在中华人民共和国境内转移土地、房屋权属为基础，按照规定计提契税的业务,税费计提单,契税计提表,,大庆中心,蒋頔,正常,,
702,总账业务,税费计提及处理,A7_04_0001,税费计提,A75001,企业所得税计提,6801001000所得税费用-当期所得税费用,"2221001068应交税费-应交税金-应交所得税-预交
2221001069应交税费-应交税金-应交所得税-汇算清缴",是指中华人民共和国境内的企业（居民企业及非居民企业）和其他取得收入的组织以其生产经营所得计提企业所得税的业务,税费计提单,企业所得税计提表,,大庆中心,万鑫,正常,,
703,总账业务,税费计提及处理,A7_04_0001,税费计提,A76001,资源税计提（从价计征）,"6403001003税金及附加-主营业务税金及附加-资源税
6403002003税金及附加-其他业务税金及附加-资源税","2221001052应交税费-应交税金-资源税-原油
2221001053应交税费-应交税金-资源税-天然气
2221001054应交税费-应交税金-资源税-凝析油
2221001056应交税费-应交税金-资源税-煤层气
2221001057应交税费-应交税金-资源税-黏土
2221001058应交税费-应交税金-资源税-砂石
2221001059应交税费-应交税金-资源税-页岩气
2221001060应交税费-应交税金-资源税-致密气
2221001061应交税费-应交税金-资源税-硫化氢气
2221001062应交税费-应交税金-资源税-天然气水合物
2221001063应交税费-应交税金-资源税-油页岩
2221001064应交税费-应交税金-资源税-油砂
2221001065应交税费-应交税金-资源税-天然沥青
2221001066应交税费-应交税金-资源税-石煤
2221001067应交税费-应交税金-资源税-地热
2221001997应交税费-应交税金-资源税-其他",是指以各种自然资源为课税对象、为了调节资源级差收入并体现国有资源有偿使用，按照规定从价计征计提资源税的业务,税费计提单,资源税计提（从价计征）表,,大庆中心,万鑫,正常,,
704,总账业务,税费计提及处理,A7_04_0001,税费计提,A76002,资源税计提（从量计征）,"6403001003税金及附加-主营业务税金及附加-资源税
6403002003税金及附加-其他业务税金及附加-资源税","2221001052应交税费-应交税金-资源税-原油
2221001053应交税费-应交税金-资源税-天然气
2221001054应交税费-应交税金-资源税-凝析油
2221001056应交税费-应交税金-资源税-煤层气
2221001057应交税费-应交税金-资源税-黏土
2221001058应交税费-应交税金-资源税-砂石
2221001059应交税费-应交税金-资源税-页岩气
2221001060应交税费-应交税金-资源税-致密气
2221001061应交税费-应交税金-资源税-硫化氢气
2221001062应交税费-应交税金-资源税-天然气水合物
2221001063应交税费-应交税金-资源税-油页岩
2221001064应交税费-应交税金-资源税-油砂
2221001065应交税费-应交税金-资源税-天然沥青
2221001066应交税费-应交税金-资源税-石煤
2221001067应交税费-应交税金-资源税-地热
2221001997应交税费-应交税金-资源税-其他",是指以各种自然资源为课税对象、为了调节资源级差收入并体现国有资源有偿使用，按照规定从量计征计提资源税的业务,税费计提单,资源税计提（从量计征）表,,大庆中心,万鑫,正常,,
705,总账业务,税费计提及处理,A7_04_0001,税费计提,A76003,水资源税计提,"6403001010 税金及附加-主营业务税金及附加-水资源税
6403002009 税金及附加-其他业务税金及附加-水资源税
5012160098税费-其他税费","2221001055 应交书费-应交税金-水资源税-地表水
2221001088 应交税费-应交税金-水资源税-地下水",是指纳税人为直接取用地表水、地下水的，按照规定计提水资源税是资源税的业务,税费计提单,水资源税计提表,,大庆中心,万鑫,正常,,
706,总账业务,税费计提及处理,A7_04_0001,税费计提,A76007,水资源费计提,5012100000税费-水资源费,2221002013应交税费-行政性收费-水资源费,是指以各种自然资源为课税对象、为了调节资源级差收入并体现国有资源有偿使用，按照规定从价计征计提资源税的业务,税费计提单,水资源费计提表,,大庆中心,万鑫,正常,,
707,总账业务,税费计提及处理,A7_04_0001,税费计提,A76004,土地使用税计提,"6403002007税金及附加-其他业务税金及附加-城镇土地使用税
6403003002税金及附加-其他-城镇土地使用税","2221001075应交税费-应交税金-城镇土地使用税-大城市
2221001076应交税费-应交税金-城镇土地使用税-中等城市
2221001077应交税费-应交税金-城镇土地使用税-小城市
2221001078应交税费-应交税金-城镇土地使用税-县城、建制镇、工矿区",是指在城市、县城、建制镇、工矿区范围内使用土地的单位，以其实际占用的土地面积，按照规定计提土地使用税的业务,税费计提单,土地使用税计提表,,大庆中心,程龙,正常,,
708,总账业务,税费计提及处理,A7_04_0001,税费计提,A76005,环境保护税计提,"6403001007税金及附加-主营业务税金及附加-环境保护税
6403002008税金及附加-其他业务税金及附加-环境保护税",2221001087应交税费-应交税金-环境保护税,是指企业事业单位和其他生产经营者在我国领域以及管辖的其他海域直接向环境排放应税污染物（大气污染物、水污染物、固体废物和噪声）的，按照规定计提环境保护税的业务,税费计提单,环境保护税计提表,"环境保护税按月计算表（大气污染物）
环境保护税按月计算表（水污染物）
环境保护税按月计算表（固体废物）
环境保护税按月计算报表（噪声)
环境保护税减免税明细计算表",大庆中心,蒋頔,正常,,
709,总账业务,税费计提及处理,A7_04_0001,税费计提,A76006,土地增值税计提,"6403001008税金及附加-主营业务税金及附加-土地增值税
6403002998税金及附加-其他业务税金及附加-其他
1606000000固定资产清理",2221001070应交税费-应交税金-土地增值税,是指有偿转让国有土地使用权及地上建筑物和其他附着物产权，取得增值收入的单位，按照规定计提土地增值税的业务,税费计提单,土地增值税计提表,土地增值税扣除项目明细表,大庆中心,王宇,正常,,
710,总账业务,税费计提及处理,A7_04_0001,税费计提,A78001,城建税及教育费附加计提（消费税）,"6403001002税金及附加-主营业务税金及附加-城市维护建设税
6403001004税金及附加-主营业务税金及附加-教育费附加
6403001005税金及附加-主营业务税金及附加-地方教育费附加
6403002002税金及附加-其他业务税金及附加-城市维护建设税
6403002004税金及附加-其他业务税金及附加-教育费附加
6403002005税金及附加-其他业务税金及附加-地方教育费附加","2221001072应交税费-应交税金-城市维护建设税-消费税
2221002002应交税费-行政性收费-应交教育费附加-教育费附加-消费税
2221002004应交税费-行政性收费-应交教育费附加-地方教育费-消费税
2221001071应交税费-应交税金-城市维护建设税-增值税
2221002001应交税费-行政性收费-应交教育费附加-教育费附加-增值税
2221002003应交税费-行政性收费-应交教育费附加-地方教育费-增值税",是指国家对缴纳增值税、消费税的单位和个人就其缴纳的“消费税”税额为计税依据计提城建税及教育费附加的业务,税费计提单,城市维护建设税及教育附加计提（消费税）表,,大庆中心,马丽,正常,,
711,总账业务,税费计提及处理,A7_04_0001,税费计提,A78002,耕地占用税计提,5012030000税费-耕地占用税,2221001083应交税费-应交税金-耕地占用税,是指企业对占用耕地建房或从事其他非农业建设计的，按照规定计提耕地占用税的业务,税费计提单,耕地占用税计提表,,大庆中心,王淑霞,正常,,
712,总账业务,税费计提及处理,A7_04_0001,税费计提,A79001,石油特别收益金计提,6403001006税金及附加-主营业务税金及附加-石油特别收益金,"2221002018应交税费-行政性收费-石油特别收益金-自营
2221002020应交税费-行政性收费-石油特别收益金-地方合作
2221002021应交税费-行政性收费-石油特别收益金-外方合作
2221002019应交税费-行政性收费-石油特别收益金-未上市合作",是指在中华人民共和国陆地领域和所辖海域独立开采并销售原油的企业，以及在上述领域以合资、合作等方式开采并销售原油的其他企业，按照规定计提石油特别收益金的业务,税费计提单,石油特别收益金计提表,,大庆中心,蒋頔,正常,,
713,总账业务,税费计提及处理,A7_04_0001,税费计提,A79002,水土保持补偿费计提（核定征收）,5012110000税费-水土保持补偿费,2221002022应交税费-行政性收费-水土保持补偿费,是指水行政主管部门对损坏水土保持设施和地貌植被、不能恢复原有水土保持功能的生产建设单位征收并专项用于水土流失预防治理的资金，按照规定核定征收计提水土保持补偿的业务,税费计提单,水土保持补偿费计提（核定征收）表,,大庆中心,马丽,正常,,
714,总账业务,税费计提及处理,A7_04_0001,税费计提,A79003,水土保持补偿费计提（非核定征收）,5012110000税费-水土保持补偿费,2221002022应交税费-行政性收费-水土保持补偿费,是指水行政主管部门对损坏水土保持设施和地貌植被、不能恢复原有水土保持功能的生产建设单位征收并专项用于水土流失预防治理的资金，按照规定非核定征收计提水土保持补偿的业务,税费计提单,水土保持补偿费计提（非核定征收）表,,大庆中心,马丽,正常,,
715,总账业务,税费计提及处理,A7_04_0001,税费计提,A79004,水利建设基金计提,5012090000税费-水利建设基金,2221002007应交税费-行政性收费-水利建设基金,是指向企事业单位和在职职工征收的，用于防洪保安、重点水利工程建设的资金，按照规定计提水利建设基金计提的业务,税费计提单,水利建设基金计提表,,大庆中心,禚文君,正常,,
716,总账业务,税费计提及处理,A7_04_0001,税费计提,A79005,残疾人就业保证金计提,5012020000税费-残疾人就业保证金,2221002014应交税费-行政性收费-残疾人就业保证金,是指为保障残疾人权益，由未按规定安排残疾人就业的机关、团体、企业、事业单位和民办非企业单位缴纳的资金，企业按照规定计提残疾人就业保证金,税费计提单,残疾人就业保证金计提表,,大庆中心,禚文君,正常,,
717,总账业务,税费计提及处理,A7_04_0001,税费计提,A79006,文化事业建设费计提,5012140000税费-文化事业建设费,2221002008应交税费-行政性收费-文化事业建设费,国务院为进一步完善文化经济政策，拓展文化事业资金投入渠道而对广告、娱乐行业开征的一种规费，企业按照规定计提文化事业建设费的业务,税费计提单,文化事业建设费计提表,,大庆中心,李星翰,正常,,
718,总账业务,税费计提及处理,A7_04_0001,税费计提,A79007,矿区使用费计提,5012070000税费-矿区使用费,2221002005应交税费-行政性收费-矿区使用费,是指矿产资源的所有人凭借其对资源的拥有权，对开采资源收取的特许费用，企业按照规定计提矿区使用费的业务,税费计提单,矿区使用费计提表,,大庆中心,胡致远,正常,,
719,总账业务,税费计提及处理,A7_04_0001,税费计提,A79008,车船使用税计提,6403003003税金及附加-其他-车船使用税,2221001079应交税费-应交税金-车船使用税,是指在我国境内拥有并且使用的车船的单位按其所载人数或吨位数，计提车船使用税的业务,税费计提单,车船使用税计提表,,大庆中心,王宇,正常,,
720,总账业务,税费计提及处理,A7_04_0001,税费计提,A79015,车辆购置税计提,5012160098税费-其他税费,2221001086应交税费-应交税金-车辆购置税,用于处理车辆购置税计提业务,税费计提单,车辆购置税计提表,,大庆中心,王宇,正常,,
721,总账业务,税费计提及处理,A7_04_0001,税费计提,A79014,城市生活垃圾处理费计提,5047240000绿化及环境卫生费,2221002998应交税费-行政性收费-其他,用于处理计提城市生活垃圾处理费,税费计提单,城市生活垃圾处理费计提表,,大庆中心,白冰,正常,,
722,总账业务,税费计提及处理,A7_04_0001,税费计提,A79017,航标费计提,5012160098税费-其他税费,2221002998应交税费-行政性收费-其他,指计提航标管理部门为用于设置和维修助航标志所需费用而向航标使用单位收取的相关使用维护费用。,税费计提单,航标费计提表,,大庆中心,邢云鹤,正常,,
723,总账业务,税费计提及处理,A7_04_0001,税费计提,A79009,关税计提,5012150000税费-关税,2221001081应交税费-应交税金-关税,是指企业根据所在地财政部门、税务部门有关税费规章制度，定期提取的海关收费的业务,税费计提单,关税计提表,,大庆中心,邢云鹤,正常,,
724,总账业务,税费计提及处理,A7_04_0001,税费计提,A79018,境外关税计提,5013080000境外税费-关税,2228005000应交境外税金-关税,用于处理海外业务计提关税税业务,税费计提单,境外关税计提表,,西安中心,苗彤玲,正常,,
725,总账业务,税费计提及处理,A7_04_0001,税费计提,A79019,境外企业所得税计提,5013090200境外税费-企业所得税-境外地方企业所得税,"2228008998应交境外税金-应交企业所得税-其他
2228009000应交境外税金-预缴企业所得税",用于处理海外业务计提企业所得税计提业务,税费计提单,境外企业所得税计提表,,西安中心,苗彤玲,正常,,
726,总账业务,税费计提及处理,A7_04_0001,税费计提,A79020,境外印花税计提,5013110000境外税费-印花税,2228018000应交境外税金-印花税,用于处理海外业务计提印花税业务,税费计提单,境外印花税计提表,,西安中心,苗彤玲,正常,,
727,总账业务,税费计提及处理,A7_04_0001,税费计提,A79021,森林植被恢复费计提（非核定征收）,5012160098 税费-其他,2221002998 应交税费-行政性收费-其他,是指地区公司在进行矿藏勘查、开采和其他各类工程建设时，为了恢复因这些活动而被占用或破坏的森林植被，用地单位向政府缴纳相关费用时采用非核定征收计提的相关税费,税费计提单,森林植被恢复费计提（非核定征收）表,,大庆中心,王秘,正常,,
728,总账业务,税费计提及处理,A7_04_0001,税费计提,A79022,森林植被恢复费计提（核定征收）,5012160098 税费-其他,2221002998 应交税费-行政性收费-其他,是指地区公司在进行矿藏勘查、开采和其他各类工程建设时，为了恢复因这些活动而被占用或破坏的森林植被，用地单位向政府缴纳相关费用时采用政府核定征收计提的相关税费,税费计提单,森林植被恢复费计提（核定征收）表,,大庆中心,王秘,正常,,
729,总账业务,税费计提及处理,A7_04_0001,税费计提,A79016,采矿权使用费计提,5012010000 税费-采矿权使用费,2221002011 应交税费-应交行政性收费-采矿权使用费,是指国家将矿产资源采矿权出让给采矿权人，并按规定向采矿权人收取的使用费,税费计提单,采矿权使用费计提表,,大庆中心,程龙,正常,,
730,总账业务,税费计提及处理,A7_04_0001,税费计提,A79012,矿业权出让收益计提（矿业权出让收益率形式）,6403001009 税金及附加-主营业务税金及附加-矿业权出让收益,2221002010 应交税费-行政性收费-矿业权出让收益,是指国家基于自然资源所有权，将探矿权、采矿权出让给探矿权人、采矿权人而依法收取的国有资源有偿使用收入,税费计提单,矿业权出让收益计提（矿业权出让收益率形式）表,,大庆中心,胡致远,正常,,
731,总账业务,税费计提及处理,A7_04_0001,税费计提,A79013,矿业权出让收益计提（出让金额形式）,6403001009 税金及附加-主营业务税金及附加-矿业权出让收益,2221002010 应交税费-行政性收费-矿业权出让收益,指国家基于自然资源所有权，将探矿权、采矿权出让给探矿权人、采矿权人而依法收取的国有资源有偿使用收入,税费计提单,矿业权出让收益计提（出让金额形式）表,,大庆中心,胡致远,正常,,
732,总账业务,税费计提及处理,A7_04_0001,税费计提,A79023,境外社会保险税计提,5013140000 境外税费-社会保险税,2228026000 应交境外税金-社会保险税,用于处理计提境外社会保险税,税费计提单,境外社会保险税计提表,,西安中心,苗彤玲,正常,,
733,总账业务,税费计提及处理,A7_04_0001,税费计提,A79025,境外企业所得税（损益类）计提,6801001000所得税费用-当期所得税费用,2228008001应交境外税金-应交企业所得税-应交企业所得税,用于处理依据国家税费管理办法需要计提各种税费业务，包括房产税计提、印花税计提、契税计提、企业所得税计提、资源税计提、水资源税（费）计提、土地使用税计提、环境保护税计提、土地增值税计提、城建税及教育费附加计提、耕地占用税计提、石油特别收益金计提、水土保持补偿费计提、水利建设基金计提、残疾人就业保证金计提、文化事业建设费计提、矿区使用费计提、其他税费计提等业务,税费计提单,境外企业所得税（损益类）计提表,,西安中心,苗彤玲,正常,,
734,总账业务,税费计提及处理,A7_04_0001,税费计提,A78003,城市维护建设税及教育附加计提(增值税）,"6403002002税金及附加-其他业务税金及附加-城市维护建设税
6403002004税金及附加-其他业务税金及附加-教育费附加
6403002005税金及附加-其他业务税金及附加-地方教育费附加","2221001071应交税费-应交税金-城市维护建设税-增值税
2221002001应交税费-行政性收费-应交教育费附加-教育费附加-增值税
2221002003应交税费-行政性收费-应交教育费附加-地方教育费-增值税",是指国家对缴纳增值税、消费税的单位和个人就其缴纳的“增值税、消费税”税额为计税依据计提城建税及教育费附加的业务,税费计提单,城市维护建设税及教育附加计提(增值税）表,,大庆中心,马丽,正常,,
735,总账业务,税费计提及处理,A7_04_0001,税费计提,A79030,境外财产税计提,5013070000境外税费-财产税,2228004000应交境外税金-财产税,用于处理计提境外财产税,税费计提单,境外财产税计提表,,西安中心,苗彤玲,正常,,
736,总账业务,税费计提及处理,A7_04_0001,税费计提,A79031,境外车船使用税计提,5013160098境外税费-其他,2228998000应交境外税金-其他,用于处理计提境外车船使用税,税费计提单,境外车船使用税计提表,,西安中心,苗彤玲,正常,,
737,总账业务,税费计提及处理,A7_04_0001,税费计提,A79032,境外城建税计提,5013160098境外税费-其他,2228025000应交境外税金-城建税,用于处理计提境外城建税,税费计提单,境外城建税计提表,,西安中心,苗彤玲,正常,,
738,总账业务,税费计提及处理,A7_04_0001,税费计提,A79033,境外出租房产计提,5013160098境外税费-其他,2228998000应交境外税金-其他,用于填写计算境外自用房产税使用,税费计提单,境外出租房产计提表,,西安中心,苗彤玲,正常,,
739,总账业务,税费计提及处理,A7_04_0001,税费计提,A79034,境外自用房产计提,5013160098境外税费-其他,2228998000应交境外税金-其他,用于填写计算境外自用房产税使用,税费计提单,境外自用房产计提表,,西安中心,苗彤玲,正常,,
740,总账业务,税费计提及处理,A7_04_0001,税费计提,A79035,境外耕地占用税计提,5013160098境外税费-其他,2228998000应交境外税金-其他,用于处理计提境外耕地占用税,税费计提单,境外耕地占用税计提表,,西安中心,苗彤玲,正常,,
741,总账业务,税费计提及处理,A7_04_0001,税费计提,A79036,境外环境保护税计提,5013160098境外税费-其他,2228003000应交境外税金-环境保护税,用于处理计提境外环境保护税,税费计提单,境外环境保护税计提表,,西安中心,苗彤玲,正常,,
742,总账业务,税费计提及处理,A7_04_0001,税费计提,A79037,境外水资源税（费）计提,5013160098境外税费-其他,2228012000应交境外税金-资源税,用于处理计提境外水资源税（费）,税费计提单,境外水资源税（费）计提表,,西安中心,苗彤玲,正常,,
743,总账业务,税费计提及处理,A7_04_0001,税费计提,A79038,境外土地使用税计提,5013160098境外税费-其他,2228017000应交境外税金-土地使用税,用于处理计提境外土地使用税,税费计提单,境外土地使用税计提表,,西安中心,苗彤玲,正常,,
744,总账业务,税费计提及处理,A7_04_0001,税费计提,A79039,境外土地增值税计提,5013160098境外税费-其他,2228998000应交境外税金-其他,用于处理计提境外土地增值税,税费计提单,境外土地增值税计提表,,西安中心,苗彤玲,正常,,
745,总账业务,税费计提及处理,A7_04_0001,税费计提,A79040,境外固定税计提,5013160098境外税费-其他,2228998000应交境外税金-其他,用于处理计提境外固定税,税费计提单,境外固定税计提表,,西安中心,苗彤玲,正常,,
746,总账业务,税费计提及处理,A7_04_0001,税费计提,A79041,境外粮食保证金计提,5013160098境外税费-其他,2228998000应交境外税金-其他,用于处理计提境外粮食保证金,税费计提单,境外粮食保证金计提表,,西安中心,苗彤玲,正常,,
747,总账业务,税费计提及处理,A7_04_0001,税费计提,A79042,境外西非联盟税计提,5013080000境外税费-关税,应交境外税金-关税2228005000,用于处理计提境外西非联盟税,税费计提单,境外西非联盟税计提表,,西安中心,苗彤玲,正常,,
748,总账业务,税费计提及处理,A7_04_0001,税费计提,A79043,境外西非联盟团结税计提,5013080000境外税费-关税,应交境外税金-关税2228005000,用于处理计提境外西非联盟团结税,税费计提单,境外西非联盟团结税计提表,,西安中心,苗彤玲,正常,,
749,总账业务,税费计提及处理,A7_04_0001,税费计提,A79044,境外项目贷款利息收益税计提,5013160098境外税费-其他,2228998000应交境外税金-其他,用于处理计提境外项目贷款利息收益税,税费计提单,境外项目贷款利息收益税计提表,,西安中心,苗彤玲,正常,,
750,总账业务,税费计提及处理,A7_04_0001,税费计提,A79045,境外学徒税计提,5013160098境外税费-其他,2228998000应交境外税金-其他,用于处理计提境外学徒税,税费计提单,境外学徒税计提表,,西安中心,苗彤玲,正常,,
751,总账业务,税费计提及处理,A7_04_0001,税费计提,A79046,境外资源税计提,5013160098境外税费-其他,2228012000应交境外税金-资源税,用于处理计提境外资源税,税费计提单,境外资源税计提表,,西安中心,苗彤玲,正常,,
752,总账业务,税费计提及处理,A7_04_0001,税费计提,A79047,境外不动产税及其他土地税计提,5013160098境外税费-其他,2228017000应交境外税金-土地使用税,用于处理计提境外不动产税及其他土地税,税费计提单,境外不动产税及其他土地税计提表,,成都中心,陈俊儒,正常,,
753,总账业务,税费计提及处理,A7_04_0001,税费计提,A79048,境外公司营业执照税计提,5013160098境外税费-其他,2228998000应交境外税金-其他,用于处理计提境外公司营业执照税,税费计提单,境外公司营业执照税计提表,,成都中心,陈俊儒,正常,,
754,总账业务,税费计提及处理,A7_04_0001,税费计提,A79049,境外管理费超标税TCFGE计提,5013160098境外税费-其他,2228998000应交境外税金-其他,用于处理计提境外管理费超标税TCFG,税费计提单,境外管理费超标税TCFGE计提表,,成都中心,陈俊儒,正常,,
755,总账业务,税费计提及处理,A7_04_0001,税费计提,A79050,境外外合同登记税计提,5013160098境外税费-其他,2228998000应交境外税金-其他,用于处理计提境外合同登记税,税费计提单,境外外合同登记税计提表,,成都中心,陈俊儒,正常,,
756,总账业务,税费计提及处理,A7_04_0001,税费计提,A79051,境外进口海关环节工商税金BIC计提,5013080000境外税费-关税,2228005000应交境外税金-关税,用于处理计提境外进口海关环节工商税金BIC,税费计提单,境外进口海关环节工商税金BIC计提表,,成都中心,陈俊儒,正常,,
757,总账业务,税费计提及处理,A7_04_0001,税费计提,A79052,境外企业红利税计提,6801003000所得税费用-红利税,2228008998应交境外税金-应交企业所得税-其他,用于处理计提境外企业红利税,税费计提单,境外企业红利税计提表,,成都中心,陈俊儒,正常,,
758,总账业务,税费计提及处理,A7_04_0001,税费计提,A79053,境外统计税RSI计提,5013080000境外税费-关税,2228005000应交境外税金-关税,用于处理计提境外统计税RS,税费计提单,境外统计税RSI计提表,,成都中心,陈俊儒,正常,,
759,总账业务,税费计提及处理,A7_04_0001,税费计提,A73036,货物用于宣传促销销项税确认,公司宣传费-促销费5024010000/公司宣传费-展览费5024020000/公司宣传费-其他宣传费5024030098,应交税费-应交税金-应交增值税-销项税额2221001002/应交税费-应交税金-增值税简易计税-应交税额2221001035,"是指纳税人在发生视同销售的业务时，按照规定将自产、委托加工或者购进的货物用于市场推广，进行非广告性质的宣传所发生的各项费用计提销项税的业务
",税费计提单,货物用于宣传促销销项税确认表,,大庆中心,白冰,正常,,
760,总账业务,税费计提及处理,A7_04_0001,税费计提,A76008,草原植被恢复费计提,税费-其他税费,应交税费-行政性收费-其他,是指根据国家相关法律法规，对因工程建设、矿藏开采等原因征用或使用草原，以及临时占用草原且未履行恢复义务的单位和个人，按照规定的标准和方法，计算并提取应缴纳的草原植被恢复费的业务,税费计提单,草原植被恢复费计提表,,大庆中心,杨柳青,正常,,
761,总账业务,税费计提及处理,A7_04_0001,税费计提,A79026,矿产资源补偿费计提,5012060000税费-矿产资源补偿费,"2221002016应交税费-行政性收费-矿产资源补偿费-原油
2221002017应交税费-行政性收费-矿产资源补偿费-天然气
2221002997应交税费-行政性收费-矿产资源补偿费-其他",是指采矿权人（矿山企业或个人）根据国家相关法律法规，按照其开采矿产资源的产量、销售价格（或核定价格）及规定的费率，计算并提取应向国家缴纳的矿产资源补偿费的业务,税费计提单,矿产资源补偿费计提表,,大庆中心,王秘,正常,,
762,总账业务,税费计提及处理,A7_04_0001,税费计提,A79027,探矿权价款计提,5012120000税费-探矿权价款,2221002998应交税费-行政性收费-其他,是指探矿权人根据国家相关法律法规，按照规定的方法和标准，计算并提取应向国家缴纳的探矿权价款的业务,税费计提单,探矿权价款计提表,,大庆中心,王秘,正常,,
763,总账业务,税费计提及处理,A7_04_0001,税费计提,A79028,探矿权使用费计提,5012130000税费-探矿权使用费,2221002009应交税费-行政性收费-探矿权使用费,是指探矿权人根据国家相关规定，按照勘查年度和区块面积计算并提取应缴纳的探矿权使用费的业务,税费计提单,探矿权使用费计提表,,大庆中心,杨柳青,正常,,
764,总账业务,税费计提及处理,A7_04_0001,税费计提,A79029,自发电上交基金计提表,税金及附加-其他业务税金及附加-其他,应交税费-行政性收费-其他,用于处理满足《可再生能源发展基金征收使用管理暂行办法》、《国家重大水利工程建设基金征收使用管理暂行办法》等政策法规要求的自发电缴纳的行政性收费项目,税费计提单,自发电上交基金计提表,,西安中心,白婧,正常,,
765,总账业务,税费计提及处理,A7_04_0001,税费计提,A79024,境外个人所得税计提,5013100000境外税费-个人所得税,"2228010001应交境外税金-应交个人所得税-中方
2228010002应交境外税金-应交个人所得税-外方",适用于境外企业单独计提并申报其在境外当地应缴纳的个人所得税,税费计提单,境外个人所得税计提表,,西安中心,苗彤玲,正常,,
766,总账业务,税费计提及处理,A7_04_0003,待抵扣待认证进项税转出（转回）,A73005,进项税转入至待认证,2221001031应交税费-应交税金-待认证进项税额,2221001003应交税费-应交税金-应交增值税-进项税额-进项税额,是指根据税务相关规定，将已经获得增值税发票但是还未勾选认证的业务从进项税科目转入待认证的业务,待抵扣待认证进项税转出（转回）单,进项税转入至待认证表,,西安中心,苗露润,正常,,
767,总账业务,税费计提及处理,A7_04_0003,待抵扣待认证进项税转出（转回）,A73006,待认证转出至进项税,2221001003应交税费-应交税金-应交增值税-进项税额-进项税额,2221001031应交税费-应交税金-待认证进项税额,是指根据税务相关规定，将已经转入待认证的业务转入进项税明细科目的业务,待抵扣待认证进项税转出（转回）单,待认证转出至进项税表,,西安中心,苗露润,正常,,
768,总账业务,税费计提及处理,A7_04_0003,待抵扣待认证进项税转出（转回）,A73007,进项税转入至待抵扣,2221001030应交税费-应交税金-待抵扣进项税额,2221001003应交税费-应交税金-应交增值税-进项税额-进项税额,是指根据税务相关规定，将已经记入进项税的业务转入待抵扣进项税明细科目的业务,待抵扣待认证进项税转出（转回）单,进项税转入至待抵扣表,,西安中心,苗露润,正常,,
769,总账业务,税费计提及处理,A7_04_0003,待抵扣待认证进项税转出（转回）,A73008,待抵扣转出至进项税,2221001003应交税费-应交税金-应交增值税-进项税额-进项税额,2221001030应交税费-应交税金-待抵扣进项税额,是指根据税务相关规定，将已经转入待抵扣进项税的业务转入进项税科目的业务,待抵扣待认证进项税转出（转回）单,待抵扣转出至进项税表,,西安中心,苗露润,正常,,
770,总账业务,税费计提及处理,A7_04_0007,合同负债转待转销项税,A73019,合同负债转待转销项税,"2204001000合同负债-合同负债
2204002000合同负债-客存油
2204003000合同负债-加油卡
2204004000合同负债-加油卡积分
2204006000合同负债-充值卡",2221001032应交税费-应交税金-待转销项税额,是指企业已收或应收客户对价而应向客户转让商品的义务，在账务处理时应按照合同约定税率转出相应待转销项税额的业务,合同负债转待转销项税单,合同负债转待转销项税表,,西安中心,苗露润,正常,,
771,总账业务,税费计提及处理,A7_04_0002,进项税转出,A73002,通用进项税转出,除明细场景之外的科目,"2221001007应交税费-应交税金-应交增值税-进项税额转出-免税项目
2221001008应交税费-应交税金-应交增值税-进项税额转出-汇算退税
2221001009应交税费-应交税金-应交增值税-进项税额转出-集体福利、个人消费
2221001010应交税费-应交税金-应交增值税-进项税额转出-简易征收
2221001011应交税费-应交税金-应交增值税-进项税额转出-免抵退税
2221001012应交税费-应交税金-应交增值税-进项税额转出-纳税检查
2221001013应交税费-应交税金-应交增值税-进项税额转出-红字专用发票信息表注明的进项税额
2221001014应交税费-应交税金-应交增值税-进项税额转出-异常凭证
2221001015应交税费-应交税金-应交增值税-进项税额转出-上期留抵税额抵减欠税
2221001016应交税费-应交税金-应交增值税-进项税额转出-非正常损失
2221001995应交税费-应交税金-应交增值税-进项税额转出-其他",用于处理从成本费用中符合进项税转出情况的业务处理，如员工费用、折旧及摊销费、税费、技术服务费、咨询审计费、信息系统维护费、警卫消防费、内部产品劳务、炼化修理费、水费、电费、包装费、装卸费、仓储费、工程分包成本、安装设备费用、资本化利息等费用。,进项税转出单,通用进项税转出表,,西安中心,高崇洋,正常,,
772,总账业务,税费计提及处理,A7_04_0002,进项税转出,A73021,检测费进项税转出,5047030000检测费,"2221001007应交税费-应交税金-应交增值税-进项税额转出-免税项目
2221001008应交税费-应交税金-应交增值税-进项税额转出-汇算退税
2221001009应交税费-应交税金-应交增值税-进项税额转出-集体福利、个人消费
2221001010应交税费-应交税金-应交增值税-进项税额转出-简易征收
2221001011应交税费-应交税金-应交增值税-进项税额转出-免抵退税
2221001012应交税费-应交税金-应交增值税-进项税额转出-纳税检查
2221001013应交税费-应交税金-应交增值税-进项税额转出-红字专用发票信息表注明的进项税额
2221001014应交税费-应交税金-应交增值税-进项税额转出-异常凭证
2221001015应交税费-应交税金-应交增值税-进项税额转出-上期留抵税额抵减欠税
2221001016应交税费-应交税金-应交增值税-进项税额转出-非正常损失
2221001995应交税费-应交税金-应交增值税-进项税额转出-其他",用于处理成本费用中检测费进项税转出的情况。,进项税转出单,检测费进项税转出表,,西安中心,高崇洋,正常,,
773,总账业务,税费计提及处理,A7_04_0002,进项税转出,A73022,财产保险费及防灾防损费进项税转出,"5041000000财产保险费
5047520000保险业务差异调整
5047550000防灾防损费","2221001007应交税费-应交税金-应交增值税-进项税额转出-免税项目
2221001008应交税费-应交税金-应交增值税-进项税额转出-汇算退税
2221001009应交税费-应交税金-应交增值税-进项税额转出-集体福利、个人消费
2221001010应交税费-应交税金-应交增值税-进项税额转出-简易征收
2221001011应交税费-应交税金-应交增值税-进项税额转出-免抵退税
2221001012应交税费-应交税金-应交增值税-进项税额转出-纳税检查
2221001013应交税费-应交税金-应交增值税-进项税额转出-红字专用发票信息表注明的进项税额
2221001014应交税费-应交税金-应交增值税-进项税额转出-异常凭证
2221001015应交税费-应交税金-应交增值税-进项税额转出-上期留抵税额抵减欠税
2221001016应交税费-应交税金-应交增值税-进项税额转出-非正常损失
2221001995应交税费-应交税金-应交增值税-进项税额转出-其他",用于处理从成本费用中预先提取但尚未支付的财产保险费、保险业务差异调整及防灾防损费。,进项税转出单,财产保险费及防灾防损费进项税转出表,,西安中心,高崇洋,正常,,
774,总账业务,税费计提及处理,A7_04_0002,进项税转出,A73023,材料、燃料、动力费进项税转出,"5001010000原料-原油
5001020000原料-原料油
5001030000原料-原料气
5001040000原料-添加剂
5001050000原料-化工直接原料
、、、、、、等51个材料、燃料。动力费类成本科目","2221001007应交税费-应交税金-应交增值税-进项税额转出-免税项目
2221001008应交税费-应交税金-应交增值税-进项税额转出-汇算退税
2221001009应交税费-应交税金-应交增值税-进项税额转出-集体福利、个人消费
2221001010应交税费-应交税金-应交增值税-进项税额转出-简易征收
2221001011应交税费-应交税金-应交增值税-进项税额转出-免抵退税
2221001012应交税费-应交税金-应交增值税-进项税额转出-纳税检查
2221001013应交税费-应交税金-应交增值税-进项税额转出-红字专用发票信息表注明的进项税额
2221001014应交税费-应交税金-应交增值税-进项税额转出-异常凭证
2221001015应交税费-应交税金-应交增值税-进项税额转出-上期留抵税额抵减欠税
2221001016应交税费-应交税金-应交增值税-进项税额转出-非正常损失
2221001995应交税费-应交税金-应交增值税-进项税额转出-其他",用于处理从成本费用的材料、燃料、动力费等进项税转出工作。,进项税转出单,材料、燃料、动力费进项税转出表,,西安中心,高崇洋,正常,,
775,总账业务,税费计提及处理,A7_04_0002,进项税转出,A73024,维护及修理费进项税转出,"5019010000维护及修理费-检修材料费
5019020000维护及修理费-外委修理费","2221001007应交税费-应交税金-应交增值税-进项税额转出-免税项目
2221001008应交税费-应交税金-应交增值税-进项税额转出-汇算退税
2221001009应交税费-应交税金-应交增值税-进项税额转出-集体福利、个人消费
2221001010应交税费-应交税金-应交增值税-进项税额转出-简易征收
2221001011应交税费-应交税金-应交增值税-进项税额转出-免抵退税
2221001012应交税费-应交税金-应交增值税-进项税额转出-纳税检查
2221001013应交税费-应交税金-应交增值税-进项税额转出-红字专用发票信息表注明的进项税额
2221001014应交税费-应交税金-应交增值税-进项税额转出-异常凭证
2221001015应交税费-应交税金-应交增值税-进项税额转出-上期留抵税额抵减欠税
2221001016应交税费-应交税金-应交增值税-进项税额转出-非正常损失
2221001995应交税费-应交税金-应交增值税-进项税额转出-其他",用于处理从成本费用中维护及修理费进项税转出的场景。,进项税转出单,维护及修理费进项税转出表,,西安中心,高崇洋,正常,,
776,总账业务,税费计提及处理,A7_04_0002,进项税转出,A73025,运输费进项税转出,5017000000运输费,"2221001007应交税费-应交税金-应交增值税-进项税额转出-免税项目
2221001008应交税费-应交税金-应交增值税-进项税额转出-汇算退税
2221001009应交税费-应交税金-应交增值税-进项税额转出-集体福利、个人消费
2221001010应交税费-应交税金-应交增值税-进项税额转出-简易征收
2221001011应交税费-应交税金-应交增值税-进项税额转出-免抵退税
2221001012应交税费-应交税金-应交增值税-进项税额转出-纳税检查
2221001013应交税费-应交税金-应交增值税-进项税额转出-红字专用发票信息表注明的进项税额
2221001014应交税费-应交税金-应交增值税-进项税额转出-异常凭证
2221001015应交税费-应交税金-应交增值税-进项税额转出-上期留抵税额抵减欠税
2221001016应交税费-应交税金-应交增值税-进项税额转出-非正常损失
2221001995应交税费-应交税金-应交增值税-进项税额转出-其他",用于处理从成本费用中预先提取但尚未支付的运输费。,进项税转出单,运输费进项税转出表,,西安中心,高崇洋,正常,,
777,总账业务,税费计提及处理,A7_04_0002,进项税转出,A73026,资本化利息进项税转出,5047160000资本化利息,"2221001007应交税费-应交税金-应交增值税-进项税额转出-免税项目
2221001008应交税费-应交税金-应交增值税-进项税额转出-汇算退税
2221001009应交税费-应交税金-应交增值税-进项税额转出-集体福利、个人消费
2221001010应交税费-应交税金-应交增值税-进项税额转出-简易征收
2221001011应交税费-应交税金-应交增值税-进项税额转出-免抵退税
2221001012应交税费-应交税金-应交增值税-进项税额转出-纳税检查
2221001013应交税费-应交税金-应交增值税-进项税额转出-红字专用发票信息表注明的进项税额
2221001014应交税费-应交税金-应交增值税-进项税额转出-异常凭证
2221001015应交税费-应交税金-应交增值税-进项税额转出-上期留抵税额抵减欠税
2221001016应交税费-应交税金-应交增值税-进项税额转出-非正常损失
2221001995应交税费-应交税金-应交增值税-进项税额转出-其他",用于处理从成本费用中资本化利息适合进项税转出的场景。,进项税转出单,资本化利息进项税转出表,,西安中心,高崇洋,正常,,
778,总账业务,税费计提及处理,A7_04_0002,进项税转出,A73027,租赁费进项税转出,5044010000租赁费,"2221001007应交税费-应交税金-应交增值税-进项税额转出-免税项目
2221001008应交税费-应交税金-应交增值税-进项税额转出-汇算退税
2221001009应交税费-应交税金-应交增值税-进项税额转出-集体福利、个人消费
2221001010应交税费-应交税金-应交增值税-进项税额转出-简易征收
2221001011应交税费-应交税金-应交增值税-进项税额转出-免抵退税
2221001012应交税费-应交税金-应交增值税-进项税额转出-纳税检查
2221001013应交税费-应交税金-应交增值税-进项税额转出-红字专用发票信息表注明的进项税额
2221001014应交税费-应交税金-应交增值税-进项税额转出-异常凭证
2221001015应交税费-应交税金-应交增值税-进项税额转出-上期留抵税额抵减欠税
2221001016应交税费-应交税金-应交增值税-进项税额转出-非正常损失
2221001995应交税费-应交税金-应交增值税-进项税额转出-其他",用于处理从成本费用中租赁费符合进项税转出场景的业务。,进项税转出单,租赁费进项税转出表,,西安中心,高崇洋,正常,,
779,总账业务,税费计提及处理,A7_04_0002,进项税转出,A73004,异地加油卡清分进项税转出,2221001003应交税费-应交税金-应交增值税-进项税额-进项税额,2221001017应交税费-应交税金-应交增值税-进项税额转出-加油卡异地消费清算,甲用户在A省办卡，到B省加油；导致库存和现金流在A、B省之间存在差异，根据总部和税务部门沟通，每月由总部根据内部交易结果向A省公司提供异地清分总额，由A省向B省开具增值税发票，B省取得增值税发票后不再进行抵扣。,进项税转出单,异地加油卡清分进项税转出表,,西安中心,苗露润,正常,,
780,总账业务,税费计提及处理,A7_04_0002,进项税转出,A73003,留抵退税进项税转出,2221001033应交税费-应交税金-增值税留抵税额-退税,2221001018应交税费-应交税金-应交增值税-进项税额转出-留抵退税,所谓的留抵税额，简单可理解为当进项税额大于销项税额时，即出现了留抵税额。一般而言，形成留抵税额的原因有很多，比如集中投资、货物生产周期较长等。 由于已形成的较大金额进项税长时间无法抵扣，经税局审批，可以通过留抵退税行为收回部分已缴纳进项税额,进项税转出单,留抵退税进项税转出表,,西安中心,苗露润,正常,,
781,总账业务,税费计提及处理,A7_04_0002,进项税转出,A73028,工会及职教费进项税转出,"2211007000 应付职工薪酬-工会经费
2211008000 应付职工薪酬-职工教育经费","2221001011 应交税费-应交税金-应交增值税-进项税额转出-免抵退税
2221001012 应交税费-应交税金-应交增值税-进项税额转出-纳税检查
2221001013 应交税费-应交税金-应交增值税-进项税额转出-红字专用发票信息表注明的进项税额
2221001014 应交税费-应交税金-应交增值税-进项税额转出-异常凭证
2221001015 应交税费-应交税金-应交增值税-进项税额转出-上期留抵税额抵减欠税
2221001016 应交税费-应交税金-应交增值税-进项税额转出-非正常损失
2221001017 应交税费-应交税金-应交增值税-进项税额转出-加油卡异地消费清算
2221001018 应交税费-应交税金-应交增值税-进项税额转出-留抵退税
2221001995 应交税费-应交税金-应交增值税-进项税额转出-其他",是指企业将税法规定的不允许抵扣的，应核算进工会经费及职教费，而误进行了抵扣核算，这时业务人员需要做进项税额转出。,进项税转出单,工会及职教费进项税转出表,,西安中心,高崇洋,正常,,
782,总账业务,税费计提及处理,A7_04_0002,进项税转出,A73029,职工福利费进项税转出,"5010120000 员工费-福利费
2211002018 应付职工薪酬-应付福利费-福利费支出 （明细科目由转出项目推导）","2221001009 应交税费-应交税金-应交增值税-进项税额转出-集体福利、个人消费
2211002001 应付职工薪酬-应付福利费-提取数",是指企业将税法规定的不允许抵扣的，应核算进福利费，而误进行了抵扣核算 ，这时业务人员需要做进项税额转出。,进项税转出单,职工福利费进项税转出表,,西安中心,高崇洋,正常,,
783,总账业务,税费计提及处理,A7_04_0002,进项税转出,A73034,物资途中损耗进项税转出,1901001000待处理财产损溢-待处理流动资产损溢,2221001995应交税费-应交税金-应交增值税-进项税额转出-其他,用于处理物资在运输调拨途中发生损耗的进项税转出情况的业务处理。,进项税转出单,物资途中损耗进项税转出表,,大庆中心,马丽,正常,,
784,总账业务,税费计提及处理,A7_04_0005,增值税出口退税,A73011,增值税出口退税,"2221001023应交税费-应交税金-应交增值税-出口抵减内销商品应纳税
1117001000应收出口退税款-增值税",2221001006应交税费-应交税金-应交增值税-出口退税,是指企业在国际贸易业务中，对报关出口的货物退还或免征其在国内各生产和流通环节按税法规定缴纳的增值税的业务,增值税出口退税单,增值税出口退税表,,西安中心,苗露润,正常,,
785,总账业务,税费计提及处理,A7_04_0004,增值税月末结转,A73009,结转未交、多交增值税,"2221001019应交税费-应交税金-应交增值税-转出未交增值税
2221001028应交税费-应交税金-未交增值税-本期已交数","2221001027应交税费-应交税金-未交增值税-本期转入数
2221001020应交税费-应交税金-应交增值税-转出多交增值税",是指企业月末将应交增值税中未交或者多交结转至未交增值税中的业务,增值税月末结转单,结转未交、多交增值税表,,西安中心,苗露润,正常,,
786,总账业务,税费计提及处理,A7_04_0004,增值税月末结转,A73010,结转预交及抵、减增值税,"2221001022应交税费-应交税金-应交增值税-减免税款
2221001028应交税费-应交税金-未交增值税-本期已交数","2221001029应交税费-应交税金-预交增值税
6302998000其他收益-其他
6302009001其他收益-进项税加计抵减应纳税额-生活性服务业
6302009002其他收益-进项税加计抵减应纳税额-生产性服务业",是指企业月末将应交增值税中预交增值税及抵、减增值税结转至未交增值税中的业务,增值税月末结转单,结转预交及抵、减增值税表,,西安中心,苗露润,正常,,
787,总账业务,税费计提及处理,A7_04_0004,增值税月末结转,A73020,分摊结转未交、多交增值税,"2221001019应交税费-应交税金-应交增值税-转出未交增值税
2221001028应交税费-应交税金-未交增值税-本期已交数","2221001027应交税费-应交税金-未交增值税-本期转入数
2221001020应交税费-应交税金-应交增值税-转出多交增值税",适用于企业月末将应交增值税销项税与应交增值税进项税的差额部分（增值税未缴部分或多缴分部）转至未交增值税中并按照利润中心进行分摊,增值税月末结转单,分摊结转未交、多交增值税表,,西安中心,李丹琪,正常,,
788,总账业务,税费计提及处理,A7_04_0004,增值税月末结转,A73033,结转未交、多交增值税表（境外）,"未交：
应交境外税金-应交增值税-转出未交增值税
应交：
应交境外税金-未交增值税-本期已交数","未交：
应交境外税金-未交增值税-本期转入数
应交：
应交境外税金-应交增值税-转出多交增值税",适用于企业月末将应交增值税销项税与应交增值税进项税的差额部分（增值税未缴部分或多缴分部）转至未交增值税中；适用于企业月末将应交增值税销项税与应交增值税进项税的差额部分（增值税未缴部分或多缴分部）转至未交增值税中并按照利润中心进行分摊；适用于企业月末将预交增值税转至未交增值税中；涵盖增值税抵减项目及增值税加计抵减项目的结转业务,税费计提单,结转未交、多交增值税表（境外）表,,成都中心,陈俊儒,正常,,
789,总账业务,税费计提及处理,A7_04_0009,所得税收拨款,A73031,所得税拨款,无需生成凭证,无需生成凭证,股份公司向所属单位拨付预缴企业所得税,所得税收拨款单,所得税拨款表,,大庆中心,吴月明,正常,,
790,总账业务,税费计提及处理,A7_04_0009,所得税收拨款,A73032,所得税退税,无需生成凭证,无需生成凭证,股份公司向所属单位收缴退回预缴企业所得税,所得税收拨款单,所得税退税表,,大庆中心,吴月明,正常,,
791,总账业务,税费计提及处理,A7_04_0008,税费及行政性收费结算（不支付）,A73030,税费及行政性收费缴纳（不支付）,"应交税费-应交税金-代扣代交增值税
应交税费-应交税金-预交增值税
应交税费-应交税金-消费税-汽油
应交税费-应交税金-消费税-柴油
应交税费-应交税金-消费税-石脑油
应交税费-应交税金-消费税-燃料油
应交税费-应交税金-消费税-航煤
应交税费-应交税金-消费税-溶剂油
应交税费-应交税金-消费税-润滑油
应交税费-应交税金-消费税-其他
应交税费-应交税金-资源税-原油
应交税费-应交税金-资源税-天然气
应交税费-应交税金-资源税-凝析油
应交税费-应交税金-资源税-煤层气
应交税费-应交税金-资源税-黏土
应交税费-应交税金-资源税-砂石
应交税费-应交税金-资源税-页岩气
应交税费-应交税金-资源税-致密气
应交税费-应交税金-资源税-硫化氢气
应交税费-应交税金-资源税-天然气水合物
应交税费-应交税金-资源税-油页岩
应交税费-应交税金-资源税-油砂
应交税费-应交税金-资源税-天然沥青
应交税费-应交税金-资源税-石煤
应交税费-应交税金-资源税-地热
应交税费-应交税金-资源税-其他
应交税费-应交税金-水资源税-地表水
应交税费-应交税金-水资源税-地下水
应交税费-应交税金-应交所得税-预交
应交税费-应交税金-应交所得税-汇算清缴
应交税费-应交税金-土地增值税
应交税费-应交税金-城市维护建设税-增值税
应交税费-应交税金-城市维护建设税-消费税
应交税费-应交税金-房产税-自用房产
应交税费-应交税金-房产税-出租房产
应交税费-应交税金-城镇土地使用税-大城市
应交税费-应交税金-城镇土地使用税-中等城市
应交税费-应交税金-城镇土地使用税-小城市
应交税费-应交税金-城镇土地使用税-县城、建制镇、工矿区
应交税费-应交税金-车船使用税
应交税费-应交税金-个人所得税
应交税费-应交税金-关税
应交税费-应交税金-印花税
应交税费-应交税金-耕地占用税
应交税费-应交税金-契税-房屋
应交税费-应交税金-契税-土地使用权
应交税费-应交税金-车辆购置税
应交税费-应交税金-环境保护税
应交税费-应交税金-其他
应交税费-行政性收费-应交教育费附加-教育费附加-增值税
应交税费-行政性收费-应交教育费附加-教育费附加-消费税
应交税费-行政性收费-应交教育费附加-地方教育费-增值税
应交税费-行政性收费-应交教育费附加-地方教育费-消费税
应交税费-行政性收费-矿区使用费
应交税费-行政性收费-河道维护费
应交税费-行政性收费-水利建设基金
应交税费-行政性收费-文化事业建设费
应交税费-行政性收费-探矿权使用费
应交税费-行政性收费-矿业权出让收益
应交税费-行政性收费-采矿权使用费
应交税费-行政性收费-矿业权占用费
应交税费-行政性收费-水资源费
应交税费-行政性收费-残疾人就业保证金
应交税费-行政性收费-人防费
应交税费-行政性收费-矿产资源补偿费-原油
应交税费-行政性收费-矿产资源补偿费-天然气
应交税费-行政性收费-矿产资源补偿费-其他
应交税费-行政性收费-石油特别收益金-自营
应交税费-行政性收费-石油特别收益金-未上市合作
应交税费-行政性收费-石油特别收益金-地方合作
应交税费-行政性收费-石油特别收益金-外方合作
应交税费-行政性收费-水土保持补偿费
应交税费-行政性收费-排污费
应交税费-行政性收费-价格调节基金
应交税费-行政性收费-其他
其他应收款-代垫款项-应向职工收取垫付款项-个人所得税
其他应收款-业务周转金
其他应收款-其他
其他应付款-内部短期款项
其他应付款-其他","2202001000应付账款-应付账款
2221001080应交税费-应交税金-个人所得税
2241下所有明细科目
1013001000内部存款-内部结算存款
2228011001应交境外税金-代扣代缴税-代扣代缴增值税
2228011002应交境外税金-代扣代缴税-代扣企业所得税
2228011998应交境外税金-代扣代缴税-其他
2228023000应交境外税金-预扣税",包括核销、暂不支付的的增值税、消费税、资源税、个税、教育费附加、水资源费、水土保持补偿费等税费及行政性收费业务,税费及行政性收费结算单（不支付）,税费及行政性收费缴纳（不支付）表,,大庆中心,夏天,正常,,
792,总账业务,其他税务业务,A7_05_0001,递延所得税资产（负债）确认,A75002,递延所得税资产确认（转回）,"1811020001 递延所得税资产-生产性生物资产-折旧折耗
1811020002 递延所得税资产-生产性生物资产-减值准备
1811020003 递延所得税资产-生产性生物资产-评估减值
1811021001 递延所得税资产-在建工程-减值准备
1811022001 递延所得税资产-工程物资-减值准备
1811023001 递延所得税资产-无形资产-减值准备
1811023002 递延所得税资产-无形资产-累计摊销
1811024001 递延所得税资产-使用权资产-减值准备
1811024002 递延所得税资产-使用权资产-累计摊销
1811024998 递延所得税资产-使用权资产-其他
1811025001 递延所得税资产-商誉-减值准备
1811026001 递延所得税资产-开发支出-减值准备
1811027001 递延所得税资产-预计负债-弃置费用计提的财务费用
1811028001 递延所得税资产-贷款-损失准备
1811029001 递延所得税资产-买入返售金融资产-损失准备
1811030001 递延所得税资产-抵债资产-减值准备
1811031001 递延所得税资产-存放同业-坏账准备
1811032001 递延所得税资产-拆出资金-损失准备
1811033001 递延所得税资产-其他资产-广告费支出
1811033002 递延所得税资产-其他资产-开办费支出
1811033003 递延所得税资产-其他资产-超过原值20%的固定资产大修理支出
1811033998 递延所得税资产-其他资产-其他
1811034001 递延所得税资产-衍生金融负债-公允价值变动
1811035001 递延所得税资产-应付职工薪酬-工资
1811035002 递延所得税资产-应付职工薪酬-教育经费
1811036000 递延所得税资产-租赁负债
1811037001 递延所得税资产-预计负债-未决诉讼
1811037002 递延所得税资产-预计负债-担保损失
1811037003 递延所得税资产-预计负债-贷款承诺
1811038000 递延所得税资产-递延收益
1811039000 递延所得税资产-其他负债
1811040000 递延所得税资产-可结转以后年度的亏损
1811007001 递延所得税资产-预付账款-坏账准备
1811008001 递延所得税资产-合同取得成本-减值准备
1811009001 递延所得税资产-合同履约成本-减值准备
1811001001 递延所得税资产-交易性金融资产-公允价值变动
1811002001 递延所得税资产-衍生金融资产-公允价值变动
1811003001 递延所得税资产-应收股利-坏账准备
1811004001 递延所得税资产-应收利息-坏账准备
1811005001 递延所得税资产-应收账款-坏账准备
1811006001 递延所得税资产-其他应收款-坏账准备
1811010001 递延所得税资产-存货-跌价准备
1811011001 递延所得税资产-合同资产-减值准备
1811012001 递延所得税资产-持有待售资产-减值准备
1811013001 递延所得税资产-债权投资-减值准备
1811014001 递延所得税资产-其他债权投资-减值准备
1811014002 递延所得税资产-其他债权投资-公允价值变动
1811015001 递延所得税资产-长期股权投资-减值准备
1811015002 递延所得税资产-长期股权投资-评估减值
1811016001 递延所得税资产-其他权益工具投资-公允价值变动
1811017001 递延所得税资产-油气资产-折旧折耗
1811017002 递延所得税资产-油气资产-弃置费用
1811017003 递延所得税资产-油气资产-减值准备
1811017004 递延所得税资产-油气资产-评估减值
1811018001 递延所得税资产-投资性房地产-减值准备
1811018002 递延所得税资产-投资性房地产-公允价值变动
1811019001 递延所得税资产-固定资产-折旧折耗
1811019002 递延所得税资产-固定资产-减值准备
1811019003 递延所得税资产-固定资产-评估减值",6801002000所得税费用-递延所得税费用,是指根据资产、负债的账面价值与其计税基础不同产生可抵扣暂时性差异的，或应纳税暂时性差异，确认递延所得税资产，同时确认递延所得税费用的业务,递延所得税资产（负债）确认单,递延所得税资产确认（转回）表,,西安中心,苗露润,正常,,
793,总账业务,其他税务业务,A7_05_0001,递延所得税资产（负债）确认,A75003,递延所得税负债确认（转回）,6801002000所得税费用-递延所得税费用,"2901001001 递延所得税负债-交易性金融资产-公允价值变动
2901002001 递延所得税负债-衍生金融资产-公允价值变动
2901003001 递延所得税负债-其他债权投资-公允价值变动
2901004001 递延所得税负债-长期股权投资-评估增值
2901005001 递延所得税负债-其他权益工具投资-公允价值变动
2901006001 递延所得税负债-油气资产-折旧折耗
2901006002 递延所得税负债-油气资产-弃置费用
2901006003 递延所得税负债-油气资产-评估增值
2901007001 递延所得税负债-投资性房地产-公允价值变动
2901007002 递延所得税负债-投资性房地产-评估增值
2901008001 递延所得税负债-固定资产-折旧折耗
2901008002 递延所得税负债-固定资产-评估增值
2901009001 递延所得税负债-生产性生物资产-折旧折耗
2901009002 递延所得税负债-生产性生物资产-评估增值
2901010001 递延所得税负债-无形资产-累计摊销
2901010002 递延所得税负债-无形资产-评估增值
2901011001 递延所得税负债-使用权资产-累计摊销
2901011002 递延所得税负债-使用权资产-其他
2901012000 递延所得税负债-其他资产
2901013001 递延所得税负债-衍生金融负债-公允价值变动
2901014000 递延所得税负债-其他负债
",是指根据资产、负债的账面价值与其计税基础不同产生可抵扣暂时性差异的，或应纳税暂时性差异，确认递延所得税负债，同时确认递延所得税费用的业务,递延所得税资产（负债）确认单,递延所得税负债确认（转回）表,,西安中心,苗露润,正常,,
794,总账业务,薪酬计提,A7_06_0001,薪酬计提,A7A001,薪酬计提（海外）,"5010010100 员工费用-工资-工资薪酬
5010010201 员工费用-工资-各项补贴-按月发放的住房补贴
5010010202 员工费用-工资-各项补贴-车改补贴
5010010205 员工费用-工资-各项补贴-通讯补贴
5010010204 员工费用-工资-各项补贴-节日补贴
5010010206 员工费用-工资-各项补贴-误餐补贴
5010010298 员工费用-工资-各项补贴-其他补贴","2211001001 应付职工薪酬-应付工资-提取的工资
2211001003 应付职工薪酬-应付工资-各项补贴-按月发放的住房补贴
2211001005 应付职工薪酬-应付工资-各项补贴-车改补贴
2211001004 应付职工薪酬-应付工资-各项补贴-交通补贴
2211001007 应付职工薪酬-应付工资-各项补贴-节日补贴
2211001006 应付职工薪酬-应付工资-各项补贴-通讯补贴
2211001008 应付职工薪酬-应付工资-各项补贴-误餐补贴
2211001009 应付职工薪酬-应付工资-各项补贴-其他补贴",是指企业计提境外业务发生的人员薪酬业务时，包括提取的工资和奖金、各项补贴、福利费等,薪酬计提单,薪酬计提（海外专用）表,,西安中心,"徐蕾
赵峰",正常,,
795,总账业务,薪酬计提,A7_06_0001,薪酬计提,A7A002,社会保险费计提-企业部分（海外）,"5010030200 员工费用-社会保险费-基本养老保险费
5010030300 员工费用-社会保险费-基本医疗保险费
5010030100 员工费用-社会保险费-工伤保险费
5010030500 员工费用-社会保险费-失业保险费
5010030400 员工费用-社会保险费-生育保险费
5010020200 员工费用-商业人身险-年金
5010020100 员工费用-商业人身险-补充医疗保险
5010030698 员工费用-社会保险费-其他","2211004001 应付职工薪酬-商业人身险-补充医疗保险
2211004002 应付职工薪酬-商业人身险-年金(补充养老保险）
2211004998 应付职工薪酬-商业人身险-其他
2211003003 应付职工薪酬-社会保险费-工伤保险费
2211003001 应付职工薪酬-社会保险费-基本养老保险费
2211003002 应付职工薪酬-社会保险费-基本医疗保险费
2211003005 应付职工薪酬-社会保险费-生育保险费
2211003004 应付职工薪酬-社会保险费-失业保险费
2211003998 应付职工薪酬-社会保险费-其他",是指企业计提境外业务发生的基本养老保险、基本医疗保险、工伤保险、失业保险、生育保险以及支付给社会保障部门的社会保险费支出,薪酬计提单,社会保险费计提-企业部分（海外专用）表,,西安中心,"徐蕾
赵峰",正常,,
796,总账业务,薪酬计提,A7_06_0001,薪酬计提,A7A003,住房公积金计提-企业部分（海外）,5010080000 员工费用-住房公积金,2211005000 应付职工薪酬-住房公积金,是指企业计提境外业务发生的人员住房公积金，根据职工提供服务的受益对象，按受益原则分别记入当期损益或相关资产成本中，包括按工资总额规定比例计提并支付的住房公积金,薪酬计提单,住房公积金计提-企业部分（海外专用）表,,西安中心,"徐蕾
赵峰",正常,,
797,总账业务,薪酬计提,A7_06_0001,薪酬计提,A7A004,工会经费计提（海外）,5010130000 员工费用-工会经费,2211007000 应付职工薪酬-工会经费,是企业计提境外业务发生的人员工会经费，根据职工提供服务的受益对象，按受益原则分别记入当期损益或相关资产成本中,薪酬计提单,工会经费计提（海外专用）表,,西安中心,"徐蕾
赵峰",正常,,
798,总账业务,薪酬计提,A7_06_0001,薪酬计提,A7A005,职工教育经费计提（海外）,5010070000 员工费用-职工教育经费,2211008000 应付职工薪酬-职工教育经费,是企业计提境外业务发生的职工教育经费，根据职工提供服务的受益对象，按受益原则分别记入当期损益或相关资产成本中,薪酬计提单,职工教育经费计提（海外专用）表,,西安中心,"徐蕾
赵峰",正常,,
799,总账业务,薪酬计提,A7_06_0001,薪酬计提,A7A010,其他人员劳务费计提（海外）,"5010150301 员工费用-劳务费-其他人员劳务费-工资
5010150302 员工费用-劳务费-其他人员劳务费-社会保险费-基本养老保险费
5010150303 员工费用-劳务费-其他人员劳务费-社会保险费-基本医疗保险费
5010150304 员工费用-劳务费-其他人员劳务费-社会保险费-工伤保险费
5010150305 员工费用-劳务费-其他人员劳务费-社会保险费-失业保险费
5010150306 员工费用-劳务费-其他人员劳务费-社会保险费-生育保险费
5010150307 员工费用-劳务费-其他人员劳务费-社会保险费-其他
5010150308 员工费用-劳务费-其他人员劳务费-其他","2211011009 应付职工薪酬-劳务费-其他人员劳务费-工资
2211011010 应付职工薪酬-劳务费-其他人员劳务费-社会保险费-基本养老保险费
2211011011 应付职工薪酬-劳务费-其他人员劳务费-社会保险费-基本医疗保险费
2211011012 应付职工薪酬-劳务费-其他人员劳务费-社会保险费-失业保险费
2211011013 应付职工薪酬-劳务费-其他人员劳务费-社会保险费-工伤保险费
2211011014 应付职工薪酬-劳务费-其他人员劳务费-社会保险费-生育保险费
2211011015 应付职工薪酬-劳务费-其他人员劳务费-社会保险费-其他保险费
2211011997 应付职工薪酬-劳务费-其他人员劳务费-其他",用于其他外来不在册人员的劳务费计提,薪酬计提单,其他人员劳务费计提（海外专用）表,,西安中心,刘珩,正常,,
800,总账业务,薪酬计提,A7_06_0001,薪酬计提,A7A006,长期应付职工薪酬离职后福利计提,"6603998000 财务费用-其他
5010120000 员工费用-福利费
4501001001 其他综合收益-以后不能重分类进损益-重新设定受益计划净负债或净资产的变动-税前金额
2603001004 长期应付职工薪酬-离职后福利-转出下12个月的福利支出
","2211002002 应付职工薪酬-应付福利费-福利费支出-离退休人员统筹外费用
2603001003 长期应付职工薪酬-离职后福利-重新计量变动
2603001001 长期应付职工薪酬-离职后福利-服务成本/三类人员费用/统筹外养老金（统筹外补贴/医疗福利/其他）
2603001002 长期应付职工薪酬-离职后福利-利息净额",是指企业预期在年度报告期结束后十二个月内不能完全支付的职工薪酬，包括预期在年度报告期结束后十二个月内不能完全支付的离职后福利及其他长期职工福利,薪酬计提单,长期应付职工薪酬离职后福利计提表,,西安中心,"徐蕾
赵峰",正常,,
801,总账业务,薪酬计提,A7_06_0001,薪酬计提,A7A007,长期应付职工薪酬辞退福利计提,"6603998000 财务费用-其他
5010100000 员工费用-辞退福利
2603001004 长期应付职工薪酬-离职后福利-转出下12个月的福利支出
","2211014001 应付职工薪酬-辞退福利-短期辞退福利--三类人员费用(离退休员工）
2603002003 长期应付职工薪酬-辞退福利-重新计量变动
2603002002 长期应付职工薪酬-辞退福利-利息净额",是指企业预期在年度报告期结束后十二个月内不能完全支付的职工薪酬，包括预期在年度报告期结束后十二个月内不能完全支付的辞退福利及其他长期职工福利,薪酬计提单,长期应付职工薪酬辞退福利计提表,,西安中心,"徐蕾
赵峰",正常,,
802,总账业务,薪酬业务,A7_13_0002,社保公积金结算（不支付）,A7J003,社保公积金缴纳(不支付),"应付职工薪酬-社会保险费-基本养老保险费
应付职工薪酬-社会保险费-基本医疗保险费
应付职工薪酬-社会保险费-工伤保险费
应付职工薪酬-社会保险费-失业保险费
应付职工薪酬-社会保险费-生育保险费
应付职工薪酬-商业人身险-补充医疗保险
应付职工薪酬-商业人身险-年金补充养老
应付职工薪酬-住房公积金
其他应付款-应付、暂收职工个人款项-社会保险-基本养老保险费
其他应付款-应付、暂收职工个人款项-社会保险-基本医疗保险费
其他应付款-应付、暂收职工个人款项-社会保险-失业保险费
其他应付款-应付、暂收职工个人款项-商业保险-补充医疗保险
其他应付款-应付、暂收职工个人款项-商业保险-年金（补充养老保险）
其他应付款-应付、暂收职工个人款项-公积金
其他应付款-应付、暂收职工个人款项-商业保险-其他保险费
其他应收款-代垫款项-应向职工收取垫付款项-社会保险
其他应收款-代垫款项-应向职工收取垫付款项-住房公积金
其他应收款-代垫款项-应向职工收取垫付款项-其他","2202001000应付账款-应付账款
2221001080应交税费-应交税金-个人所得税
2241下所有明细科目
1013001000内部存款-内部结算存款",包括核销、暂不支付的的养老保险、医疗保险、失业保险、工伤保险、生育保险、住房公积金等社保公积金业务,社保公积金结算单（不支付）,社保公积金缴纳(不支付)表,,西安中心,陈璇,正常,,
803,总账业务,权益业务,A7_07_0001,实收资本确认,A7B001,增资确认实收资本,1221998000其他应收款-其他,"4001001000 实收资本（股本）-国家资本
4001002001 实收资本（股本）-国有法人资本-国有独资企业
4001002002 实收资本（股本）-国有法人资本-国有控股企业
4001002003 实收资本（股本）-国有法人资本-国有实际控制企业
4001002004 实收资本（股本）-国有法人资本-事业单位
4001002998 实收资本（股本）-国有法人资本-其他
4001003000 实收资本（股本）-集体资本
4001004001 实收资本（股本）-民营资本-民营企业
4002001000资本公积-资本（股本）溢价",是指企业应按照企业章程、合同、协议或有关规定，根据实际收到的货币、实物及无形资产来确认投入资本,实收资本确认单,增资确认实收资本表,,成都中心,彭宇、周才志,正常,,
804,总账业务,权益业务,A7_07_0001,实收资本确认,A7B002,减资确认实收资本,"4001001000 实收资本（股本）-国家资本
4001002001 实收资本（股本）-国有法人资本-国有独资企业
4001002002 实收资本（股本）-国有法人资本-国有控股企业
4001002003 实收资本（股本）-国有法人资本-国有实际控制企业
4001002004 实收资本（股本）-国有法人资本-事业单位
4001002998 实收资本（股本）-国有法人资本-其他
4001003000 实收资本（股本）-集体资本
4001004001 实收资本（股本）-民营资本-民营企业
4002001000资本公积-资本（股本）溢价",1221998000其他应收款-其他,是指企业应按照企业章程、合同、协议或有关规定，根据实际减资实际情况来确认实收资本的减少,实收资本确认单,减资确认实收资本表,,成都中心,彭宇、周才志,正常,,
805,总账业务,权益业务,A7_07_0001,实收资本确认,A7B003,内部转增确认实收资本,"4002001000资本公积-资本（股本）溢价
4002002998资本公积-其他资本公积-其他
4101001000盈余公积-法定盈余公积
4101002000盈余公积-任意盈余公积
4104009000利润分配-转作股本的股利","4001001000 实收资本（股本）-国家资本
4001002001 实收资本（股本）-国有法人资本-国有独资企业
4001002002 实收资本（股本）-国有法人资本-国有控股企业
4001002003 实收资本（股本）-国有法人资本-国有实际控制企业
4001002004 实收资本（股本）-国有法人资本-事业单位
4001002998 实收资本（股本）-国有法人资本-其他
4001003000 实收资本（股本）-集体资本
4001004001 实收资本（股本）-民营资本-民营企业",是指企业应按照企业章程、合同、协议或有关规定，根据股东大会决议将资本公积等转增实收资本业务,实收资本确认单,内部转增确认实收资本表,,成都中心,彭宇、周才志,正常,,
806,总账业务,权益业务,A7_07_0002,提取盈余公积,A7B004,盈余公积提取,"4104002000利润分配-提取法定盈余公积 
4104003000利润分配-提取储备基金
4104004000利润分配-提取企业发展基金
4104005000利润分配-提取职工奖励及福利基金 4104010000利润分配-提取任意盈余公积
4104013000利润分配-提取外汇风险准备","4101001000盈余公积-法定盈余公积 4101003000盈余公积-储备基金 
4101005000盈余公积-企业发展基金 4101004000盈余公积-职工奖励及福利基金 4101002000盈余公积-任意盈余公积 4101007000盈余公积-外汇风险准备",是指企业按规定提取盈余公积的业务,提取盈余公积单,盈余公积提取表,,成都中心,张弛,正常,,
807,总账业务,计提及确认业务,A7_08_0002,利息计提,A7C003,委托贷款利息收入计提,1132998000应收利息-其他,6603005011财务费用-利息收入-其他利息收入,是指企业处理委托发放的贷款应收取的利息,利息计提单,委托贷款利息收入计提表,,西安中心,马艺玮,正常,,
808,总账业务,计提及确认业务,A7_08_0002,利息计提,A7C004,证券账户投资利息收入计提,"1132003000应收利息-交易性金融资产
1132004000应收利息-债权投资","6111006001投资收益-债权投资-期间收益
1501002000债权投资-利息调整",是指企业处理买入返售金融资产等应收取的利息,利息计提单,证券账户投资利息收入计提表,,西安中心,马艺玮,正常,,
809,总账业务,计提及确认业务,A7_08_0002,利息计提,A7C005,银行存款利息收入计提,1132001000应收利息-银行存款,"6603005003财务费用-利息收入-昆仑银行存款利息
6603005012财务费用-利息收入-银行存款利息",是指企业处理各类银行款项应收取的利息,利息计提单,银行存款利息收入计提表,,西安中心,马艺玮,正常,,
810,总账业务,计提及确认业务,A7_08_0002,利息计提,A7C006,代持债券利息计提,"1132003000应收利息-交易性金融资产
1132004000应收利息-债权投资","6111006001投资收益-债权投资-期间收益
1501002000债权投资-利息调整",是指企业处理各类债权投资应收取的利息,利息计提单,代持债券利息计提表,,西安中心,马艺玮,正常,,
811,总账业务,计提及确认业务,A7_08_0002,利息计提,A7C007,资本化利息调整,5047160000资本化利息,2231001000应付利息-长期借款,是指企业发生的借款费用，可直接归属于符合资本化条件的资产的购建或者生产的，应当予以资本化，计入相关资产成本,利息计提单,资本化利息调整表,,西安中心,樊凌志,正常,,
812,总账业务,计提及确认业务,A7_08_0001,应付股利计提,A7C008,应付股利计提,4104007000利润分配-应付优先股股利 4104008000利润分配-应付普通股股利,"
2232001000应付股利-应付股利","是指企业（公司）根据股东大会或类似机构审议批准的分配给股东或投资者的现金股利或利润的方案，按应支付的现金股利或利润，进行利润分配，计提应付股利。企业生产经营所得的收入在缴纳应交税务之后,根据股东的投资比例进行利润分配，计提应付股利",股利计提单,应付股利计提表,,西安中心,杨阳,正常,,
813,总账业务,计提及确认业务,A7_08_0011,预提费用,A7C037,通用费用预提,"5014010100 油气损耗-输油输气损耗-输原油损耗
5014010200 油气损耗-输油输气损耗-输天然气损耗
5014010300 油气损耗-输油输气损耗-输成品油损耗
5014020000 油气损耗-运输合理损耗
5014030000 油气损耗-其他油气损耗
5018010000 贸易费-商检费
5018020000 贸易费-报关费
5018030000 贸易费-口岸费
5018040000 贸易费-单证费
5018050000 贸易费-包干费
5018060000 贸易费-滞期费
5020010000 技术服务费-外协费
5020020000 技术服务费-业务外包技术服务费
5020030098 技术服务费-其他
5021010000 委托研发支出-外协费
5021020000 委托研发支出-其他
5022010000 出国人员经费-差旅费
5022020098 出国人员经费-其他
5023010000 办公费-办公车辆路桥、停车费
5023020000 办公费-发票费用
5023030100 办公费-通讯费-电话费
5023030200 办公费-通讯费-其他通讯费用
5023040000 办公费-文具纸张费用
5023050000 办公费-印刷费
5023060000 办公费-邮电费
5023070000 办公费-办公耗材
5023080000 办公费-法人变动备案费
5023090098 办公费-其他办公费用
5024010000 公司宣传费-促销费
5024020000 公司宣传费-展览费
5024030098 公司宣传费-其他宣传费
5025010000 广告费-报刊杂志广告支出
5025020000 广告费-广播电视广告支出
5025030098 广告费-其他媒体广告支出
5026010100 咨询审计费-法律费-聘请中介机构费
5026010298 咨询审计费-法律费-其他
5026020100 咨询审计费-评估费-聘请中介机构费
5026020298 咨询审计费-评估费-其他
5026030101 咨询审计费-审计费-聘请中介机构费-年度决算审计费用
5026030102 咨询审计费-审计费-聘请中介机构费-专项审计费
5026030198 咨询审计费-审计费-聘请中介机构费-其他
5026030298 咨询审计费-审计费-其他
5026050100 咨询审计费-市场调查费-聘请中介机构费
5026050298 咨询审计费-市场调查费-其他
5026060100 咨询审计费-咨询费-专家咨询费
5026060200 咨询审计费-咨询费-聘请中介机构费
5026070100 咨询审计费-尽职调查费-财务尽调费
5026070200 咨询审计费-尽职调查费-法律尽调费
5026070300 咨询审计费-尽职调查费-商业尽调费
5026070498 咨询审计费-尽职调查费-其他尽调费
5026080098 咨询审计费-其他
5027010000 信息系统维护费-硬件设备维护费
5027020000 信息系统维护费-专用网络租用费
5027030000 信息系统维护费-软件维护及升级费
5027040000 信息系统维护费-安全运维服务
5027050098 信息系统维护费-其他
5028010000 土地(海域)使用费及损失补偿费-海域使用费
5028020000 土地(海域)使用费及损失补偿费-临时征地补偿费
5028030000 土地(海域)使用费及损失补偿费-青苗补偿费
5028040000 土地(海域)使用费及损失补偿费-土地使用费
5028050000 土地(海域)使用费及损失补偿费-污染补偿费
5028060098 土地(海域)使用费及损失补偿费-其他
5029010000 劳动保护费-防暑降温费
5029020000 劳动保护费-劳保用品支出
5029030000 劳动保护费-其他
5030010000 警卫消防费-警消人员成本费用
5030020000 警卫消防费-警卫消防用品支出费用
5030030000 警卫消防费-业务外包警卫消防费
5030040000 警卫消防费-应急演练费用
5030050000 警卫消防费-币钞运送费
5030060098 警卫消防费-其他
5031010000 取暖费-工业用
5031020000 取暖费-生活用
5032010000 物业管理费-工业用
5032020000 物业管理费-生活用
5033010000 风险作业服务费-未移交
5033020000 风险作业服务费-已移交
5034010000 内部产品劳务-材料成本
5034020000 内部产品劳务-人工成本
5034030000 内部产品劳务-折旧折耗成本
5034040000 内部产品劳务-燃料成本
5034050000 内部产品劳务-外包作业成本
5034060000 内部产品劳务-维修成本
5034070000 内部产品劳务-动力成本
5034080000 内部产品劳务-其他成本
5034090000 内部产品劳务-井下作业费
5034100000 内部产品劳务-运输费
5034110000 内部产品劳务-内部劳务成本转出
5035010000 炼化修理费-材料费
5035020000 炼化修理费-委外服务费
5036000000 水费
5037000000 电费
5038000000 会议费
5039000000 业务招待费
5040000000 外宾招待费
5042000000 差旅费
5043000000 外包劳务支出
5044020000 包装费
5044030000 装卸费
5044040000 仓储费
5044050000 保管费
5044060000 物资清关费
5044070000 技术转让费
5044080000 论证费
5044090000 评审费
5044100000 共享服务费
5044110000 商旅服务费
5044130000 上级管理费
5044140000 委托管理费
5044150000 银行服务费
5044160000 托管服务费
5044170000 销售服务费
5044180000 银行托管费
5045010000 银行结算费-网上银行
5045020098 银行结算费-其他
5046010000 专利维护费
5046020000 专利申请费
5046030000 专利及专有技术使用费
5046040000 知识产权事务费
5046050000 软件购置费
5046060000 图书资料费
5046070000 资料翻译费
5046080000 资料处理解释费
5046090000 设计费
5046100000 设计制图费
5046110000 出版费
5046120100 采编费用-稿费
5046120200 采编费用-印刷费
5047010000 测试费
5047020000 化验费
5047040000 试验检验费
5047050000 计量监测费
5047060000 考察联络费
5047070000 职业健康体检费
5047080000 保健费
5047090000 医疗卫生支出
5047100000 标准配备费
5047110000 党组织工作经费
5047120000 团组织工作经费
5047130000 董事会费
5047140000 团体会费
5047150000 消费者权益保护专项经费
5047180000 产品质量保证损失
5047190000 废品损失
5047200000 样品及产品损耗
5047210000 安全生产费用
5047220000 安保防恐费
5047230000 职业危害监测费
5047240000 绿化及环境卫生费
5047250000 环境恢复整治费
5047260000 土壤和地下水监督费
5047270000 固废（危废）处置费
5047280000 火工品安全管理支出
5047290000 地质灾害防治支出
5047300000 排污费
5047310000 排污许可监测费
5047320000 温室气体排放权管理费
5047330000 污染赔偿费
5047340000 污染治理费
5047350000 拆迁安置补偿费
5047360000 加油站道路开口费
5047370000 清欠费用
5047380000 委托代销手续费
5047390000 招聘费
5047400000 境外单位签证及劳务许可费
5047410000 整理挑选费
5047420000 制冷费
5047430000 质量监督费
5047440000 招标投标费
5047450000 诉讼费
5047460000 验收费
5047470000 查新费
5047480000 资讯费
5047490000 资质认证费
5047500000 公证认证费
5047510000 抵押登记费
5047530000 经营证照审验费
5047540000 自用成品油消费税返还
5047560000 标定费
5047570000 勘察费
5047580000 充电服务费
5047590000 天然气管输费
5047600000 业务监管费
5047610000 开办费
5047620000 清罐费
5047630000 一线伙食费用
5047640000 海外人员借聘费用
5047650000 货损货差
5047680000 车辆服务费
5047690000 网络费
5047700000 电话费
5047710000 电视信号费
5048010000 一次性提足折旧的科研设备
5048020000 非一次性提足折旧的科研设备
5048030000 试制设备费
5048040000 公共配套设施费
5048050000 基础设施建设费
5048060000 建筑安装工程费
5048070000 土建施工费
5048080000 施工补偿费
5048090000 土地费用
5048100000 临时设施费
5048110000 业主监理费
5048120000 现场清理费
5048130000 营地建设费
5048140000 施工调遣费
5048150000 安装设备费用
5048160000 非安装设备费用
5048170000 工程分包成本
5048180000 离退休人员费用
5098000000 其他费用",2320001000 预提费用-预提费用,用于处理预提费用-通用业务场景（不包括预提总部支持服务费、租赁费、租赁负债利息、运输费、维护及修理费、财产保险及防灾防损费、材料、燃料、动力费、分公司项目经费）,预提费用单,通用费用预提表,,大庆中心,万鑫,正常,,
814,总账业务,计提及确认业务,A7_08_0011,预提费用,A7C056,材料、燃料、动力费预提,"5001010000 原料-原油
5001020000 原料-原料油
5001030000 原料-原料气
5001040000 原料-添加剂
5001050000 原料-化工直接原料
5002000000 主要材料
5003010000 辅助材料-包装物
5003020100 辅助材料-催化剂-待摊费用摊销
5003020200 辅助材料-催化剂-长期待摊费用摊销
5003020300 辅助材料-催化剂-其他催化剂
5003030000 辅助材料-添加剂
5003040000 辅助材料-助剂
5003050098 辅助材料-其他
5004010000 自产辅助材料-包装物
5004020100 自产辅助材料-催化剂-待摊费用摊销
5004020200 自产辅助材料-催化剂-其他催化剂
5004030000 自产辅助材料-添加剂
5004040000 自产辅助材料-助剂
5004050098 自产辅助材料-其他
5005010000 自制半成品
5005020000 包装物摊销
5005030000 低值易耗品摊销
5005040000 周转材料摊销
5005050000 物料消耗
5006010100 燃料-燃料气-天然气
5006010200 燃料-燃料气-其他燃料气
5006020100 燃料-燃料油-原油
5006020200 燃料-燃料油-重油
5006020300 燃料-燃料油-柴油
5006020400 燃料-燃料油-煤油
5006020500 燃料-燃料油-汽油
5006020600 燃料-燃料油-其他燃料油
5006020700 燃料-燃料油-渣油
5006030100 燃料-其他燃料-煤炭
5006030298 燃料-其他燃料-其他
5007010000 动力-水
5007020000 动力-电
5007030000 动力-汽
5007040000 动力-风
5007050000 动力-氮气
5007060098 动力-其他
5008010000 自用产品-原油
5008020000 自用产品-重油
5008030000 自用产品-汽油
5008040000 自用产品-柴油
5008050000 自用产品-煤油
5008060000 自用产品-润滑油
5008070000 自用产品-天然气
5008080000 自用产品-其他燃料气
5008090000 自用产品-其他燃料油
5009010000 副产品-氮气
5009020000 副产品-蒸汽
5009030098 副产品-其他",2320001000 预提费用-预提费用,用于处理从成本费用中预先提取但尚未支付的材料、燃料、动力费。,预提费用单,材料、燃料、动力费预提表,,大庆中心,万鑫,正常,,
815,总账业务,计提及确认业务,A7_08_0011,预提费用,A7C057,财产保险费及防灾防损费预提,"5041000000 财产保险费
5047520000 保险业务差异调整
5047550000 防灾防损费",2320001000 预提费用-预提费用,用于处理从成本费用中预先提取但尚未支付的财产保险费、保险业务差异调整及防灾防损费。,预提费用单,财产保险费及防灾防损费预提表,,大庆中心,万鑫,正常,,
816,总账业务,计提及确认业务,A7_08_0011,预提费用,A7C058,分公司项目经费预提,5048200000 分公司项目经费,2320001000 预提费用-预提费用,用于处理从成本费用中预先提取但尚未支付的分公司项目经费。,预提费用单,分公司项目经费预提表,,大庆中心,万鑫,正常,,
817,总账业务,计提及确认业务,A7_08_0011,预提费用,A7C059,检测费预提,5047030000 检测费,2320001000 预提费用-预提费用,用于处理从成本费用中预先提取但尚未支付的检测费。,预提费用单,检测费预提表,,大庆中心,万鑫,正常,,
818,总账业务,计提及确认业务,A7_08_0011,预提费用,A7C060,维护及修理费预提,"5019010000 维护及修理费-检修材料费
5019020000 维护及修理费-外委修理费",2320001000 预提费用-预提费用,用于处理从成本费用中预先提取但尚未支付的维护及修理费。,预提费用单,维护及修理费预提表,,大庆中心,万鑫,正常,,
819,总账业务,计提及确认业务,A7_08_0011,预提费用,A7C061,运输费预提,5017000000 运输费,2320001000 预提费用-预提费用,用于处理从成本费用中预先提取但尚未支付的运输费。,预提费用单,运输费预提表,,大庆中心,万鑫,正常,,
820,总账业务,计提及确认业务,A7_08_0011,预提费用,A7C062,资本化利息预提,5047160000 资本化利息,2320001000 预提费用-预提费用,用于处理从成本费用中预先提取但尚未支付的资本化利息。,预提费用单,资本化利息预提表,,大庆中心,万鑫,正常,,
821,总账业务,计提及确认业务,A7_08_0011,预提费用,A7C063,总部支持服务费预提,5044120000 总部支持服务费,2320001000 预提费用-预提费用,用于处理从成本费用中预先提取但尚未支付的总部支持服务费。,预提费用单,总部支持服务费预提表,,大庆中心,万鑫,正常,,
822,总账业务,计提及确认业务,A7_08_0011,预提费用,A7C064,租赁费预提,5044010000 租赁费,2320001000 预提费用-预提费用,用于处理从成本费用中预先提取但尚未支付的租赁费。,预提费用单,租赁费预提表,,大庆中心,万鑫,正常,,
823,总账业务,计提及确认业务,A7_08_0011,预提费用,A7C065,租赁负债利息预提,5047170000 租赁负债利息,2320001000 预提费用-预提费用,用于处理从成本费用中预先提取但尚未支付的租赁负债利息。,预提费用单,租赁负债利息预提表,,大庆中心,万鑫,正常,,
824,总账业务,计提及确认业务,A7_08_0011,预提费用,A7C066,勘探费用预提,"6604001000 勘探费用-探井
6604002000 勘探费用-探矿权价款
6604003000 勘探费用-探矿权使用费
6604004000 勘探费用-勘探辅助工程
6604005000 勘探费用-勘探科研
6604006000 勘探费用-勘探装备
6604007000 勘探费用-控制点及地形测量
6604008000 勘探费用-其他地质勘探
6604009000 勘探费用-地球物理勘探
6604010000 勘探费用-地质测量",2320001000 预提费用-预提费用,用于处理从成本费用中预先提取但尚未支付的勘探费用,预提费用单,勘探费用预提表,,大庆中心,万鑫,正常,,
825,总账业务,计提及确认业务,A7_08_0003,预计负债计提及调整,A7C009,对外提供担保预计负债计提及调整,6711018000 营业外支出-预计担保损失,2801001000 预计负债-预计担保损失,是指公司处理确认的对外提供担保产生的现时义务的场景,预计负债计提及调整单,对外提供担保预计负债计提及调整表,,西安中心,"罗瑞
牛玲",正常,,
826,总账业务,计提及确认业务,A7_08_0003,预计负债计提及调整,A7C010,未决诉讼预计负债计提及调整,6711019000 营业外支出-预计未决诉讼损失,2801002000 预计负债-预计未决诉讼损失,是指公司处理确认的未决诉讼产生的现时义务的场景,预计负债计提及调整单,未决诉讼预计负债计提及调整表,,西安中心,"罗瑞
牛玲",正常,,
827,总账业务,计提及确认业务,A7_08_0003,预计负债计提及调整,A7C011,重组义务预计负债计提及调整,6711020000 营业外支出-预计重组损失,2801003000 预计负债-预计重组损失,是指公司处理确认的重组义务的现时义务的场景,预计负债计提及调整单,重组义务预计负债计提及调整表,,西安中心,"罗瑞
牛玲",正常,,
828,总账业务,计提及确认业务,A7_08_0003,预计负债计提及调整,A7C012,产品质量保证预计负债计提及调整,5047180000 产品质量保证损失,2801004000 预计负债-预计产品质量保证损失,是指公司处理确认的产品质量保证的现时义务的场景,预计负债计提及调整单,产品质量保证预计负债计提及调整表,,西安中心,"罗瑞
牛玲",正常,,
829,总账业务,计提及确认业务,A7_08_0003,预计负债计提及调整,A7C013,资产弃置义务预计负债计提及调整,"6603006017 财务费用-利息支出-资产弃置义务
6711021000 营业外支出-油气资产弃置清理支出","2801005002 预计负债-预计弃置费用-计提利息
2801005002 预计负债-预计弃置费用-计提利息",是指公司处理确认的资产弃置义务的现时义务的场景,预计负债计提及调整单,资产弃置义务预计负债计提及调整表,,西安中心,"罗瑞
牛玲",正常,,
830,总账业务,计提及确认业务,A7_08_0003,预计负债计提及调整,A7C014,被投资单位超额亏损补偿义务预计负债计提及调整,6111011002 投资收益-应收款项融资-应收账款,2801007000 预计负债-应承担被投资单位超额..,是指公司处理确认的承担被投资单位的超额亏损额外补偿义务的现时义务的场景,预计负债计提及调整单,被投资单位超额亏损补偿义务预计负债计提及调整表,,西安中心,"罗瑞
牛玲",正常,,
831,总账业务,计提及确认业务,A7_08_0003,预计负债计提及调整,A7C015,亏损合同预计负债计提及调整,6711013000 营业外支出-其他支出,2801006000 预计负债-亏损性合同,是指公司处理确认的亏损合同的现时义务的场景,预计负债计提及调整单,亏损合同预计负债计提及调整表,,西安中心,"罗瑞
牛玲",正常,,
832,总账业务,计提及确认业务,A7_08_0003,预计负债计提及调整,A7C016,银行承兑票据贴现预计负债计提及调整,6711013000 营业外支出-其他支出,2801008000 预计负债-银行承兑汇票,是指公司处理确认商业承兑票据贴现的现时义务的场景,预计负债计提及调整单,银行承兑票据贴现预计负债计提及调整表,,西安中心,"罗瑞
牛玲",正常,,
833,总账业务,计提及确认业务,A7_08_0003,预计负债计提及调整,A7C017,预计应付退货款预计负债计提及调整,6711013000 营业外支出-其他支出,2801010000 预计负债-预计应付退货款,是指公司处理确认预计应付退货款的现时义务的场景,预计负债计提及调整单,预计应付退货款预计负债计提及调整表,,西安中心,"罗瑞
牛玲",正常,,
834,总账业务,计提及确认业务,A7_08_0003,预计负债计提及调整,A7C018,其他预计负债计提及调整,6711013000 营业外支出-其他支出,2801998000 预计负债-其他,是指公司处理确其他预计负债计提及调整的现时义务的场景,预计负债计提及调整单,其他预计负债计提及调整表,,西安中心,"罗瑞
牛玲",正常,,
835,总账业务,计提及确认业务,A7_08_0005,安全生产费计提,A7C020,石油天然气开采行业安全生产费计提,5047210000 安全生产费用,4301001001 专项储备-安全生产费用-提取,是指石油天然气开采企业按照规定标准提取，在成本（费用）中列支，专门用于完善和改进企业或者项目安全生产条件的资金,安全生产费计提单,石油天然气开采行业安全生产费计提表,,西安中心,樊修远,正常,,
836,总账业务,计提及确认业务,A7_08_0005,安全生产费计提,A7C021,电力和新能源生产行业安全生产费计提,5047210000 安全生产费用,4301001001 专项储备-安全生产费用-提取,是指电力和新能源生产企业按照规定标准提取，在成本（费用）中列支，专门用于完善和改进企业或者项目安全生产条件的资金,安全生产费计提单,电力和新能源生产行业安全生产费计提表,,西安中心,樊修远,正常,,
837,总账业务,计提及确认业务,A7_08_0005,安全生产费计提,A7C022,电力输配送等电网运行行业安全生产费计提,5047210000 安全生产费用,4301001001 专项储备-安全生产费用-提取,是指电力输配送等电网运行企业按照规定标准提取，在成本（费用）中列支，专门用于完善和改进企业或者项目安全生产条件的资金,安全生产费计提单,电力输配送等电网运行行业安全生产费计提表,,西安中心,樊修远,正常,,
838,总账业务,计提及确认业务,A7_08_0005,安全生产费计提,A7C023,交通运输行业安全生产费计提,5047210000 安全生产费用,4301001001 专项储备-安全生产费用-提取,是指交通运输企业按照规定标准提取，在成本（费用）中列支，专门用于完善和改进企业或者项目安全生产条件的资金,安全生产费计提单,交通运输行业安全生产费计提表,,西安中心,樊修远,正常,,
839,总账业务,计提及确认业务,A7_08_0005,安全生产费计提,A7C024,建筑工程施工行业安全生产费计提,5047210000 安全生产费用,4301001001 专项储备-安全生产费用-提取,是指建筑工程施工企业按照规定标准提取，在成本（费用）中列支，专门用于完善和改进企业或者项目安全生产条件的资金,安全生产费计提单,建筑工程施工行业安全生产费计提表,,西安中心,樊修远,正常,,
840,总账业务,计提及确认业务,A7_08_0005,安全生产费计提,A7C025,危险品生产与储存，储备油、储气库行业安全生产费计提,5047210000 安全生产费用,4301001001 专项储备-安全生产费用-提取,是指危险品生产与储存，储备油、储气库企业按照规定标准提取，在成本（费用）中列支，专门用于完善和改进企业或者项目安全生产条件的资金,安全生产费计提单,危险品生产与储存，储备油、储气库行业安全生产费计提表,,西安中心,樊修远,正常,,
841,总账业务,计提及确认业务,A7_08_0005,安全生产费计提,A7C026,机械制造行业安全生产费计提,5047210000 安全生产费用,4301001001 专项储备-安全生产费用-提取,是指机械制造企业按照规定标准提取，在成本（费用）中列支，专门用于完善和改进企业或者项目安全生产条件的资金,安全生产费计提单,机械制造行业安全生产费计提表,,西安中心,樊修远,正常,,
842,总账业务,计提及确认业务,A7_08_0005,安全生产费计提,A7C027,民用爆炸物品生产行业安全生产费计提,5047210000 安全生产费用,4301001001 专项储备-安全生产费用-提取,是指民用爆炸物品生产企业按照规定标准提取，在成本（费用）中列支，专门用于完善和改进企业或者项目安全生产条件的资金,安全生产费计提单,民用爆炸物品生产行业安全生产费计提表,,西安中心,樊修远,正常,,
843,总账业务,计提及确认业务,A7_08_0005,安全生产费计提,A7C028,油气田工程技术服务、油气田地面工程建设行业安全生产费计提,5047210000 安全生产费用,4301001001 专项储备-安全生产费用-提取,是指油气田工程技术服务、油气田地面工程建设企业按照规定标准提取，在成本（费用）中列支，专门用于完善和改进企业或者项目安全生产条件的资金,安全生产费计提单,油气田工程技术服务、油气田地面工程建设行业安全生产费计提表,,西安中心,樊修远,正常,,
844,总账业务,计提及确认业务,A7_08_0006,持有待售资产（负债）确认,A7C029,长期股权投资持有待售资产确认,1481001000 持有待售资产-长期股权投资,1511001000 长期股权投资-成本（权益法）,是指企业根据相关规定确认的持有待售的长期股权投资和持有待售的长期股权投资处置组中的资产,持有待售资产（负债）确认单,长期股权投资持有待售资产确认表,,成都中心,常霞,正常,,
845,总账业务,计提及确认业务,A7_08_0006,持有待售资产（负债）确认,A7C030,在建工程持有待售资产确认,1481004000 持有待售资产-在建工程,成本费用类科目,是指企业根据相关规定确认的持有待售的在建工程和持有待售的在建工程处置组中的资产,持有待售资产（负债）确认单,在建工程持有待售资产确认表,,成都中心,常霞,正常,,
846,总账业务,计提及确认业务,A7_08_0006,持有待售资产（负债）确认,A7C042,物资持有待售资产确认,1481005000 持有待售资产-工程物资,1605001000 工程物资-工程物资采购,是指企业根据相关规定确认的持有待售的物资和持有待售的物资处置组中的资产,持有待售资产（负债）确认单,物资持有待售资产确认表,,成都中心,常霞,正常,,
847,总账业务,计提及确认业务,A7_08_0006,持有待售资产（负债）确认,A7C043,应收预收类持有待售资产确认,1481998000 持有待售资产-其他,1122001000 应收账款-应收账款,是指企业根据相关规定确认的持有待售的应收预收类和持有待售的应收预收类处置组中的资产,持有待售资产（负债）确认单,应收预收类持有待售资产确认表,,成都中心,常霞,正常,,
848,总账业务,计提及确认业务,A7_08_0006,持有待售资产（负债）确认,A7C044,货币资金持有待售资产确认,1481998000 持有待售资产-其他,"1012006000其他货币资金-在途资金
1012011000其他货币资金-加油（气）站资金
1012012000其他货币资金-充电站资金
1012998000其他货币资金-其他",是指企业根据相关规定确认的持有待售的货币资金和持有待售的货币资金处置组中的资产,持有待售资产（负债）确认单,货币资金持有待售资产确认表,,成都中心,常霞,正常,,
849,总账业务,计提及确认业务,A7_08_0006,持有待售资产（负债）确认,A7C045,金融资产持有待售资产确认,1481998000 持有待售资产-其他,1101001000 交易性金融资产-成本,是指企业根据相关规定确认的持有待售的金融资产和持有待售的金融资产处置组中的资产,持有待售资产（负债）确认单,金融资产持有待售资产确认表,,成都中心,常霞,正常,,
850,总账业务,计提及确认业务,A7_08_0006,持有待售资产（负债）确认,A7C046,合同资产持有待售资产确认,1481998000 持有待售资产-其他,1106002000 合同资产-价款结算,是指企业根据相关规定确认的持有待售的合同资产和持有待售的合同资产处置组中的资产,持有待售资产（负债）确认单,合同资产持有待售资产确认表,,成都中心,常霞,正常,,
851,总账业务,计提及确认业务,A7_08_0006,持有待售资产（负债）确认,A7C047,应付预付类持有待售负债确认,2202001000 应付账款-应付账款,2245000000 持有待售负债,是指企业根据相关规定确认的持有待售的应付预付类处置组中的负债,持有待售资产（负债）确认单,应付预付类持有待售负债确认表,,成都中心,常霞,正常,,
852,总账业务,计提及确认业务,A7_08_0006,持有待售资产（负债）确认,A7C048,薪酬持有待售负债确认,2603002001 长期应付职工薪酬-辞退福利-服务成本,2245000000 持有待售负债,是指企业根据相关规定确认的持有待售的薪酬处置组中的负债,持有待售资产（负债）确认单,薪酬持有待售负债确认表,,成都中心,常霞,正常,,
853,总账业务,计提及确认业务,A7_08_0006,持有待售资产（负债）确认,A7C049,税金持有待售负债确认,"2221001001应交税费-应交税金-应交增值税-年初未抵扣数
2221001002应交税费-应交税金-应交增值税-销项税额
2221001003应交税费-应交税金-应交增值税-进项税额-进项税额
2221001004应交税费-应交税金-应交增值税-进项税额-旅客运输服务
2221001005应交税费-应交税金-应交增值税-进项税额-其他计算抵扣
2221001006应交税费-应交税金-应交增值税-出口退税
2221001007应交税费-应交税金-应交增值税-进项税额转出-免税项目
2221001008应交税费-应交税金-应交增值税-进项税额转出-汇算退税
2221001009应交税费-应交税金-应交增值税-进项税额转出-集体福利、个人消费
2221001010应交税费-应交税金-应交增值税-进项税额转出-简易征收
2221001011应交税费-应交税金-应交增值税-进项税额转出-免抵退税
2221001012应交税费-应交税金-应交增值税-进项税额转出-纳税检查
2221001013应交税费-应交税金-应交增值税-进项税额转出-红字专用发票信息表注明的进项税额
2221001014应交税费-应交税金-应交增值税-进项税额转出-异常凭证
2221001015应交税费-应交税金-应交增值税-进项税额转出-上期留抵税额抵减欠税
2221001016应交税费-应交税金-应交增值税-进项税额转出-非正常损失
2221001017应交税费-应交税金-应交增值税-进项税额转出-加油卡异地消费清算
2221001018应交税费-应交税金-应交增值税-进项税额转出-留抵退税
2221001995应交税费-应交税金-应交增值税-进项税额转出-其他
2221001019应交税费-应交税金-应交增值税-转出未交增值税
2221001020应交税费-应交税金-应交增值税-转出多交增值税
2221001021应交税费-应交税金-应交增值税-已交税金
2221001022应交税费-应交税金-应交增值税-减免税款
2221001023应交税费-应交税金-应交增值税-出口抵减内销商品应纳税
2221001024应交税费-应交税金-应交增值税-销项税额抵减
2221001025应交税费-应交税金-应交增值税-小规模纳税人
2221001026应交税费-应交税金-未交增值税-年初未交数
2221001027应交税费-应交税金-未交增值税-本期转入数
2221001028应交税费-应交税金-未交增值税-本期已交数
2221001029应交税费-应交税金-预交增值税
2221001030应交税费-应交税金-待抵扣进项税额
2221001031应交税费-应交税金-待认证进项税额
2221001032应交税费-应交税金-待转销项税额
2221001033应交税费-应交税金-增值税留抵税额-退税
2221001034应交税费-应交税金-增值税留抵税额-缴回
2221001035应交税费-应交税金-增值税简易计税-应交税额
2221001036应交税费-应交税金-增值税简易计税-税额抵减
2221001037应交税费-应交税金-增值税简易计税-预缴税额
2221001038应交税费-应交税金-转让金融商品应交增值税
2221001039应交税费-应交税金-代扣代交增值税
2221001040应交税费-应交税金-代扣代交印花税
2221001041应交税费-应交税金-代扣代交城建税
2221001042应交税费-应交税金-代扣代交教育费附加
2221001043应交税费-应交税金-代扣代交地方教育费附加
2221001044应交税费-应交税金-代扣代交所得税
2221001045应交税费-应交税金-消费税-汽油
2221001046应交税费-应交税金-消费税-柴油
2221001047应交税费-应交税金-消费税-石脑油
2221001048应交税费-应交税金-消费税-燃料油
2221001049应交税费-应交税金-消费税-航煤
2221001050应交税费-应交税金-消费税-溶剂油
2221001051应交税费-应交税金-消费税-润滑油
2221001996应交税费-应交税金-消费税-其他
2221001052应交税费-应交税金-资源税-原油
2221001053应交税费-应交税金-资源税-天然气
2221001054应交税费-应交税金-资源税-凝析油
2221001055应交税费-应交税金-水资源税-地表水
2221001088应交税费-应交税金-水资源税-地下水
2221001056应交税费-应交税金-资源税-煤层气
2221001057应交税费-应交税金-资源税-黏土
2221001058应交税费-应交税金-资源税-砂石
2221001059应交税费-应交税金-资源税-页岩气
2221001060应交税费-应交税金-资源税-致密气
2221001061应交税费-应交税金-资源税-硫化氢气
2221001062应交税费-应交税金-资源税-天然气水合物
2221001063应交税费-应交税金-资源税-油页岩
2221001064应交税费-应交税金-资源税-油砂
2221001065应交税费-应交税金-资源税-天然沥青
2221001066应交税费-应交税金-资源税-石煤
2221001067应交税费-应交税金-资源税-地热
2221001997应交税费-应交税金-资源税-其他
2221001068应交税费-应交税金-应交所得税-预交
2221001069应交税费-应交税金-应交所得税-汇算清缴
2221001089应交税费-应交税金-预交所得税-预交
2221001090应交税费-应交税金-预交所得税-汇算清缴
2221001070应交税费-应交税金-土地增值税
2221001071应交税费-应交税金-城市维护建设税-增值税
2221001072应交税费-应交税金-城市维护建设税-消费税
2221001073应交税费-应交税金-房产税-自用房产
2221001074应交税费-应交税金-房产税-出租房产
2221001075应交税费-应交税金-城镇土地使用税-大城市
2221001076应交税费-应交税金-城镇土地使用税-中等城市
2221001077应交税费-应交税金-城镇土地使用税-小城市
2221001078应交税费-应交税金-城镇土地使用税-县城、建制镇、工矿区
2221001079应交税费-应交税金-车船使用税
2221001080应交税费-应交税金-个人所得税
2221001081应交税费-应交税金-关税
2221001082应交税费-应交税金-印花税
2221001083应交税费-应交税金-耕地占用税
2221001084应交税费-应交税金-契税-房屋
2221001085应交税费-应交税金-契税-土地使用权
2221001086应交税费-应交税金-车辆购置税
2221001087应交税费-应交税金-环境保护税
2221001998应交税费-应交税金-其他
2221002001应交税费-行政性收费-应交教育费附加-教育费附加-增值税
2221002002应交税费-行政性收费-应交教育费附加-教育费附加-消费税
2221002003应交税费-行政性收费-应交教育费附加-地方教育费-增值税
2221002004应交税费-行政性收费-应交教育费附加-地方教育费-消费税
2221002005应交税费-行政性收费-矿区使用费
2221002006应交税费-行政性收费-河道维护费
2221002007应交税费-行政性收费-水利建设基金
2221002008应交税费-行政性收费-文化事业建设费
2221002009应交税费-行政性收费-探矿权使用费
2221002010应交税费-行政性收费-矿业权出让收益
2221002011应交税费-行政性收费-采矿权使用费
2221002012应交税费-行政性收费-矿业权占用费
2221002013应交税费-行政性收费-水资源费
2221002014应交税费-行政性收费-残疾人就业保证金
2221002015应交税费-行政性收费-人防费
2221002016应交税费-行政性收费-矿产资源补偿费-原油
2221002017应交税费-行政性收费-矿产资源补偿费-天然气
2221002997应交税费-行政性收费-矿产资源补偿费-其他
2221002018应交税费-行政性收费-石油特别收益金-自营
2221002019应交税费-行政性收费-石油特别收益金-未上市合作
2221002020应交税费-行政性收费-石油特别收益金-地方合作
2221002021应交税费-行政性收费-石油特别收益金-外方合作
2221002022应交税费-行政性收费-水土保持补偿费
2221002023应交税费-行政性收费-排污费
2221002024应交税费-行政性收费-价格调节基金
2221002998应交税费-行政性收费-其他
2228001001应交境外税金-应交增值税-年初未抵扣数
2228001002应交境外税金-应交增值税-销项税额
2228001003应交境外税金-应交增值税-转出多交增值税
2228001004应交境外税金-应交增值税-进项税额
2228001005应交境外税金-应交增值税-已交税金
2228001006应交境外税金-应交增值税-转出未交增值税额
2228001007应交境外税费-应交增值税-进项税额转出
2228002001应交境外税金-未交增值税-年初未交数
2228002002应交境外税金-未交增值税-本期转入数
2228002003应交境外税金-未交增值税-本期已交数
2228003000应交境外税金-环境保护税
2228004000应交境外税金-财产税
2228005000应交境外税金-关税
2228006000应交境外税金-应交利得税
2228007000应交境外税金-预缴利得税
2228008001应交境外税金-应交企业所得税-应交企业所得税
2228008002应交境外税金-应交企业所得税-甲方代扣企业所得税
2228008998应交境外税金-应交企业所得税-其他
2228009000应交境外税金-预缴企业所得税
2228010001应交境外税金-应交个人所得税-中方
2228010002应交境外税金-应交个人所得税-外方
2228011001应交境外税金-代扣代缴税-代扣代缴增值税
2228011002应交境外税金-代扣代缴税-代扣企业所得税
2228011998应交境外税金-代扣代缴税-其他
2228012000应交境外税金-资源税
2228013000应交境外税金-燃油税
2228014000应交境外税金-超额利润税
2228015000应交境外税金-最低收入税
2228016000应交境外税金-服务税
2228017000应交境外税金-土地使用税
2228018000应交境外税金-印花税
2228019001应交境外税金-消费税-进项税额
2228019002应交境外税金-消费税-销项税额
2228019003应交境外税金-消费税-缴税或返税
2228020000应交境外税金-市政税
2228021000应交境外税金-社会贡献税
2228022000应交境外税金-资金离境税
2228023000应交境外税金-预扣税
2228024000应交境外税金-营业税
2228025000应交境外税金-城建税
2228026000应交境外税金-社会保险税
2228998000应交境外税金-其他",2245000000 持有待售负债,是指企业根据相关规定确认的持有待售的税金处置组中的负债,持有待售资产（负债）确认单,税金持有待售负债确认表,,成都中心,常霞,正常,,
854,总账业务,计提及确认业务,A7_08_0006,持有待售资产（负债）确认,A7C039,预计负债持有待售负债确认,2801998000 预计负债-其他,2245000000 持有待售负债,是指企业根据相关规定确认的持有待售的预计负债处置组中的负债,持有待售资产（负债）确认单,预计负债持有待售负债确认表,,成都中心,常霞,正常,,
855,总账业务,计提及确认业务,A7_08_0006,持有待售资产（负债）确认,A7C041,金融负债持有待售负债确认,2101001000 交易性金融负债-成本,2245000000 持有待售负债,是指企业根据相关规定确认的持有待售的金融负债组中的负债,持有待售资产（负债）确认单,金融负债持有待售负债确认表,,成都中心,常霞,正常,,
856,总账业务,计提及确认业务,A7_08_0007,合同负债确认,A7C051,其他合同负债确认,1122001000 应收账款-应收账款,"2204001000 合同负债-合同负债
2221001002 应交税费-应交税金-应交增值税-销项税额（红字）",是指企业根据相关规定确认已收或应收客户其他商品对价而应向客户转其产品的义务,合同负债确认单,其他合同负债确认表,,成都中心,常虹霞,正常,,
865,总账业务,摊销业务,A7_09_0001,摊销费用初始确认及变更,A7D001,预付保险费（不含车辆保险）分摊管理台账,无需生成凭证,无需生成凭证,是指业务单元初始确认预付保险费（不含车辆保险）摊销费用时，费用初始确认单和变更，建立摊销费用台账，用于后续各期间分摊费用,摊销费用初始确认及变更台账,预付保险费（不含车辆保险）分摊管理台账表,,成都中心,祁柏杉,正常,,
866,总账业务,摊销业务,A7_09_0001,摊销费用初始确认及变更,A7D008,预付维保费分摊管理台账,无需生成凭证,无需生成凭证,是指业务单元初始确认预付维保费摊销费用时，费用初始确认单和变更，建立摊销费用台账，用于后续各期间分摊费用,摊销费用初始确认及变更台账,预付维保费分摊管理台账表,,成都中心,祁柏杉,正常,,
867,总账业务,摊销业务,A7_09_0001,摊销费用初始确认及变更,A7D009,待转利息支出分摊管理台账,无需生成凭证,无需生成凭证,是指业务单元初始确认待转利息支出摊销费用时，费用初始确认单和变更，建立摊销费用台账，用于后续各期间分摊费用,摊销费用初始确认及变更台账,待转利息支出分摊管理台账表,,成都中心,祁柏杉,正常,,
868,总账业务,摊销业务,A7_09_0001,摊销费用初始确认及变更,A7D010,临时设施租赁分摊管理台账,无需生成凭证,无需生成凭证,是指业务单元初始确认临时设施摊销费用时，费用初始确认单和变更，建立摊销费用台账，用于后续各期间分摊费用,摊销费用初始确认及变更台账,临时设施租赁分摊管理台账表,,成都中心,祁柏杉,正常,,
869,总账业务,摊销业务,A7_09_0001,摊销费用初始确认及变更,A7D012,预付税费分摊管理台账,无需生成凭证,无需生成凭证,是指业务单元初始确认土地使用税、房产税、印花税摊销费用时，费用初始确认单和变更，建立摊销费用台账，用于后续各期间分摊费用,摊销费用初始确认及变更台账,预付税费分摊管理台账表,,成都中心,祁柏杉,正常,,
870,总账业务,摊销业务,A7_09_0001,摊销费用初始确认及变更,A7D015,其他摊销分摊管理台账,无需生成凭证,无需生成凭证,是指业务单元初始确认其他费用摊销费用时，费用初始确认单和变更，建立摊销费用台账，用于后续各期间分摊费用,摊销费用初始确认及变更台账,其他摊销分摊管理台账表,,成都中心,祁柏杉,正常,,
871,总账业务,摊销业务,A7_09_0001,摊销费用初始确认及变更,A7D029,车辆保险费分摊管理台账,无需生成凭证,无需生成凭证,是指业务单元初始确认车辆保险费摊销时，费用初始确认单和变更，建立摊销费用台账，用于后续各期间分摊费用,摊销费用初始确认及变更台账,车辆保险费分摊管理台账表,,成都中心,祁柏杉,正常,,
872,总账业务,摊销业务,A7_09_0001,摊销费用初始确认及变更,A7D030,房租分摊管理台账,无需生成凭证,无需生成凭证,是指业务单元初始确认房租摊销时，费用初始确认单和变更，建立摊销费用台账，用于后续各期间分摊费用,摊销费用初始确认及变更台账,房租分摊管理台账表,,成都中心,祁柏杉,正常,,
873,总账业务,摊销业务,A7_09_0001,摊销费用初始确认及变更,A7D032,报刊订阅分摊管理台账,无需生成凭证,无需生成凭证,是指业务单元初始确认报刊订阅摊销时，费用初始确认单和变更，建立摊销费用台账，用于后续各期间分摊费用,摊销费用初始确认及变更台账,报刊订阅分摊管理台账表,,成都中心,祁柏杉,正常,,
874,总账业务,摊销业务,A7_09_0001,摊销费用初始确认及变更,A7D033,物业分摊管理台账,无需生成凭证,无需生成凭证,是指业务单元初始确认物业管理摊销时，费用初始确认单和变更，建立摊销费用台账，用于后续各期间分摊费用,摊销费用初始确认及变更台账,物业分摊管理台账表,,成都中心,祁柏杉,正常,,
875,总账业务,摊销业务,A7_09_0001,摊销费用初始确认及变更,A7D034,宣传费分摊管理台账,无需生成凭证,无需生成凭证,是指业务单元初始确认宣传费摊销时，费用初始确认单和变更，建立摊销费用台账，用于后续各期间分摊费用,摊销费用初始确认及变更台账,宣传费分摊管理台账表,,成都中心,祁柏杉,正常,,
876,总账业务,摊销业务,A7_09_0001,摊销费用初始确认及变更,A7D035,取暖费分摊管理台账,无需生成凭证,无需生成凭证,是指业务单元初始确认取暖费摊销时，费用初始确认单和变更，建立摊销费用台账，用于后续各期间分摊费用,摊销费用初始确认及变更台账,取暖费分摊管理台账表,,成都中心,祁柏杉,正常,,
877,总账业务,摊销业务,A7_09_0001,摊销费用初始确认及变更,A7D036,车辆办公用油分摊管理台账,无需生成凭证,无需生成凭证,是指业务单元初始确认车辆办公用油摊销时，费用初始确认单和变更，建立摊销费用台账，用于后续各期间分摊费用,摊销费用初始确认及变更台账,车辆办公用油分摊管理台账表,,成都中心,祁柏杉,正常,,
878,总账业务,摊销业务,A7_09_0001,摊销费用初始确认及变更,A7D045,行政性收费分摊管理台账,无需生成凭证,无需生成凭证,指业务单元初始确认行政性收费时，费用初始确认单和变更，建立摊销费用台账，用于后续各期间分摊费用,摊销费用初始确认及变更台账,行政性收费分摊管理台账表,,成都中心,祁柏杉,正常,,
879,总账业务,摊销业务,A7_09_0001,摊销费用初始确认及变更,A7D046,技术服务费分摊管理台账,无需生成凭证,无需生成凭证,指业务单元初始确认技术服务费时，费用初始确认单和变更，建立摊销费用台账，用于后续各期间分摊费用,摊销费用初始确认及变更台账,技术服务费分摊管理台账表,,成都中心,祁柏杉,正常,,
880,总账业务,摊销业务,A7_09_0001,摊销费用初始确认及变更,A7D047,员工福利费分摊管理台账,无需生成凭证,无需生成凭证,是指业务单元初始确认员工服务费时，费用初始确认单和变更，建立摊销费用台账，用于后续各期间分摊费用,摊销费用初始确认及变更台账,员工福利费分摊管理台账表,,成都中心,祁柏杉,正常,,
881,总账业务,摊销业务,A7_09_0001,摊销费用初始确认及变更,A7D048,车辆服务费分摊管理台账,无需生成凭证,无需生成凭证,是指业务单元初始确认技术服务费时，费用初始确认单和变更，建立摊销费用台账，用于后续各期间分摊费用,摊销费用初始确认及变更台账,车辆服务费分摊管理台账表,,成都中心,祁柏杉,正常,,
882,总账业务,摊销业务,A7_09_0003,摊销费用分摊,A7D003,预付保险费分摊,5041000000 财产保险费,1470001000待摊费用-预付保险费,适用于预付保险费分摊（不含车辆保险）业务发生的摊销业务,摊销费用分摊单,预付保险费分摊表,,成都中心,祁柏杉,正常,,
883,总账业务,摊销业务,A7_09_0003,摊销费用分摊,A7D016,预付维保费分摊,"5019010000 维护及修理费-检修材料费
5019020000 维护及修理费-外委修理费",1470002000 待摊费用-预付维保费,适用于预付维保费分摊业务发生的摊销业务,摊销费用分摊单,预付维保费分摊表,,成都中心,祁柏杉,正常,,
884,总账业务,摊销业务,A7_09_0003,摊销费用分摊,A7D017,待转利息支出分摊,"6603006001 财务费用-利息支出-短期借款利息支出-财务公司借款
6603006002 财务费用-利息支出-短期借款利息支出-昆仑银行借款
6603006003 财务费用-利息支出-短期借款利息支出-银行借款
6603006004 财务费用-利息支出-短期借款利息支出-债券
6603006005 财务费用-利息支出-短期借款利息支出-其他借款
6603006017 财务费用-利息支出-资产弃置义务
6603006021 财务费用-利息支出-长期应付款
6603006029 财务费用-利息支出-期货利息-场内
6603006030 财务费用-利息支出-期货利息-场外
6603006998 财务费用-利息支出-其他",1470003000 待摊费用-待转利息支出,适用于待转利息支出分摊业务发生的摊销业务,摊销费用分摊单,待转利息支出分摊表,,成都中心,祁柏杉,正常,,
885,总账业务,摊销业务,A7_09_0003,摊销费用分摊,A7D018,临时设施租赁分摊,5044010000租赁费,1470004000待摊费用-临时设施,适用于临时设施租赁业务发生的摊销业务,摊销费用分摊单,临时设施租赁分摊表,,成都中心,祁柏杉,正常,,
886,总账业务,摊销业务,A7_09_0003,摊销费用分摊,A7D020,预付税费分摊,"6403002007 税金及附加-其他业务税金及附加-城镇土地使用税
6403002006 税金及附加-其他业务税金及附加-房产税
6403003004 税金及附加-其他-印花税","1470006000 待摊费用-土地使用税
1470007000 待摊费用-房产税
1470998000 待摊费用-其他",适用于土地使用税、房产税、印花税业务发生的摊销业务,摊销费用分摊单,预付税费分摊表,,成都中心,祁柏杉,正常,,
887,总账业务,摊销业务,A7_09_0003,摊销费用分摊,A7D024,其他分摊,5098000000 其他费用,1470998000 待摊费用-其他,适用于其他费用业务发生的摊销业务,摊销费用分摊单,其他分摊表,,成都中心,祁柏杉,正常,,
888,总账业务,摊销业务,A7_09_0003,摊销费用分摊,A7D037,车辆保险费分摊,5041000000财产保险费,1470001000待摊费用-预付保险费,适用于车辆保险费业务发生的摊销业务,摊销费用分摊单,车辆保险费分摊表,,成都中心,祁柏杉,正常,,
889,总账业务,摊销业务,A7_09_0003,摊销费用分摊,A7D038,房租分摊,5044010000租赁费,1470998000待摊费用-其他,适用于房租的摊销业务,摊销费用分摊单,房租分摊表,,成都中心,祁柏杉,正常,,
890,总账业务,摊销业务,A7_09_0003,摊销费用分摊,A7D040,报刊订阅分摊,5046060000图书资料费,1470998000待摊费用-其他,适用于报刊订阅业务发生的摊销业务,摊销费用分摊单,报刊订阅分摊表,,成都中心,祁柏杉,正常,,
891,总账业务,摊销业务,A7_09_0003,摊销费用分摊,A7D041,物业管理分摊,"5032010000物业管理费-工业用
5032020000物业管理费-生活用",1470998000待摊费用-其他,适用于物业管理业务发生的摊销业务,摊销费用分摊单,物业管理分摊表,,成都中心,祁柏杉,正常,,
892,总账业务,摊销业务,A7_09_0003,摊销费用分摊,A7D042,宣传费分摊,"5024010000公司宣传费-促销费
5024020000公司宣传费-展览费",1470998000待摊费用-其他,适用于宣传费业务发生的摊销业务,摊销费用分摊单,宣传费分摊表,,成都中心,祁柏杉,正常,,
893,总账业务,摊销业务,A7_09_0003,摊销费用分摊,A7D043,取暖费分摊,"5031010000取暖费-工业用
5031020000取暖费-生活用",1470998000待摊费用-其他,适用于取暖费业务发生的摊销业务,摊销费用分摊单,取暖费分摊表,,成都中心,祁柏杉,正常,,
894,总账业务,摊销业务,A7_09_0003,摊销费用分摊,A7D044,车辆办公用油分摊,"5006020300燃料-燃料油-柴油
5006020500燃料-燃料油-汽油
5006020600燃料-燃料油-其他燃料油",1470998000待摊费用-其他,适用于车辆办公用油业务发生的摊销业务,摊销费用分摊单,车辆办公用油分摊表,,成都中心,祁柏杉,正常,,
895,总账业务,摊销业务,A7_09_0003,摊销费用分摊,A7D049,行政性收费分摊,5012020000 税费-残疾人就业保证金,1470998000 待摊费用-其他,适用于行政性收费业务发生的摊销业务,摊销费用分摊单,行政性收费分摊表,,成都中心,祁柏杉,正常,,
896,总账业务,摊销业务,A7_09_0003,摊销费用分摊,A7D050,技术服务费分摊,"5020010000 技术服务费-外协费
5020020000 技术服务费-业务外包技术服务费
5020030098 技术服务费-其他",1470998000 待摊费用-其他,适用于技术服务费业务发生的摊销业务,摊销费用分摊单,技术服务费分摊表,,成都中心,祁柏杉,正常,,
897,总账业务,摊销业务,A7_09_0003,摊销费用分摊,A7D051,员工福利费分摊,"5010120000 员工费用-福利费
2211002998 应付职工薪酬-应付福利费-福利费支出-其他","1470998000 待摊费用-其他
2211002001 应付职工薪酬-应付福利费-提取数",适用于员工福利费业务发生的摊销业务,摊销费用分摊单,员工福利费分摊表,,成都中心,祁柏杉,正常,,
898,总账业务,摊销业务,A7_09_0003,摊销费用分摊,A7D052,车辆服务费分摊,5041000000 财产保险费,1470001000 待摊费用-预付保险费,适用于车辆服务费业务发生的摊销业务,摊销费用分摊单,车辆服务费分摊表,,成都中心,祁柏杉,正常,,
899,总账业务,摊销业务,A7_09_0002,递延收益摊销,A7D006,与收益相关的政府补助递延收益摊销,2401002000递延收益-与收益有关的政府补助,"6302001002 其他收益-政府补助-与收益相关的政府补助
6301011002 营业外收入-政府补助-与收益相关的政府补助",是指公司取得的政府补助，与收益相关的政府补助摊销，用于补偿公司以后期间的相关费用或损失,递延收益摊销单,与收益相关的政府补助递延收益摊销表,,成都中心,彭宇、周才志,正常,,
900,总账业务,摊销业务,A7_09_0002,递延收益摊销,A7D025,与资产相关的政府补助递延收益摊销,2401001000 递延收益-与资产有关的政府补助,"6302001001 其他收益-政府补助-与资产相关的政府补助
6301011001 营业外收入-政府补助-与资产相关的政府补助",是指公司取得的政府补助，与资产相关的政府补助摊销，在相关资产使用寿命内按合理、系统的方法分期计入损益,递延收益摊销单,与资产相关的政府补助递延收益摊销表,,成都中心,彭宇、周才志,正常,,
901,总账业务,摊销业务,A7_09_0002,递延收益摊销,A7D026,与资产相关的政府补助提前终止递延收益摊销,2401001000递延收益-与资产有关的政府补助,"1606000000固定资产清理
6115001003资产处置损益-非流动资产处置损益-收益-无形资产处置
6115001004资产处置损益-非流动资产处置损益-收益-在建工程处置
6115001005资产处置损益-非流动资产处置损益-收益-其他非流动资产处置",是指公司取得的政府补助，与资产相关的政府补助提前终止，在相关资产使用寿命内按合理、系统的方法分期计入损益,递延收益摊销单,与资产相关的政府补助提前终止递延收益摊销表,,成都中心,彭宇、周才志,正常,,
902,总账业务,摊销业务,A7_09_0002,递延收益摊销,A7D004,返还政府补助递延收益摊销,"2401001000递延收益-与资产有关的政府补助
2401002000递延收益-与收益有关的政府补助","2241998000 其他应付款-其他
2711998000 专项应付款-其他
6302001001 其他收益-政府补助-与资产相关的政府补助
6301011001 营业外收入-政府补助-与资产相关的政府补助
6302001002 其他收益-政府补助-与收益相关的政府补助
6301011002 营业外收入-政府补助-与收益相关的政府补助",是指公司返还政府补助，与资产相关的，在相关资产使用寿命内按合理、系统的方法分期冲销损益；与收益相关的，用于冲销公司之前期间的相关费用或损失,递延收益摊销单,返还政府补助递延收益摊销表,,成都中心,彭宇、周才志,正常,,
903,总账业务,摊销业务,A7_09_0002,递延收益摊销,A7D005,直接拨付给贷款银行的财政贴息递延收益摊销,"5047160000 资本化利息
6603006012 财务费用-利息支出-长期借款利息支出-财务公司借款
6603006013 财务费用-利息支出-长期借款利息支出-昆仑银行借款
6603006014 财务费用-利息支出-长期借款利息支出-银行借款
6603006016 财务费用-利息支出-长期借款利息支出-其他借款
2401002000 递延收益-与收益有关的政府补助","2231001000 应付利息-长期借款
2501002000 长期借款-利息调整",是指公司直接拨付给贷款银行的财政贴息摊销，与收益相关的，用于补偿公司以后期间的相关费用或损失,递延收益摊销单,直接拨付给贷款银行的财政贴息递延收益摊销表,,成都中心,彭宇、周才志,正常,,
904,总账业务,资产计量及盘点处置,A7_11_0010,碳排放权履约,A7F011,碳排放权履约,1489000000碳排放权资产,6711009000营业外支出-碳排放权资产,"是指政府设定国家的总碳排放量，并将其分配给企业或机构，企业承诺并遵守以碳排放权交易的形式在市场上购买更多排放权,或者卖出多余的排放权，完成履约清缴",碳排放权履约单,碳排放权履约表,,成都中心,李凯,正常,,
905,总账业务,其他业务,A7_11_0002,资本性支出核销,A7F002,资本化支出核销,6701998000资产减值损失-其他,1482004000持有待售资产减值准备-在建工程,是指企业对于已经资本化的支出，在特定条件下进行核销的过程。对于符合资产确认条件的，应当资本化；不符合资产确认条件的，对于前期视为资本化支出的费用，再后续不满足资本化调减后，应当进行费用化的相关业务,资本性支出核销单,资本性支出核销表,,成都中心,彭宇、周才志,正常,,
906,总账业务,其他业务,A7_11_0002,资本性支出核销,A7F003,国家拨付资本化专用款项费用化核销,2711001000专项应付款-国拨三项费,1482004000持有待售资产减值准备-在建工程,是指企业对于国家拨付资本化专用款项费用化核销的过程。对于符合资产确认条件的，应当资本化；不符合资产确认条件的，对于前期视为资本化支出的费用，再后续不满足资本化调减后，应当进行费用化的相关业务,资本性支出核销单,国家拨付资本性专用款项费用化核销表,,成都中心,彭宇、周才志,正常,,
907,总账业务,其他业务,A7_11_0003,油气合资合作业务,,油气合资合作项目费用分摊,依据具体业务场景配置,依据具体业务场景配置,依据具体业务场景配置,油气合资合作业务确认单,油气合资合作项目费用分摊表,,西安中心/大庆中心/成都中心,陈雅/文丽娟/杨阳/李婉琪/张雄飞/李林/谢菊/魏娜/段婷,正常,,
908,总账业务,其他业务,A7_11_0003,油气合资合作业务,,油气合资合作项目暂估,依据具体业务场景配置,依据具体业务场景配置,依据具体业务场景配置,油气合资合作业务确认单,油气合资合作项目暂估表,,西安中心/大庆中心/成都中心,陈雅/文丽娟/杨阳/李婉琪/张雄飞/李林/谢菊/魏娜/段婷,正常,,
909,总账业务,其他业务,A7_11_0003,油气合资合作业务,,油气合资合作项目代垫业务,依据具体业务场景配置,依据具体业务场景配置,依据具体业务场景配置,油气合资合作业务确认单,油气合资合作项目代垫业务表,,西安中心/大庆中心/成都中心,陈雅/文丽娟/杨阳/李婉琪/张雄飞/李林/谢菊/魏娜/段婷,正常,,
910,总账业务,其他业务,A7_11_0003,油气合资合作业务,,油气合资合作项目结算,依据具体业务场景配置,依据具体业务场景配置,依据具体业务场景配置,油气合资合作业务确认单,油气合资合作项目结算表,,西安中心/大庆中心/成都中心,陈雅/文丽娟/杨阳/李婉琪/张雄飞/李林/谢菊/魏娜/段婷,正常,,
911,总账业务,其他业务,A7_11_0003,油气合资合作业务,,油气合资合作项目中方税费计提,依据具体业务场景配置,依据具体业务场景配置,依据具体业务场景配置,油气合资合作业务确认单,油气合资合作项目中方税费计提表,,西安中心/大庆中心/成都中心,陈雅/文丽娟/杨阳/李婉琪/张雄飞/李林/谢菊/魏娜/段婷,正常,,
912,总账业务,其他业务,A7_11_0003,油气合资合作业务,,油气合资合作项目收入分成,依据具体业务场景配置,依据具体业务场景配置,依据具体业务场景配置,油气合资合作业务确认单,油气合资合作项目收入分成表,,西安中心/大庆中心/成都中心,陈雅/文丽娟/杨阳/李婉琪/张雄飞/李林/谢菊/魏娜/段婷,正常,,
913,总账业务,其他业务,A7_11_0003,油气合资合作业务,,油气合资合作项目上交业务,依据具体业务场景配置,依据具体业务场景配置,依据具体业务场景配置,油气合资合作业务确认单,油气合资合作项目上交业务表,,西安中心/大庆中心/成都中心,陈雅/文丽娟/杨阳/李婉琪/张雄飞/李林/谢菊/魏娜/段婷,正常,,
914,总账业务,其他业务,A7_11_0003,油气合资合作业务,,油气合资合作项目薪酬相关业务,依据具体业务场景配置,依据具体业务场景配置,依据具体业务场景配置,油气合资合作业务确认单,油气合资合作项目薪酬相关业务表,,西安中心/大庆中心/成都中心,陈雅/文丽娟/杨阳/李婉琪/张雄飞/李林/谢菊/魏娜/段婷,正常,,
915,总账业务,其他业务,A7_11_0003,油气合资合作业务,,油气合资合作项目结转业务,依据具体业务场景配置,依据具体业务场景配置,依据具体业务场景配置,油气合资合作业务确认单,油气合资合作项目结转业务表,,西安中心/大庆中心/成都中心,陈雅/文丽娟/杨阳/李婉琪/张雄飞/李林/谢菊/魏娜/段婷,正常,,
916,总账业务,其他业务,A7_11_0005,抵账业务处理,A7F006,债权债务抵账（三方抵账）,客户和供应商类往来科目,客户和供应商类往来科目,是指企业和一方或多方有债权关系，与另一方或多方有债务关系，企业与一方或多方债权人、一方或多方债务人共同达成一致抵账协议，通过抵销债权、债务实现多方抵账，处理多方债权、债务抵账的业务。,抵账业务处理单,债权债务抵账（三方抵账）表,,成都中心,吴砹,正常,,
917,总账业务,账务调整,ZY_01_0002,标准账务调整,,标准账务调整,规定范围内的所以科目,规定范围内的所以科目,用于会计政策变更、资产负债表日后事项调整和往来调整等6类非集成业务调整,标准账务调整单,,,成都中心,史敏洁,正常,,
918,总账业务,账务调整,ZY_01_0001,差错账务调整,,差错账务调整,规定范围内的所以科目,规定范围内的所以科目,用于非集成业务差错更正调整,差错账务调整单,,,成都中心,史敏洁,正常,,
,采购至应付,差旅、费用报销,,,001001,渡轮费,5042000000差旅费,2241030000 其他应付款-内部短期款项,,,,,海外新增,,正常,,
,采购至应付,差旅、费用报销,,,001002,机票 / 税费 / 护照签证,5042000000差旅费,2241030001 其他应付款-内部短期款项,,,,,海外新增,,正常,,
,采购至应付,差旅、费用报销,,,001003,酒店 / 洗衣费,5042000000差旅费,2241030002 其他应付款-内部短期款项,,,,,海外新增,,正常,,
,采购至应付,差旅、费用报销,,,001004,差旅餐费（员工）,5042000000差旅费,2241030003 其他应付款-内部短期款项,,,,,海外新增,,正常,,
,采购至应付,差旅、费用报销,,,001005,海外商务招待餐饮（来宾）,5042000000差旅费,2241030004 其他应付款-内部短期款项,,,,,海外新增,,正常,,
,采购至应付,差旅、费用报销,,,001006,差旅交通－机场 / 海外交通,5042000000差旅费,2241030005 其他应付款-内部短期款项,,,,,海外新增,,正常,,
,采购至应付,差旅、费用报销,,,001007,差旅－其他杂项,5042000000差旅费,2241030006 其他应付款-内部短期款项,,,,,海外新增,,正常,,
,采购至应付,差旅、费用报销,,,002001,租车费,5047680000车辆服务费,2241030007 其他应付款-内部短期款项,,,,,海外新增,,正常,,
,采购至应付,差旅、费用报销,,,002002,地铁票,5023010000办公费-办公车辆路桥、停车费,2241030008 其他应付款-内部短期款项,,,,,海外新增,,正常,,
,采购至应付,差旅、费用报销,,,002003,车辆维护 / 维修费,5019020000维护及修理费-外委修理费,2241030009 其他应付款-内部短期款项,,,,,海外新增,,正常,,
,采购至应付,差旅、费用报销,,,002004,费用－停车费,5023010000办公费-办公车辆路桥、停车费,2241030010 其他应付款-内部短期款项,,,,,海外新增,,正常,,
,采购至应付,差旅、费用报销,,,002005,费用－道路税,5023010000办公费-办公车辆路桥、停车费,2241030011 其他应付款-内部短期款项,,,,,海外新增,,正常,,
,采购至应付,差旅、费用报销,,,002006,费用－过路费 / 通行费,5023010000办公费-办公车辆路桥、停车费,2241030012 其他应付款-内部短期款项,,,,,海外新增,,正常,,
,采购至应付,差旅、费用报销,,,002007,私人车辆里程补贴,5023010000办公费-办公车辆路桥、停车费,2241030013 其他应付款-内部短期款项,,,,,海外新增,,正常,,
,采购至应付,差旅、费用报销,,,002008,燃油费,5023010000办公费-办公车辆路桥、停车费,2241030014 其他应付款-内部短期款项,,,,,海外新增,,正常,,
,采购至应付,差旅、费用报销,,,002009,公共交通－出租车,5023010000办公费-办公车辆路桥、停车费,2241030015 其他应付款-内部短期款项,,,,,海外新增,,正常,,
,采购至应付,差旅、费用报销,,,002010,公共交通－火车 / 公交,5023010000办公费-办公车辆路桥、停车费,2241030016 其他应付款-内部短期款项,,,,,海外新增,,正常,,
,采购至应付,差旅、费用报销,,,003001,公司秘书相关－其他杂项,5026060200咨询审计费-咨询费-聘请中介机构费,2241030017 其他应付款-内部短期款项,,,,,海外新增,,正常,,
,采购至应付,差旅、费用报销,,,003002,IT相关－软件维护 / 许可 / 租赁,5023090098办公费-其他办公费用,2241030018 其他应付款-内部短期款项,,,,,海外新增,,正常,,
,采购至应付,差旅、费用报销,,,003003,报纸 / 杂志 / 书籍,5046060000图书资料费,2241030019 其他应付款-内部短期款项,,,,,海外新增,,正常,,
,采购至应付,差旅、费用报销,,,003004,办公信息费用－数据 / 报告,5026060100咨询审计费-咨询费-专家咨询费,2241030020 其他应付款-内部短期款项,,,,,海外新增,,正常,,
,采购至应付,差旅、费用报销,,,003005,办公用品 / 复印 / 打印 / 文具,5023070000办公费-办公耗材,2241030021 其他应付款-内部短期款项,,,,,海外新增,,正常,,
,采购至应付,差旅、费用报销,,,003006,邮资及快递费,5023060000办公费-邮电费,2241030022 其他应付款-内部短期款项,,,,,海外新增,,正常,,
,采购至应付,差旅、费用报销,,,004001,业务及公司客户礼品,5039000000业务招待费,2241030023 其他应付款-内部短期款项,,,,,海外新增,,正常,,
,采购至应付,差旅、费用报销,,,004002,客户招待费,5039000000业务招待费,2241030024 其他应付款-内部短期款项,,,,,海外新增,,正常,,
,采购至应付,差旅、费用报销,,,005001,外派员工子女教育费,5010120000员工费用-福利费,2241030025 其他应付款-内部短期款项,,,,,海外新增,,正常,,
,采购至应付,差旅、费用报销,,,005002,外派员工探亲假费用,5010120000员工费用-福利费,2241030026 其他应付款-内部短期款项,,,,,海外新增,,正常,,
,采购至应付,差旅、费用报销,,,005003,住宿管理费用－电费,5037000000电费,2241030027 其他应付款-内部短期款项,,,,,海外新增,,正常,,
,采购至应付,差旅、费用报销,,,005004,住宿管理费用－维护 / 维修,5032010000物业管理费-工业用,2241030028 其他应付款-内部短期款项,,,,,海外新增,,正常,,
,采购至应付,差旅、费用报销,,,005005,住宿管理费用－水费,5036000000水费,2241030029 其他应付款-内部短期款项,,,,,海外新增,,正常,,
,采购至应付,差旅、费用报销,,,005006,其他租赁费用,5044010000租赁费-房屋租赁费,2241030030 其他应付款-内部短期款项,,,,,海外新增,,正常,,
,采购至应付,差旅、费用报销,,,006001,网络 / 在线费用,5027020000信息系统维护费-专用网络租用费,2241030031 其他应付款-内部短期款项,,,,,海外新增,,正常,,
,采购至应付,差旅、费用报销,,,006002,手机费用,5023030100办公费-通讯费-电话费,2241030032 其他应付款-内部短期款项,,,,,海外新增,,正常,,
,采购至应付,差旅、费用报销,,,006003,电话 / 传真费用,5023030100办公费-通讯费-电话费,2241030033 其他应付款-内部短期款项,,,,,海外新增,,正常,,
,采购至应付,差旅、费用报销,,,007001,加班餐补,5010120000员工费用-福利费,2241030034 其他应付款-内部短期款项,,,,,海外新增,,正常,,
,采购至应付,差旅、费用报销,,,008001,专业咨询及顾问费用,5026060100咨询审计费-咨询费-专家咨询费,2241030035 其他应付款-内部短期款项,,,,,海外新增,,正常,,
,采购至应付,差旅、费用报销,,,008002,专业会员订阅费,5010120000员工费用-福利费,2241030036 其他应付款-内部短期款项,,,,,海外新增,,正常,,
,采购至应付,差旅、费用报销,,,008003,研讨会 / 培训 / 课程费用,5010070000员工费用-职工教育经费,2241030037 其他应付款-内部短期款项,,,,,海外新增,,正常,,
,采购至应付,差旅、费用报销,,,009001,日常工作餐,5098000000其他费用,2241030038 其他应付款-内部短期款项,,,,,海外新增,,正常,,
,采购至应付,差旅、费用报销,,,009002,公司 / UMPI 年度晚宴,5098000000其他费用,2241030039 其他应付款-内部短期款项,,,,,海外新增,,正常,,
,采购至应付,差旅、费用报销,,,009003,公司活动－体育 / 节日,5098000000其他费用,2241030040 其他应付款-内部短期款项,,,,,海外新增,,正常,,
,采购至应付,差旅、费用报销,,,009004,公司订阅费用,5047140000团体会费,2241030041 其他应付款-内部短期款项,,,,,海外新增,,正常,,
,采购至应付,差旅、费用报销,,,009005,员工福利,5010120000员工费用-福利费,2241030042 其他应付款-内部短期款项,,,,,海外新增,,正常,,
,采购至应付,差旅、费用报销,,,009006,客户礼篮 / 鲜花 / 花圈,5098000000其他费用,2241030043 其他应付款-内部短期款项,,,,,海外新增,,正常,,
,采购至应付,差旅、费用报销,,,009007,通行证 / HSSE 用品 / 其他物资,5098000000其他费用,2241030044 其他应付款-内部短期款项,,,,,海外新增,,正常,,
,采购至应付,差旅、费用报销,,,009008,实验室耗材 / 劳务及服务,5098000000其他费用,2241030045 其他应付款-内部短期款项,,,,,海外新增,,正常,,
,采购至应付,差旅、费用报销,,,009009,低值资产,5005030000低值易耗品摊销,2241030046 其他应付款-内部短期款项,,,,,海外新增,,正常,,
,采购至应付,差旅、费用报销,,,009010,其他管理费用,5098000000其他费用,2241030047 其他应付款-内部短期款项,,,,,海外新增,,正常,,
,采购至应付,差旅、费用报销,,,009011,管理费用－服务站,6402000000其他业务成本,2241030048 其他应付款-内部短期款项,,,,,海外新增,,正常,,
,采购至应付,差旅、费用报销,,,009012,市场营销－广告费用,5025010000广告费-报刊杂志广告支出,2241030049 其他应付款-内部短期款项,,,,,海外新增,,正常,,
,采购至应付,差旅、费用报销,,,009013,市场营销－促销费用,5024010000公司宣传费-促销费,2241030050 其他应付款-内部短期款项,,,,,海外新增,,正常,,
,采购至应付,差旅、费用报销,,,009014,招聘费用,5047390000招聘费,2241030051 其他应付款-内部短期款项,,,,,海外新增,,正常,,
,采购至应付,差旅、费用报销,,,009015,员工退休奖励,5010120000员工费用-福利费,2241030052 其他应付款-内部短期款项,,,,,海外新增,,正常,,
,采购至应付,差旅、费用报销,,,009016,团队建设基金,5010120000员工费用-福利费,2241030053 其他应付款-内部短期款项,,,,,海外新增,,正常,,
,采购至应付,差旅、费用报销,,,009017,终端及服务站－牌照费用,5047530000经营证照审验费,2241030054 其他应付款-内部短期款项,,,,,海外新增,,正常,,